operator,shape_tag,baseline,latency_us,latency_min_us,tflops,ratio_vs_baseline,status,reason,retryable,allclose,max_abs_diff,mean_abs_diff,rtol,atol,correctness_status,correctness_reason,memory_bytes_required,memory_bytes_budget,memory_ratio,memory_policy,perf_target,perf_actual,perf_pass,perf_gap
add,micro-tiny,cuBLAS/cuDNN,87.4,8.2,,1.1888,ok,,false,true,0,0,0.001,0.001,ok,,,,,,1.0,1.1888,true,0.1888
add,micro-tiny,PyTorch-eager,103.9,69.6,,1.0000,ok,,false,true,0,0,0.001,0.001,ok,,,,,,1.0,1.0000,true,0.0000
add,micro-tiny,Arke,97.0,104.4,,1.0711,ok,,false,true,0,0,0.001,0.001,ok,,,,,,1.0,1.0711,true,0.0711
add,micro-tiny,FlagGems,90.9,112.6,,1.1430,ok,,false,true,0,0,0.001,0.001,ok,,,,,,1.0,1.1430,true,0.1430
add,micro-small,cuBLAS/cuDNN,85.8,101.4,,1.0105,ok,,false,true,0,0,0.001,0.001,ok,,,,,,1.0,1.0105,true,0.0105
add,micro-small,PyTorch-eager,86.7,99.3,,1.0000,ok,,false,true,0,0,0.001,0.001,ok,,,,,,1.0,1.0000,true,0.0000
add,micro-small,Arke,90.2,100.4,,0.9612,ok,,false,true,0,0,0.001,0.001,ok,,,,,,1.0,0.9612,false,-0.0388
add,micro-small,FlagGems,82.3,104.4,,1.0535,ok,,false,true,0,0,0.001,0.001,ok,,,,,,1.0,1.0535,true,0.0535
add,gpt2-hidden,cuBLAS/cuDNN,87.9,14.3,,0.9761,ok,,false,true,0,0,0.001,0.001,ok,,,,,,1.0,0.9761,false,-0.0239
add,gpt2-hidden,PyTorch-eager,85.8,13.3,,1.0000,ok,,false,true,0,0,0.001,0.001,ok,,,,,,1.0,1.0000,true,0.0000
add,gpt2-hidden,Arke,92.1,14.3,,0.9316,ok,,false,true,0,0,0.001,0.001,ok,,,,,,1.0,0.9316,false,-0.0684
add,gpt2-hidden,FlagGems,87.2,109.5,,0.9839,ok,,false,true,0,0,0.001,0.001,ok,,,,,,1.0,0.9839,false,-0.0161
add,gpt2-ffn,cuBLAS/cuDNN,87.7,22.5,,1.0034,ok,,false,true,0,0,0.001,0.001,ok,,,,,,1.0,1.0034,true,0.0034
add,gpt2-ffn,PyTorch-eager,88.0,22.5,,1.0000,ok,,false,true,0,0,0.001,0.001,ok,,,,,,1.0,1.0000,true,0.0000
add,gpt2-ffn,Arke,90.8,11.3,,0.9692,ok,,false,true,0,0,0.001,0.001,ok,,,,,,1.0,0.9692,false,-0.0308
add,gpt2-ffn,FlagGems,86.8,7.2,,1.0138,ok,,false,true,0,0,0.001,0.001,ok,,,,,,1.0,1.0138,true,0.0138
add,square-1k,cuBLAS/cuDNN,90.5,102.4,,0.9238,ok,,false,true,0,0,0.001,0.001,ok,,,,,,1.0,0.9238,false,-0.0762
add,square-1k,PyTorch-eager,83.6,23.6,,1.0000,ok,,false,true,0,0,0.001,0.001,ok,,,,,,1.0,1.0000,true,0.0000
add,square-1k,Arke,110.2,23.6,,0.7586,ok,,false,true,0,0,0.001,0.001,ok,,,,,,1.0,0.7586,false,-0.2414
add,square-1k,FlagGems,91.5,105.5,,0.9137,ok,,false,true,0,0,0.001,0.001,ok,,,,,,1.0,0.9137,false,-0.0863
argmax,small,PyTorch-eager,52.8,7.2,,1.0000,ok,,false,true,0,0,0.001,0.001,ok,,,,,,1.0,1.0000,true,0.0000
argmax,small,Arke,61.1,8.9,,0.8642,ok,,false,true,0,0,0.001,0.001,ok,,,,,,1.0,0.8642,false,-0.1358
argmax,medium,PyTorch-eager,70.3,66.8,,1.0000,ok,,false,true,0,0,0.001,0.001,ok,,,,,,1.0,1.0000,true,0.0000
argmax,medium,Arke,57.7,66.8,,1.2184,ok,,false,true,0,0,0.001,0.001,ok,,,,,,1.0,1.2184,true,0.2184
argmax,large,PyTorch-eager,67.6,76.8,,1.0000,ok,,false,true,0,0,0.001,0.001,ok,,,,,,1.0,1.0000,true,0.0000
argmax,large,Arke,61.8,31.7,,1.0939,ok,,false,true,0,0,0.001,0.001,ok,,,,,,1.0,1.0939,true,0.0939
argmax,wide,PyTorch-eager,51.2,13.3,,1.0000,ok,,false,true,0,0,0.001,0.001,ok,,,,,,1.0,1.0000,true,0.0000
argmax,wide,Arke,112.2,18.4,,0.4563,ok,,false,true,0,0,0.001,0.001,ok,,,,,,1.0,0.4563,false,-0.5437
argmax,llama3-wide,PyTorch-eager,58.3,30.7,,1.0000,ok,,false,true,0,0,0.001,0.001,ok,,,,,,1.0,1.0000,true,0.0000
argmax,llama3-wide,Arke,59.7,77.8,,0.9765,ok,,false,true,0,0,0.001,0.001,ok,,,,,,1.0,0.9765,false,-0.0235
argmax,qwen25-wide,PyTorch-eager,63.1,75.8,,1.0000,ok,,false,true,0,0,0.001,0.001,ok,,,,,,1.0,1.0000,true,0.0000
argmax,qwen25-wide,Arke,60.0,78.8,,1.0517,ok,,false,true,0,0,0.001,0.001,ok,,,,,,1.0,1.0517,true,0.0517
argmax,non-align-1,PyTorch-eager,47.7,5.1,,1.0000,ok,,false,true,0,0,0.001,0.001,ok,,,,,,1.0,1.0000,true,0.0000
argmax,non-align-1,Arke,118.8,124.9,,0.4015,ok,,false,true,0,0,0.001,0.001,ok,,,,,,1.0,0.4015,false,-0.5985
argmax,non-align-2,PyTorch-eager,103.4,14.3,,1.0000,ok,,false,true,0,0,0.001,0.001,ok,,,,,,1.0,1.0000,true,0.0000
argmax,non-align-2,Arke,115.3,126.0,,0.8968,ok,,false,true,0,0,0.001,0.001,ok,,,,,,1.0,0.8968,false,-0.1032
argmax,non-align-3,PyTorch-eager,200.4,150.5,,1.0000,ok,,false,true,0,0,0.001,0.001,ok,,,,,,1.0,1.0000,true,0.0000
argmax,non-align-3,Arke,181.8,217.1,,1.1023,ok,,false,true,0,0,0.001,0.001,ok,,,,,,1.0,1.1023,true,0.1023
argmax,extreme-tall,PyTorch-eager,248.1,206.8,,1.0000,ok,,false,true,0,0,0.001,0.001,ok,,,,,,1.0,1.0000,true,0.0000
argmax,extreme-tall,Arke,251.2,204.8,,0.9877,ok,,false,true,0,0,0.001,0.001,ok,,,,,,1.0,0.9877,false,-0.0123
argmax,extreme-flat,PyTorch-eager,232.4,225.3,,1.0000,ok,,false,true,0,0,0.001,0.001,ok,,,,,,1.0,1.0000,true,0.0000
argmax,extreme-flat,Arke,245.4,313.3,,0.9470,ok,,false,true,0,0,0.001,0.001,ok,,,,,,1.0,0.9470,false,-0.0530
batch_matmul,gpt2-attn-128,cuBLAS/cuDNN,22.0,23.4,0.006,0.9773,ok,,false,true,0,0,0.01,0.01,ok,,409600,3542771302,0.0001,dense_matmul,1.0,0.9773,false,-0.0227
batch_matmul,gpt2-attn-128,PyTorch-eager,21.5,10.2,0.006,1.0000,ok,,false,true,0,0,0.01,0.01,ok,,409600,3542771302,0.0001,dense_matmul,1.0,1.0000,true,0.0000
batch_matmul,gpt2-attn-128,Arke,39.4,34.8,0.003,0.5457,ok,,false,true,0,0,0.01,0.01,ok,,409600,3542771302,0.0001,dense_matmul,1.0,0.5457,false,-0.4543
batch_matmul,gpt2-attn-128,FlagGems,75.4,75.6,0.002,0.2851,ok,,false,,,,0.01,0.01,unsupported,runner FlagGems does not implement run_with_inputs for batch_matmul,409600,3542771302,0.0001,dense_matmul,1.0,0.2851,false,-0.7149
batch_matmul,gpt2-attn-512,cuBLAS/cuDNN,59.9,66.6,0.013,1.2053,ok,,false,true,0,0,0.01,0.01,ok,,7143424,3542771302,0.0020,dense_matmul,1.0,1.2053,true,0.2053
batch_matmul,gpt2-attn-512,PyTorch-eager,72.2,80.8,0.011,1.0000,ok,,false,true,0,0,0.01,0.01,ok,,7143424,3542771302,0.0020,dense_matmul,1.0,1.0000,true,0.0000
batch_matmul,gpt2-attn-512,Arke,153.0,142.3,0.005,0.4719,ok,,false,true,0,0,0.01,0.01,ok,,7143424,3542771302,0.0020,dense_matmul,1.0,0.4719,false,-0.5281
batch_matmul,gpt2-attn-512,FlagGems,83.5,79.9,0.009,0.8647,ok,,false,,,,0.01,0.01,unsupported,runner FlagGems does not implement run_with_inputs for batch_matmul,7143424,3542771302,0.0020,dense_matmul,1.0,0.8647,false,-0.1353
batch_matmul,llama-attn-512,cuBLAS/cuDNN,128.5,130.0,0.033,0.3300,ok,,false,true,0,0,0.01,0.01,ok,,21102592,3542771302,0.0060,dense_matmul,1.0,0.3300,false,-0.6700
batch_matmul,llama-attn-512,PyTorch-eager,42.4,35.8,0.099,1.0000,ok,,false,true,0,0,0.01,0.01,ok,,21102592,3542771302,0.0060,dense_matmul,1.0,1.0000,true,0.0000
batch_matmul,llama-attn-512,Arke,263.2,266.1,0.016,0.1611,ok,,false,true,0,0,0.01,0.01,ok,,21102592,3542771302,0.0060,dense_matmul,1.0,0.1611,false,-0.8389
batch_matmul,llama-attn-512,FlagGems,127.5,142.4,0.033,0.3325,ok,,false,,,,0.01,0.01,unsupported,runner FlagGems does not implement run_with_inputs for batch_matmul,21102592,3542771302,0.0060,dense_matmul,1.0,0.3325,false,-0.6675
batch_matmul,llama-attn-2k,cuBLAS/cuDNN,1819.1,1805.3,0.009,0.0678,ok,,false,true,0,0,0.01,0.01,ok,,285736960,3542771302,0.0807,dense_matmul,1.0,0.0678,false,-0.9322
batch_matmul,llama-attn-2k,PyTorch-eager,123.4,120.8,0.136,1.0000,ok,,false,true,0,0,0.01,0.01,ok,,285736960,3542771302,0.0807,dense_matmul,1.0,1.0000,true,0.0000
batch_matmul,llama-attn-2k,Arke,3466.7,3452.9,0.005,0.0356,ok,,false,true,0,0,0.01,0.01,ok,,285736960,3542771302,0.0807,dense_matmul,1.0,0.0356,false,-0.9644
batch_matmul,llama-attn-2k,FlagGems,1407.5,1406.0,0.012,0.0877,ok,,false,,,,0.01,0.01,unsupported,runner FlagGems does not implement run_with_inputs for batch_matmul,285736960,3542771302,0.0807,dense_matmul,1.0,0.0877,false,-0.9123
batch_matmul,batched-8,cuBLAS/cuDNN,24.1,9.2,0.003,1.3361,ok,,false,true,0,0,0.01,0.01,ok,,139264,3542771302,0.0000,dense_matmul,1.0,1.3361,true,0.3361
batch_matmul,batched-8,PyTorch-eager,32.2,11.3,0.002,1.0000,ok,,false,true,0,0,0.01,0.01,ok,,139264,3542771302,0.0000,dense_matmul,1.0,1.0000,true,0.0000
batch_matmul,batched-8,Arke,38.9,35.8,0.002,0.8278,ok,,false,true,0,0,0.01,0.01,ok,,139264,3542771302,0.0000,dense_matmul,1.0,0.8278,false,-0.1722
batch_matmul,batched-8,FlagGems,63.6,73.7,0.001,0.5063,ok,,false,,,,0.01,0.01,unsupported,runner FlagGems does not implement run_with_inputs for batch_matmul,139264,3542771302,0.0000,dense_matmul,1.0,0.5063,false,-0.4937
batch_matmul,batched-32,cuBLAS/cuDNN,32.8,33.8,0.032,0.8872,ok,,false,true,0,0,0.01,0.01,ok,,2129920,3542771302,0.0006,dense_matmul,1.0,0.8872,false,-0.1128
batch_matmul,batched-32,PyTorch-eager,29.1,11.3,0.036,1.0000,ok,,false,true,0,0,0.01,0.01,ok,,2129920,3542771302,0.0006,dense_matmul,1.0,1.0000,true,0.0000
batch_matmul,batched-32,Arke,35.3,44.0,0.030,0.8244,ok,,false,true,0,0,0.01,0.01,ok,,2129920,3542771302,0.0006,dense_matmul,1.0,0.8244,false,-0.1756
batch_matmul,batched-32,FlagGems,67.0,69.6,0.016,0.4343,ok,,false,,,,0.01,0.01,unsupported,runner FlagGems does not implement run_with_inputs for batch_matmul,2129920,3542771302,0.0006,dense_matmul,1.0,0.4343,false,-0.5657
batch_matmul,non-align-1,cuBLAS/cuDNN,29.2,25.6,0.004,0.7568,ok,,false,true,0,0,0.01,0.01,ok,,361702,3542771302,0.0001,dense_matmul,1.0,0.7568,false,-0.2432
batch_matmul,non-align-1,PyTorch-eager,22.1,29.7,0.005,1.0000,ok,,false,true,0,0,0.01,0.01,ok,,361702,3542771302,0.0001,dense_matmul,1.0,1.0000,true,0.0000
batch_matmul,non-align-1,Arke,39.4,48.0,0.003,0.5609,ok,,false,true,0,0,0.01,0.01,ok,,361702,3542771302,0.0001,dense_matmul,1.0,0.5609,false,-0.4391
batch_matmul,non-align-1,FlagGems,152.1,129.9,0.001,0.1453,ok,,false,,,,0.01,0.01,unsupported,runner FlagGems does not implement run_with_inputs for batch_matmul,361702,3542771302,0.0001,dense_matmul,1.0,0.1453,false,-0.8547
batch_matmul,non-align-2,cuBLAS/cuDNN,120.3,119.8,0.017,0.3408,ok,,false,true,0,0,0.01,0.01,ok,,10012734,3542771302,0.0028,dense_matmul,1.0,0.3408,false,-0.6592
batch_matmul,non-align-2,PyTorch-eager,41.0,42.0,0.048,1.0000,ok,,false,true,0,0,0.01,0.01,ok,,10012734,3542771302,0.0028,dense_matmul,1.0,1.0000,true,0.0000
batch_matmul,non-align-2,Arke,289.8,283.6,0.007,0.1415,ok,,false,true,0,0,0.01,0.01,ok,,10012734,3542771302,0.0028,dense_matmul,1.0,0.1415,false,-0.8585
batch_matmul,non-align-2,FlagGems,158.2,161.8,0.013,0.2592,ok,,false,,,,0.01,0.01,unsupported,runner FlagGems does not implement run_with_inputs for batch_matmul,10012734,3542771302,0.0028,dense_matmul,1.0,0.2592,false,-0.7408
batch_matmul,extreme-bsz,cuBLAS/cuDNN,23.6,18.4,0.011,1.3898,ok,,false,true,0,0,0.01,0.01,ok,,397312,3542771302,0.0001,dense_matmul,1.0,1.3898,true,0.3898
batch_matmul,extreme-bsz,PyTorch-eager,32.8,23.2,0.008,1.0000,ok,,false,true,0,0,0.01,0.01,ok,,397312,3542771302,0.0001,dense_matmul,1.0,1.0000,true,0.0000
batch_matmul,extreme-bsz,Arke,33.8,29.7,0.008,0.9704,ok,,false,true,0,0,0.01,0.01,ok,,397312,3542771302,0.0001,dense_matmul,1.0,0.9704,false,-0.0296
batch_matmul,extreme-bsz,FlagGems,88.5,82.9,0.003,0.3706,ok,,false,,,,0.01,0.01,unsupported,runner FlagGems does not implement run_with_inputs for batch_matmul,397312,3542771302,0.0001,dense_matmul,1.0,0.3706,false,-0.6294
cast,micro-tiny,PyTorch-eager,110.9,111.6,,1.0000,ok,,false,true,0,0,0.001,0.001,ok,,,,,,1.0,1.0000,true,0.0000
cast,micro-tiny,Arke,5.5,5.0,,20.1636,ok,,false,true,0,0,0.001,0.001,ok,,,,,,1.0,20.1636,true,19.1636
cast,micro-tiny,FlagGems,94.9,101.4,,1.1686,ok,,false,,,,0.001,0.001,unsupported,runner FlagGems does not implement run_with_inputs for cast,,,,,1.0,1.1686,true,0.1686
cast,micro-small,PyTorch-eager,91.5,107.5,,1.0000,ok,,false,true,0,0,0.001,0.001,ok,,,,,,1.0,1.0000,true,0.0000
cast,micro-small,Arke,6.5,3.2,,14.0769,ok,,false,true,0,0,0.001,0.001,ok,,,,,,1.0,14.0769,true,13.0769
cast,micro-small,FlagGems,95.5,104.7,,0.9581,ok,,false,,,,0.001,0.001,unsupported,runner FlagGems does not implement run_with_inputs for cast,,,,,1.0,0.9581,false,-0.0419
cast,gpt2-hidden,PyTorch-eager,87.4,105.3,,1.0000,ok,,false,true,0,0,0.001,0.001,ok,,,,,,1.0,1.0000,true,0.0000
cast,gpt2-hidden,Arke,6.8,5.2,,12.8529,ok,,false,true,0,0,0.001,0.001,ok,,,,,,1.0,12.8529,true,11.8529
cast,gpt2-hidden,FlagGems,91.1,100.4,,0.9594,ok,,false,,,,0.001,0.001,unsupported,runner FlagGems does not implement run_with_inputs for cast,,,,,1.0,0.9594,false,-0.0406
cast,gpt2-ffn,PyTorch-eager,88.1,104.1,,1.0000,ok,,false,true,0,0,0.001,0.001,ok,,,,,,1.0,1.0000,true,0.0000
cast,gpt2-ffn,Arke,4.8,4.1,,18.3542,ok,,false,true,0,0,0.001,0.001,ok,,,,,,1.0,18.3542,true,17.3542
cast,gpt2-ffn,FlagGems,85.0,67.5,,1.0365,ok,,false,,,,0.001,0.001,unsupported,runner FlagGems does not implement run_with_inputs for cast,,,,,1.0,1.0365,true,0.0365
cast,square-1k,PyTorch-eager,98.9,111.6,,1.0000,ok,,false,true,0,0,0.001,0.001,ok,,,,,,1.0,1.0000,true,0.0000
cast,square-1k,Arke,5.8,11.4,,17.0517,ok,,false,true,0,0,0.001,0.001,ok,,,,,,1.0,17.0517,true,16.0517
cast,square-1k,FlagGems,93.5,104.6,,1.0578,ok,,false,,,,0.001,0.001,unsupported,runner FlagGems does not implement run_with_inputs for cast,,,,,1.0,1.0578,true,0.0578
cast,llama-ffn,PyTorch-eager,139.9,193.5,,1.0000,ok,,false,true,0,0,0.001,0.001,ok,,,,,,1.0,1.0000,true,0.0000
cast,llama-ffn,Arke,5.5,4.2,,25.4364,ok,,false,true,0,0,0.001,0.001,ok,,,,,,1.0,25.4364,true,24.4364
cast,llama-ffn,FlagGems,137.9,181.2,,1.0145,ok,,false,,,,0.001,0.001,unsupported,runner FlagGems does not implement run_with_inputs for cast,,,,,1.0,1.0145,true,0.0145
cast,llama-hidden,PyTorch-eager,101.0,119.8,,1.0000,ok,,false,true,0,0,0.001,0.001,ok,,,,,,1.0,1.0000,true,0.0000
cast,llama-hidden,Arke,6.1,12.5,,16.5574,ok,,false,true,0,0,0.001,0.001,ok,,,,,,1.0,16.5574,true,15.5574
cast,llama-hidden,FlagGems,94.2,118.7,,1.0722,ok,,false,,,,0.001,0.001,unsupported,runner FlagGems does not implement run_with_inputs for cast,,,,,1.0,1.0722,true,0.0722
cast,llama-long,PyTorch-eager,347.1,357.4,,1.0000,ok,,false,true,0,0,0.001,0.001,ok,,,,,,1.0,1.0000,true,0.0000
cast,llama-long,Arke,6.1,14.1,,56.9016,ok,,false,true,0,0,0.001,0.001,ok,,,,,,1.0,56.9016,true,55.9016
cast,llama-long,FlagGems,343.0,334.8,,1.0120,ok,,false,,,,0.001,0.001,unsupported,runner FlagGems does not implement run_with_inputs for cast,,,,,1.0,1.0120,true,0.0120
cast,ds-ffn,PyTorch-eager,151.9,203.8,,1.0000,ok,,false,true,0,0,0.001,0.001,ok,,,,,,1.0,1.0000,true,0.0000
cast,ds-ffn,Arke,5.8,5.1,,26.1897,ok,,false,true,0,0,0.001,0.001,ok,,,,,,1.0,26.1897,true,25.1897
cast,ds-ffn,FlagGems,151.5,122.9,,1.0026,ok,,false,,,,0.001,0.001,unsupported,runner FlagGems does not implement run_with_inputs for cast,,,,,1.0,1.0026,true,0.0026
cast,ds-ffn-large,PyTorch-eager,214.4,241.7,,1.0000,ok,,false,true,0,0,0.001,0.001,ok,,,,,,1.0,1.0000,true,0.0000
cast,ds-ffn-large,Arke,14.7,9.2,,14.5850,ok,,false,true,0,0,0.001,0.001,ok,,,,,,1.0,14.5850,true,13.5850
cast,ds-ffn-large,FlagGems,201.7,237.3,,1.0630,ok,,false,,,,0.001,0.001,unsupported,runner FlagGems does not implement run_with_inputs for cast,,,,,1.0,1.0630,true,0.0630
cast,qwen-ffn,PyTorch-eager,242.7,314.3,,1.0000,ok,,false,true,0,0,0.001,0.001,ok,,,,,,1.0,1.0000,true,0.0000
cast,qwen-ffn,Arke,3.4,10.2,,71.3824,ok,,false,true,0,0,0.001,0.001,ok,,,,,,1.0,71.3824,true,70.3824
cast,qwen-ffn,FlagGems,221.1,221.2,,1.0977,ok,,false,,,,0.001,0.001,unsupported,runner FlagGems does not implement run_with_inputs for cast,,,,,1.0,1.0977,true,0.0977
cast,xlarge,PyTorch-eager,672.1,639.8,,1.0000,ok,,false,true,0,0,0.001,0.001,ok,,,,,,1.0,1.0000,true,0.0000
cast,xlarge,Arke,17.4,10.1,,38.6264,ok,,false,true,0,0,0.001,0.001,ok,,,,,,1.0,38.6264,true,37.6264
cast,xlarge,FlagGems,657.1,640.0,,1.0228,ok,,false,,,,0.001,0.001,unsupported,runner FlagGems does not implement run_with_inputs for cast,,,,,1.0,1.0228,true,0.0228
cast,non-align-1,PyTorch-eager,90.5,105.5,,1.0000,ok,,false,true,0,0,0.001,0.001,ok,,,,,,1.0,1.0000,true,0.0000
cast,non-align-1,Arke,6.1,4.8,,14.8361,ok,,false,true,0,0,0.001,0.001,ok,,,,,,1.0,14.8361,true,13.8361
cast,non-align-1,FlagGems,94.1,59.4,,0.9617,ok,,false,,,,0.001,0.001,unsupported,runner FlagGems does not implement run_with_inputs for cast,,,,,1.0,0.9617,false,-0.0383
cast,non-align-2,PyTorch-eager,117.4,133.1,,1.0000,ok,,false,true,0,0,0.001,0.001,ok,,,,,,1.0,1.0000,true,0.0000
cast,non-align-2,Arke,5.9,13.6,,19.8983,ok,,false,true,0,0,0.001,0.001,ok,,,,,,1.0,19.8983,true,18.8983
cast,non-align-2,FlagGems,94.5,138.2,,1.2423,ok,,false,,,,0.001,0.001,unsupported,runner FlagGems does not implement run_with_inputs for cast,,,,,1.0,1.2423,true,0.2423
cast,non-align-3,PyTorch-eager,191.8,219.1,,1.0000,ok,,false,true,0,0,0.001,0.001,ok,,,,,,1.0,1.0000,true,0.0000
cast,non-align-3,Arke,6.1,16.4,,31.4426,ok,,false,true,0,0,0.001,0.001,ok,,,,,,1.0,31.4426,true,30.4426
cast,non-align-3,FlagGems,189.8,234.5,,1.0105,ok,,false,,,,0.001,0.001,unsupported,runner FlagGems does not implement run_with_inputs for cast,,,,,1.0,1.0105,true,0.0105
cast,non-align-4,PyTorch-eager,105.5,152.6,,1.0000,ok,,false,true,0,0,0.001,0.001,ok,,,,,,1.0,1.0000,true,0.0000
cast,non-align-4,Arke,9.3,4.1,,11.3441,ok,,false,true,0,0,0.001,0.001,ok,,,,,,1.0,11.3441,true,10.3441
cast,non-align-4,FlagGems,102.1,144.4,,1.0333,ok,,false,,,,0.001,0.001,unsupported,runner FlagGems does not implement run_with_inputs for cast,,,,,1.0,1.0333,true,0.0333
cast,non-align-5,PyTorch-eager,91.5,102.8,,1.0000,ok,,false,true,0,0,0.001,0.001,ok,,,,,,1.0,1.0000,true,0.0000
cast,non-align-5,Arke,7.4,9.2,,12.3649,ok,,false,true,0,0,0.001,0.001,ok,,,,,,1.0,12.3649,true,11.3649
cast,non-align-5,FlagGems,86.7,102.4,,1.0554,ok,,false,,,,0.001,0.001,unsupported,runner FlagGems does not implement run_with_inputs for cast,,,,,1.0,1.0554,true,0.0554
cast,extreme-flat,PyTorch-eager,95.6,134.0,,1.0000,ok,,false,true,0,0,0.001,0.001,ok,,,,,,1.0,1.0000,true,0.0000
cast,extreme-flat,Arke,5.5,3.2,,17.3818,ok,,false,true,0,0,0.001,0.001,ok,,,,,,1.0,17.3818,true,16.3818
cast,extreme-flat,FlagGems,96.0,108.5,,0.9958,ok,,false,,,,0.001,0.001,unsupported,runner FlagGems does not implement run_with_inputs for cast,,,,,1.0,0.9958,false,-0.0042
cast,extreme-tall,PyTorch-eager,92.2,69.6,,1.0000,ok,,false,true,0,0,0.001,0.001,ok,,,,,,1.0,1.0000,true,0.0000
cast,extreme-tall,Arke,7.5,8.2,,12.2933,ok,,false,true,0,0,0.001,0.001,ok,,,,,,1.0,12.2933,true,11.2933
cast,extreme-tall,FlagGems,89.1,103.4,,1.0348,ok,,false,,,,0.001,0.001,unsupported,runner FlagGems does not implement run_with_inputs for cast,,,,,1.0,1.0348,true,0.0348
cast,extreme-wide,PyTorch-eager,119.1,167.9,,1.0000,ok,,false,true,0,0,0.001,0.001,ok,,,,,,1.0,1.0000,true,0.0000
cast,extreme-wide,Arke,8.6,4.1,,13.8488,ok,,false,true,0,0,0.001,0.001,ok,,,,,,1.0,13.8488,true,12.8488
cast,extreme-wide,FlagGems,113.6,154.6,,1.0484,ok,,false,,,,0.001,0.001,unsupported,runner FlagGems does not implement run_with_inputs for cast,,,,,1.0,1.0484,true,0.0484
concat,non-align-1,PyTorch-eager,0.7,2.2,,1.0000,ok,,false,true,0,0,0.001,0.001,ok,,,,,,1.0,1.0000,true,0.0000
concat,non-align-1,Arke,21.5,54.0,,0.0326,ok,,false,true,0,0,0.001,0.001,ok,,,,,,1.0,0.0326,false,-0.9674
concat,non-align-2,PyTorch-eager,16.9,8.6,,1.0000,ok,,false,true,0,0,0.001,0.001,ok,,,,,,1.0,1.0000,true,0.0000
concat,non-align-2,Arke,21.7,51.9,,0.7788,ok,,false,true,0,0,0.001,0.001,ok,,,,,,1.0,0.7788,false,-0.2212
copy_,micro-tiny,PyTorch-eager,96.6,98.4,,1.0000,ok,,false,true,0,0,0.001,0.001,ok,,,,,,1.0,1.0000,true,0.0000
copy_,micro-tiny,Arke,98.0,102.4,,0.9857,ok,,false,true,0,0,0.001,0.001,ok,,,,,,1.0,0.9857,false,-0.0143
copy_,micro-small,PyTorch-eager,88.7,68.8,,1.0000,ok,,false,true,0,0,0.001,0.001,ok,,,,,,1.0,1.0000,true,0.0000
copy_,micro-small,Arke,87.4,102.4,,1.0149,ok,,false,true,0,0,0.001,0.001,ok,,,,,,1.0,1.0149,true,0.0149
copy_,gpt2-hidden,PyTorch-eager,103.8,99.3,,1.0000,ok,,false,true,0,0,0.001,0.001,ok,,,,,,1.0,1.0000,true,0.0000
copy_,gpt2-hidden,Arke,85.7,103.4,,1.2112,ok,,false,true,0,0,0.001,0.001,ok,,,,,,1.0,1.2112,true,0.2112
copy_,gpt2-ffn,PyTorch-eager,82.6,31.5,,1.0000,ok,,false,true,0,0,0.001,0.001,ok,,,,,,1.0,1.0000,true,0.0000
copy_,gpt2-ffn,Arke,83.7,99.4,,0.9869,ok,,false,true,0,0,0.001,0.001,ok,,,,,,1.0,0.9869,false,-0.0131
copy_,square-1k,PyTorch-eager,80.6,97.4,,1.0000,ok,,false,true,0,0,0.001,0.001,ok,,,,,,1.0,1.0000,true,0.0000
copy_,square-1k,Arke,85.3,80.9,,0.9449,ok,,false,true,0,0,0.001,0.001,ok,,,,,,1.0,0.9449,false,-0.0551
copy_,llama-ffn,PyTorch-eager,103.7,145.3,,1.0000,ok,,false,true,0,0,0.001,0.001,ok,,,,,,1.0,1.0000,true,0.0000
copy_,llama-ffn,Arke,103.8,150.5,,0.9990,ok,,false,true,0,0,0.001,0.001,ok,,,,,,1.0,0.9990,false,-0.0010
copy_,llama-hidden,PyTorch-eager,84.6,102.4,,1.0000,ok,,false,true,0,0,0.001,0.001,ok,,,,,,1.0,1.0000,true,0.0000
copy_,llama-hidden,Arke,87.0,103.4,,0.9724,ok,,false,true,0,0,0.001,0.001,ok,,,,,,1.0,0.9724,false,-0.0276
copy_,llama-long,PyTorch-eager,263.1,232.4,,1.0000,ok,,false,true,0,0,0.001,0.001,ok,,,,,,1.0,1.0000,true,0.0000
copy_,llama-long,Arke,240.0,260.1,,1.0963,ok,,false,true,0,0,0.001,0.001,ok,,,,,,1.0,1.0963,true,0.0963
copy_,ds-ffn,PyTorch-eager,109.2,139.3,,1.0000,ok,,false,true,0,0,0.001,0.001,ok,,,,,,1.0,1.0000,true,0.0000
copy_,ds-ffn,Arke,110.3,147.2,,0.9900,ok,,false,true,0,0,0.001,0.001,ok,,,,,,1.0,0.9900,false,-0.0100
copy_,ds-ffn-large,PyTorch-eager,151.8,197.6,,1.0000,ok,,false,true,0,0,0.001,0.001,ok,,,,,,1.0,1.0000,true,0.0000
copy_,ds-ffn-large,Arke,150.2,199.7,,1.0107,ok,,false,true,0,0,0.001,0.001,ok,,,,,,1.0,1.0107,true,0.0107
copy_,qwen-ffn,PyTorch-eager,150.5,192.5,,1.0000,ok,,false,true,0,0,0.001,0.001,ok,,,,,,1.0,1.0000,true,0.0000
copy_,qwen-ffn,Arke,152.2,159.7,,0.9888,ok,,false,true,0,0,0.001,0.001,ok,,,,,,1.0,0.9888,false,-0.0112
copy_,xlarge,PyTorch-eager,446.1,435.2,,1.0000,ok,,false,true,0,0,0.001,0.001,ok,,,,,,1.0,1.0000,true,0.0000
copy_,xlarge,Arke,439.0,466.9,,1.0162,ok,,false,true,0,0,0.001,0.001,ok,,,,,,1.0,1.0162,true,0.0162
copy_,non-align-1,PyTorch-eager,93.2,8.2,,1.0000,ok,,false,true,0,0,0.001,0.001,ok,,,,,,1.0,1.0000,true,0.0000
copy_,non-align-1,Arke,94.2,101.4,,0.9894,ok,,false,true,0,0,0.001,0.001,ok,,,,,,1.0,0.9894,false,-0.0106
copy_,non-align-2,PyTorch-eager,75.7,93.2,,1.0000,ok,,false,true,0,0,0.001,0.001,ok,,,,,,1.0,1.0000,true,0.0000
copy_,non-align-2,Arke,113.0,119.8,,0.6699,ok,,false,true,0,0,0.001,0.001,ok,,,,,,1.0,0.6699,false,-0.3301
copy_,non-align-3,PyTorch-eager,136.5,111.6,,1.0000,ok,,false,true,0,0,0.001,0.001,ok,,,,,,1.0,1.0000,true,0.0000
copy_,non-align-3,Arke,140.6,169.0,,0.9708,ok,,false,true,0,0,0.001,0.001,ok,,,,,,1.0,0.9708,false,-0.0292
copy_,non-align-4,PyTorch-eager,100.7,135.2,,1.0000,ok,,false,true,0,0,0.001,0.001,ok,,,,,,1.0,1.0000,true,0.0000
copy_,non-align-4,Arke,96.3,113.7,,1.0457,ok,,false,true,0,0,0.001,0.001,ok,,,,,,1.0,1.0457,true,0.0457
copy_,non-align-5,PyTorch-eager,89.4,91.1,,1.0000,ok,,false,true,0,0,0.001,0.001,ok,,,,,,1.0,1.0000,true,0.0000
copy_,non-align-5,Arke,88.0,64.3,,1.0159,ok,,false,true,0,0,0.001,0.001,ok,,,,,,1.0,1.0159,true,0.0159
copy_,extreme-flat,PyTorch-eager,77.9,79.9,,1.0000,ok,,false,true,0,0,0.001,0.001,ok,,,,,,1.0,1.0000,true,0.0000
copy_,extreme-flat,Arke,80.6,89.0,,0.9665,ok,,false,true,0,0,0.001,0.001,ok,,,,,,1.0,0.9665,false,-0.0335
copy_,extreme-tall,PyTorch-eager,101.0,27.6,,1.0000,ok,,false,true,0,0,0.001,0.001,ok,,,,,,1.0,1.0000,true,0.0000
copy_,extreme-tall,Arke,88.7,66.7,,1.1387,ok,,false,true,0,0,0.001,0.001,ok,,,,,,1.0,1.1387,true,0.1387
copy_,extreme-wide,PyTorch-eager,99.3,123.9,,1.0000,ok,,false,true,0,0,0.001,0.001,ok,,,,,,1.0,1.0000,true,0.0000
copy_,extreme-wide,Arke,104.8,100.4,,0.9475,ok,,false,true,0,0,0.001,0.001,ok,,,,,,1.0,0.9475,false,-0.0525
cross_attention,tiny,PyTorch-eager,55.3,61.4,,1.0000,ok,,false,true,0,0,0.001,0.001,ok,,,,,,1.0,1.0000,true,0.0000
cross_attention,tiny,Arke,62.5,71.7,,0.8848,ok,,false,true,0,0,0.001,0.001,ok,,,,,,1.0,0.8848,false,-0.1152
cross_attention,whisper-enc-dec,PyTorch-eager,69.6,52.2,,1.0000,ok,,false,true,0,0,0.001,0.001,ok,,,,,,1.0,1.0000,true,0.0000
cross_attention,whisper-enc-dec,Arke,77.3,76.7,,0.9004,ok,,false,true,0,0,0.001,0.001,ok,,,,,,1.0,0.9004,false,-0.0996
cross_entropy,tiny,PyTorch-eager,42.0,11.3,,1.0000,ok,,false,true,0,0,0.01,0.01,ok,,,,,,1.0,1.0000,true,0.0000
cross_entropy,tiny,Arke,41.0,38.9,,1.0244,ok,,false,true,0,0,0.01,0.01,ok,,,,,,1.0,1.0244,true,0.0244
cross_entropy,gpt2-seq128,PyTorch-eager,318.1,318.5,,1.0000,ok,,false,true,0,0,0.01,0.01,ok,,,,,,1.0,1.0000,true,0.0000
cross_entropy,gpt2-seq128,Arke,455.0,455.7,,0.6991,ok,,false,true,0,0,0.01,0.01,ok,,,,,,1.0,0.6991,false,-0.3009
cross_entropy,gpt2-seq512,PyTorch-eager,1217.5,1217.3,,1.0000,ok,,false,true,0,0,0.01,0.01,ok,,,,,,1.0,1.0000,true,0.0000
cross_entropy,gpt2-seq512,Arke,1754.1,1753.0,,0.6941,ok,,false,true,0,0,0.01,0.01,ok,,,,,,1.0,0.6941,false,-0.3059
cross_entropy,llama2-seq512,PyTorch-eager,831.5,832.5,,1.0000,ok,,false,true,0,0,0.01,0.01,ok,,,,,,1.0,1.0000,true,0.0000
cross_entropy,llama2-seq512,Arke,1169.4,1157.1,,0.7110,ok,,false,true,0,0,0.01,0.01,ok,,,,,,1.0,0.7110,false,-0.2890
cross_entropy,llama3-seq512,PyTorch-eager,3283.3,3279.9,,1.0000,ok,,false,true,0,0,0.01,0.01,ok,,,,,,1.0,1.0000,true,0.0000
cross_entropy,llama3-seq512,Arke,4608.7,4581.4,,0.7124,ok,,false,true,0,0,0.01,0.01,ok,,,,,,1.0,0.7124,false,-0.2876
cross_entropy,non-align-1,PyTorch-eager,315.1,314.4,,1.0000,ok,,false,true,0,0,0.01,0.01,ok,,,,,,1.0,1.0000,true,0.0000
cross_entropy,non-align-1,Arke,447.5,446.5,,0.7041,ok,,false,true,0,0,0.01,0.01,ok,,,,,,1.0,0.7041,false,-0.2959
cross_entropy,non-align-2,PyTorch-eager,2142.2,2139.1,,1.0000,ok,,false,true,0,0,0.01,0.01,ok,,,,,,1.0,1.0000,true,0.0000
cross_entropy,non-align-2,Arke,3016.3,2998.3,,0.7102,ok,,false,true,0,0,0.01,0.01,ok,,,,,,1.0,0.7102,false,-0.2898
cumsum,gpt2-row,PyTorch-eager,16.4,21.5,,1.0000,ok,,false,true,0,0,0.001,0.001,ok,,,,,,1.0,1.0000,true,0.0000
cumsum,gpt2-row,Arke,17.1,17.4,,0.9591,ok,,false,true,0,0,0.001,0.001,ok,,,,,,1.0,0.9591,false,-0.0409
cumsum,gpt2-row,FlagGems,57.0,65.5,,0.2877,ok,,false,,,,0.001,0.001,unsupported,runner FlagGems does not implement run_with_inputs for cumsum,,,,,1.0,0.2877,false,-0.7123
cumsum,llama-row,PyTorch-eager,109.2,109.6,,1.0000,ok,,false,true,0,0,0.001,0.001,ok,,,,,,1.0,1.0000,true,0.0000
cumsum,llama-row,Arke,109.6,110.6,,0.9964,ok,,false,true,0,0,0.001,0.001,ok,,,,,,1.0,0.9964,false,-0.0036
cumsum,llama-row,FlagGems,55.0,29.7,,1.9855,ok,,false,,,,0.001,0.001,unsupported,runner FlagGems does not implement run_with_inputs for cumsum,,,,,1.0,1.9855,true,0.9855
cumsum,llama-col,PyTorch-eager,108.9,113.7,,1.0000,ok,,false,true,0,0,0.001,0.001,ok,,,,,,1.0,1.0000,true,0.0000
cumsum,llama-col,Arke,109.6,111.5,,0.9936,ok,,false,true,0,0,0.001,0.001,ok,,,,,,1.0,0.9936,false,-0.0064
cumsum,llama-col,FlagGems,57.0,66.6,,1.9105,ok,,false,,,,0.001,0.001,unsupported,runner FlagGems does not implement run_with_inputs for cumsum,,,,,1.0,1.9105,true,0.9105
cumsum,non-align-1,PyTorch-eager,22.2,23.6,,1.0000,ok,,false,true,0,0,0.001,0.001,ok,,,,,,1.0,1.0000,true,0.0000
cumsum,non-align-1,Arke,22.1,19.5,,1.0045,ok,,false,true,0,0,0.001,0.001,ok,,,,,,1.0,1.0045,true,0.0045
cumsum,non-align-1,FlagGems,48.9,6.1,,0.4540,ok,,false,,,,0.001,0.001,unsupported,runner FlagGems does not implement run_with_inputs for cumsum,,,,,1.0,0.4540,false,-0.5460
cumsum,non-align-2,PyTorch-eager,88.7,89.1,,1.0000,ok,,false,true,0,0,0.001,0.001,ok,,,,,,1.0,1.0000,true,0.0000
cumsum,non-align-2,Arke,88.0,90.0,,1.0080,ok,,false,true,0,0,0.001,0.001,ok,,,,,,1.0,1.0080,true,0.0080
cumsum,non-align-2,FlagGems,48.1,43.0,,1.8441,ok,,false,,,,0.001,0.001,unsupported,runner FlagGems does not implement run_with_inputs for cumsum,,,,,1.0,1.8441,true,0.8441
cumsum,non-align-3,PyTorch-eager,3561.4,3546.0,,1.0000,ok,,false,true,0,0,0.001,0.001,ok,,,,,,1.0,1.0000,true,0.0000
cumsum,non-align-3,Arke,3491.2,3282.9,,1.0201,ok,,false,true,0,0,0.001,0.001,ok,,,,,,1.0,1.0201,true,0.0201
cumsum,non-align-3,FlagGems,2848.7,2766.8,,1.2502,ok,,false,,,,0.001,0.001,unsupported,runner FlagGems does not implement run_with_inputs for cumsum,,,,,1.0,1.2502,true,0.2502
cumsum,extreme-long-row,PyTorch-eager,26.6,25.6,,1.0000,ok,,false,false,4,0.420621,0.001,0.001,mismatch,,,,,,1.0,1.0000,true,0.0000
cumsum,extreme-long-row,Arke,26.3,32.8,,1.0114,ok,,false,false,6,0.511645,0.001,0.001,mismatch,,,,,,1.0,1.0114,true,0.0114
cumsum,extreme-long-row,FlagGems,143.7,134.1,,0.1851,ok,,false,,,,0.001,0.001,unsupported,runner FlagGems does not implement run_with_inputs for cumsum,,,,,1.0,0.1851,false,-0.8149
cumsum,extreme-tall-col,PyTorch-eager,2353.5,2161.5,,1.0000,ok,,false,true,0,0,0.001,0.001,ok,,,,,,1.0,1.0000,true,0.0000
cumsum,extreme-tall-col,Arke,2343.9,2344.8,,1.0041,ok,,false,true,0,0,0.001,0.001,ok,,,,,,1.0,1.0041,true,0.0041
cumsum,extreme-tall-col,FlagGems,130.8,122.9,,17.9931,ok,,false,,,,0.001,0.001,unsupported,runner FlagGems does not implement run_with_inputs for cumsum,,,,,1.0,17.9931,true,16.9931
dequantize_per_channel,tiny-int8,PyTorch-eager,31.8,41.2,,1.0000,ok,,false,true,0,0,0.001,0.001,ok,,,,,,1.0,1.0000,true,0.0000
dequantize_per_channel,tiny-int8,Arke,51.5,63.8,,0.6175,ok,,false,,,,0.001,0.001,unsupported,runner Arke does not implement run_with_inputs for dequantize_per_channel,,,,,1.0,0.6175,false,-0.3825
dequantize_per_channel,gpt2-int8,PyTorch-eager,42.0,19.5,,1.0000,ok,,false,true,0,0,0.001,0.001,ok,,,,,,1.0,1.0000,true,0.0000
dequantize_per_channel,gpt2-int8,Arke,85.3,62.5,,0.4924,ok,,false,,,,0.001,0.001,unsupported,runner Arke does not implement run_with_inputs for dequantize_per_channel,,,,,1.0,0.4924,false,-0.5076
dequantize_per_channel,non-align-1,PyTorch-eager,33.5,42.0,,1.0000,ok,,false,true,0,0,0.001,0.001,ok,,,,,,1.0,1.0000,true,0.0000
dequantize_per_channel,non-align-1,Arke,67.3,71.6,,0.4978,ok,,false,,,,0.001,0.001,unsupported,runner Arke does not implement run_with_inputs for dequantize_per_channel,,,,,1.0,0.4978,false,-0.5022
dequantize_per_channel,non-align-2,PyTorch-eager,45.1,47.8,,1.0000,ok,,false,true,0,0,0.001,0.001,ok,,,,,,1.0,1.0000,true,0.0000
dequantize_per_channel,non-align-2,Arke,110.9,117.8,,0.4067,ok,,false,,,,0.001,0.001,unsupported,runner Arke does not implement run_with_inputs for dequantize_per_channel,,,,,1.0,0.4067,false,-0.5933
embedding,non-align-1,PyTorch-eager,221.2,222.2,,1.0000,ok,,false,true,0,0,0.001,0.001,ok,,,,,,1.0,1.0000,true,0.0000
embedding,non-align-1,Arke,70.3,37.9,,3.1465,ok,,false,true,0,0,0.001,0.001,ok,,,,,,1.0,3.1465,true,2.1465
embedding,non-align-1,FlagGems,120.1,13.4,,1.8418,ok,,false,,,,0.001,0.001,unsupported,runner FlagGems does not implement run_with_inputs for embedding,,,,,1.0,1.8418,true,0.8418
embedding,non-align-2,PyTorch-eager,142.3,144.4,,1.0000,ok,,false,true,0,0,0.001,0.001,ok,,,,,,1.0,1.0000,true,0.0000
embedding,non-align-2,Arke,25.6,29.7,,5.5586,ok,,false,true,0,0,0.001,0.001,ok,,,,,,1.0,5.5586,true,4.5586
embedding,non-align-2,FlagGems,109.9,138.2,,1.2948,ok,,false,,,,0.001,0.001,unsupported,runner FlagGems does not implement run_with_inputs for embedding,,,,,1.0,1.2948,true,0.2948
exp,micro-tiny,cuBLAS/cuDNN,92.8,93.2,,1.1250,ok,,false,true,0,0,0.001,0.001,ok,,,,,,1.0,1.1250,true,0.1250
exp,micro-tiny,PyTorch-eager,104.4,95.4,,1.0000,ok,,false,true,0,0,0.001,0.001,ok,,,,,,1.0,1.0000,true,0.0000
exp,micro-tiny,Arke,86.0,104.4,,1.2140,ok,,false,true,0,0,0.001,0.001,ok,,,,,,1.0,1.2140,true,0.2140
exp,micro-tiny,FlagGems,91.5,94.2,,1.1410,ok,,false,,,,0.001,0.001,unsupported,runner FlagGems does not implement run_with_inputs for exp,,,,,1.0,1.1410,true,0.1410
exp,micro-small,cuBLAS/cuDNN,126.6,84.0,,0.7306,ok,,false,true,0,0,0.001,0.001,ok,,,,,,1.0,0.7306,false,-0.2694
exp,micro-small,PyTorch-eager,92.5,105.5,,1.0000,ok,,false,true,0,0,0.001,0.001,ok,,,,,,1.0,1.0000,true,0.0000
exp,micro-small,Arke,88.4,88.1,,1.0464,ok,,false,true,0,0,0.001,0.001,ok,,,,,,1.0,1.0464,true,0.0464
exp,micro-small,FlagGems,82.3,93.2,,1.1239,ok,,false,,,,0.001,0.001,unsupported,runner FlagGems does not implement run_with_inputs for exp,,,,,1.0,1.1239,true,0.1239
exp,gpt2-hidden,cuBLAS/cuDNN,85.7,98.3,,1.0117,ok,,false,true,0,0,0.001,0.001,ok,,,,,,1.0,1.0117,true,0.0117
exp,gpt2-hidden,PyTorch-eager,86.7,99.5,,1.0000,ok,,false,true,0,0,0.001,0.001,ok,,,,,,1.0,1.0000,true,0.0000
exp,gpt2-hidden,Arke,89.0,6.1,,0.9742,ok,,false,true,0,0,0.001,0.001,ok,,,,,,1.0,0.9742,false,-0.0258
exp,gpt2-hidden,FlagGems,79.1,91.2,,1.0961,ok,,false,,,,0.001,0.001,unsupported,runner FlagGems does not implement run_with_inputs for exp,,,,,1.0,1.0961,true,0.0961
exp,gpt2-ffn,cuBLAS/cuDNN,85.7,104.4,,0.9767,ok,,false,true,0,0,0.001,0.001,ok,,,,,,1.0,0.9767,false,-0.0233
exp,gpt2-ffn,PyTorch-eager,83.7,99.3,,1.0000,ok,,false,true,0,0,0.001,0.001,ok,,,,,,1.0,1.0000,true,0.0000
exp,gpt2-ffn,Arke,85.7,100.2,,0.9767,ok,,false,true,0,0,0.001,0.001,ok,,,,,,1.0,0.9767,false,-0.0233
exp,gpt2-ffn,FlagGems,85.7,99.3,,0.9767,ok,,false,,,,0.001,0.001,unsupported,runner FlagGems does not implement run_with_inputs for exp,,,,,1.0,0.9767,false,-0.0233
exp,square-1k,cuBLAS/cuDNN,95.9,66.6,,0.9687,ok,,false,true,0,0,0.001,0.001,ok,,,,,,1.0,0.9687,false,-0.0313
exp,square-1k,PyTorch-eager,92.9,96.3,,1.0000,ok,,false,true,0,0,0.001,0.001,ok,,,,,,1.0,1.0000,true,0.0000
exp,square-1k,Arke,86.4,104.2,,1.0752,ok,,false,true,0,0,0.001,0.001,ok,,,,,,1.0,1.0752,true,0.0752
exp,square-1k,FlagGems,83.6,96.9,,1.1112,ok,,false,,,,0.001,0.001,unsupported,runner FlagGems does not implement run_with_inputs for exp,,,,,1.0,1.1112,true,0.1112
exp,llama-ffn,cuBLAS/cuDNN,103.0,150.2,,1.0068,ok,,false,true,0,0,0.001,0.001,ok,,,,,,1.0,1.0068,true,0.0068
exp,llama-ffn,PyTorch-eager,103.7,123.7,,1.0000,ok,,false,true,0,0,0.001,0.001,ok,,,,,,1.0,1.0000,true,0.0000
exp,llama-ffn,Arke,105.1,149.5,,0.9867,ok,,false,true,0,0,0.001,0.001,ok,,,,,,1.0,0.9867,false,-0.0133
exp,llama-ffn,FlagGems,101.4,144.4,,1.0227,ok,,false,,,,0.001,0.001,unsupported,runner FlagGems does not implement run_with_inputs for exp,,,,,1.0,1.0227,true,0.0227
exp,llama-hidden,cuBLAS/cuDNN,90.4,101.4,,1.0951,ok,,false,true,0,0,0.001,0.001,ok,,,,,,1.0,1.0951,true,0.0951
exp,llama-hidden,PyTorch-eager,99.0,103.4,,1.0000,ok,,false,true,0,0,0.001,0.001,ok,,,,,,1.0,1.0000,true,0.0000
exp,llama-hidden,Arke,86.3,36.8,,1.1472,ok,,false,true,0,0,0.001,0.001,ok,,,,,,1.0,1.1472,true,0.1472
exp,llama-hidden,FlagGems,86.3,105.4,,1.1472,ok,,false,,,,0.001,0.001,unsupported,runner FlagGems does not implement run_with_inputs for exp,,,,,1.0,1.1472,true,0.1472
exp,llama-long,cuBLAS/cuDNN,232.7,249.9,,1.0606,ok,,false,true,0,0,0.001,0.001,ok,,,,,,1.0,1.0606,true,0.0606
exp,llama-long,PyTorch-eager,246.8,284.6,,1.0000,ok,,false,true,0,0,0.001,0.001,ok,,,,,,1.0,1.0000,true,0.0000
exp,llama-long,Arke,252.9,304.0,,0.9759,ok,,false,true,0,0,0.001,0.001,ok,,,,,,1.0,0.9759,false,-0.0241
exp,llama-long,FlagGems,259.8,264.2,,0.9500,ok,,false,,,,0.001,0.001,unsupported,runner FlagGems does not implement run_with_inputs for exp,,,,,1.0,0.9500,false,-0.0500
exp,ds-ffn,cuBLAS/cuDNN,109.2,152.5,,1.0632,ok,,false,true,0,0,0.001,0.001,ok,,,,,,1.0,1.0632,true,0.0632
exp,ds-ffn,PyTorch-eager,116.1,117.6,,1.0000,ok,,false,true,0,0,0.001,0.001,ok,,,,,,1.0,1.0000,true,0.0000
exp,ds-ffn,Arke,110.9,161.8,,1.0469,ok,,false,true,0,0,0.001,0.001,ok,,,,,,1.0,1.0469,true,0.0469
exp,ds-ffn,FlagGems,113.7,136.2,,1.0211,ok,,false,,,,0.001,0.001,unsupported,runner FlagGems does not implement run_with_inputs for exp,,,,,1.0,1.0211,true,0.0211
exp,ds-ffn-large,cuBLAS/cuDNN,154.3,162.7,,0.9754,ok,,false,true,0,0,0.001,0.001,ok,,,,,,1.0,0.9754,false,-0.0246
exp,ds-ffn-large,PyTorch-eager,150.5,172.0,,1.0000,ok,,false,true,0,0,0.001,0.001,ok,,,,,,1.0,1.0000,true,0.0000
exp,ds-ffn-large,Arke,150.5,197.6,,1.0000,ok,,false,true,0,0,0.001,0.001,ok,,,,,,1.0,1.0000,true,0.0000
exp,ds-ffn-large,FlagGems,150.2,142.3,,1.0020,ok,,false,,,,0.001,0.001,unsupported,runner FlagGems does not implement run_with_inputs for exp,,,,,1.0,1.0020,true,0.0020
exp,qwen-ffn,cuBLAS/cuDNN,154.6,192.3,,0.9761,ok,,false,true,0,0,0.001,0.001,ok,,,,,,1.0,0.9761,false,-0.0239
exp,qwen-ffn,PyTorch-eager,150.9,201.5,,1.0000,ok,,false,true,0,0,0.001,0.001,ok,,,,,,1.0,1.0000,true,0.0000
exp,qwen-ffn,Arke,156.9,162.8,,0.9618,ok,,false,true,0,0,0.001,0.001,ok,,,,,,1.0,0.9618,false,-0.0382
exp,qwen-ffn,FlagGems,152.6,128.0,,0.9889,ok,,false,,,,0.001,0.001,unsupported,runner FlagGems does not implement run_with_inputs for exp,,,,,1.0,0.9889,false,-0.0111
exp,xlarge,cuBLAS/cuDNN,469.7,477.2,,1.0036,ok,,false,true,0,0,0.001,0.001,ok,,,,,,1.0,1.0036,true,0.0036
exp,xlarge,PyTorch-eager,471.4,472.1,,1.0000,ok,,false,true,0,0,0.001,0.001,ok,,,,,,1.0,1.0000,true,0.0000
exp,xlarge,Arke,455.3,429.9,,1.0354,ok,,false,true,0,0,0.001,0.001,ok,,,,,,1.0,1.0354,true,0.0354
exp,xlarge,FlagGems,456.0,473.1,,1.0338,ok,,false,,,,0.001,0.001,unsupported,runner FlagGems does not implement run_with_inputs for exp,,,,,1.0,1.0338,true,0.0338
exp,non-align-1,cuBLAS/cuDNN,88.3,89.1,,1.0827,ok,,false,true,0,0,0.001,0.001,ok,,,,,,1.0,1.0827,true,0.0827
exp,non-align-1,PyTorch-eager,95.6,104.4,,1.0000,ok,,false,true,0,0,0.001,0.001,ok,,,,,,1.0,1.0000,true,0.0000
exp,non-align-1,Arke,88.1,55.1,,1.0851,ok,,false,true,0,0,0.001,0.001,ok,,,,,,1.0,1.0851,true,0.0851
exp,non-align-1,FlagGems,92.8,95.2,,1.0302,ok,,false,,,,0.001,0.001,unsupported,runner FlagGems does not implement run_with_inputs for exp,,,,,1.0,1.0302,true,0.0302
exp,non-align-2,cuBLAS/cuDNN,96.9,88.8,,0.9443,ok,,false,true,0,0,0.001,0.001,ok,,,,,,1.0,0.9443,false,-0.0557
exp,non-align-2,PyTorch-eager,91.5,115.7,,1.0000,ok,,false,true,0,0,0.001,0.001,ok,,,,,,1.0,1.0000,true,0.0000
exp,non-align-2,Arke,95.9,113.6,,0.9541,ok,,false,true,0,0,0.001,0.001,ok,,,,,,1.0,0.9541,false,-0.0459
exp,non-align-2,FlagGems,81.9,114.7,,1.1172,ok,,false,,,,0.001,0.001,unsupported,runner FlagGems does not implement run_with_inputs for exp,,,,,1.0,1.1172,true,0.1172
exp,non-align-3,cuBLAS/cuDNN,178.5,180.2,,0.7535,ok,,false,true,0,0,0.001,0.001,ok,,,,,,1.0,0.7535,false,-0.2465
exp,non-align-3,PyTorch-eager,134.5,184.3,,1.0000,ok,,false,true,0,0,0.001,0.001,ok,,,,,,1.0,1.0000,true,0.0000
exp,non-align-3,Arke,135.9,146.4,,0.9897,ok,,false,true,0,0,0.001,0.001,ok,,,,,,1.0,0.9897,false,-0.0103
exp,non-align-3,FlagGems,135.2,118.8,,0.9948,ok,,false,,,,0.001,0.001,unsupported,runner FlagGems does not implement run_with_inputs for exp,,,,,1.0,0.9948,false,-0.0052
exp,non-align-4,cuBLAS/cuDNN,91.5,52.2,,1.0077,ok,,false,true,0,0,0.001,0.001,ok,,,,,,1.0,1.0077,true,0.0077
exp,non-align-4,PyTorch-eager,92.2,52.0,,1.0000,ok,,false,true,0,0,0.001,0.001,ok,,,,,,1.0,1.0000,true,0.0000
exp,non-align-4,Arke,101.4,116.7,,0.9093,ok,,false,true,0,0,0.001,0.001,ok,,,,,,1.0,0.9093,false,-0.0907
exp,non-align-4,FlagGems,88.1,117.8,,1.0465,ok,,false,,,,0.001,0.001,unsupported,runner FlagGems does not implement run_with_inputs for exp,,,,,1.0,1.0465,true,0.0465
exp,non-align-5,cuBLAS/cuDNN,87.4,100.1,,0.9416,ok,,false,true,0,0,0.001,0.001,ok,,,,,,1.0,0.9416,false,-0.0584
exp,non-align-5,PyTorch-eager,82.3,74.8,,1.0000,ok,,false,true,0,0,0.001,0.001,ok,,,,,,1.0,1.0000,true,0.0000
exp,non-align-5,Arke,88.1,107.4,,0.9342,ok,,false,true,0,0,0.001,0.001,ok,,,,,,1.0,0.9342,false,-0.0658
exp,non-align-5,FlagGems,87.4,89.1,,0.9416,ok,,false,,,,0.001,0.001,unsupported,runner FlagGems does not implement run_with_inputs for exp,,,,,1.0,0.9416,false,-0.0584
exp,extreme-flat,cuBLAS/cuDNN,84.3,89.1,,1.0320,ok,,false,true,0,0,0.001,0.001,ok,,,,,,1.0,1.0320,true,0.0320
exp,extreme-flat,PyTorch-eager,87.0,97.3,,1.0000,ok,,false,true,0,0,0.001,0.001,ok,,,,,,1.0,1.0000,true,0.0000
exp,extreme-flat,Arke,85.3,103.4,,1.0199,ok,,false,true,0,0,0.001,0.001,ok,,,,,,1.0,1.0199,true,0.0199
exp,extreme-flat,FlagGems,125.3,107.6,,0.6943,ok,,false,,,,0.001,0.001,unsupported,runner FlagGems does not implement run_with_inputs for exp,,,,,1.0,0.6943,false,-0.3057
exp,extreme-tall,cuBLAS/cuDNN,91.4,99.3,,0.9628,ok,,false,true,0,0,0.001,0.001,ok,,,,,,1.0,0.9628,false,-0.0372
exp,extreme-tall,PyTorch-eager,88.0,98.3,,1.0000,ok,,false,true,0,0,0.001,0.001,ok,,,,,,1.0,1.0000,true,0.0000
exp,extreme-tall,Arke,89.8,106.5,,0.9800,ok,,false,true,0,0,0.001,0.001,ok,,,,,,1.0,0.9800,false,-0.0200
exp,extreme-tall,FlagGems,82.6,96.3,,1.0654,ok,,false,,,,0.001,0.001,unsupported,runner FlagGems does not implement run_with_inputs for exp,,,,,1.0,1.0654,true,0.0654
exp,extreme-wide,cuBLAS/cuDNN,107.9,116.7,,0.9323,ok,,false,true,0,0,0.001,0.001,ok,,,,,,1.0,0.9323,false,-0.0677
exp,extreme-wide,PyTorch-eager,100.6,113.6,,1.0000,ok,,false,true,0,0,0.001,0.001,ok,,,,,,1.0,1.0000,true,0.0000
exp,extreme-wide,Arke,94.5,131.1,,1.0646,ok,,false,true,0,0,0.001,0.001,ok,,,,,,1.0,1.0646,true,0.0646
exp,extreme-wide,FlagGems,95.9,67.6,,1.0490,ok,,false,,,,0.001,0.001,unsupported,runner FlagGems does not implement run_with_inputs for exp,,,,,1.0,1.0490,true,0.0490
flash_attention,gpt2-sm-128,cuBLAS/cuDNN,64.5,30.7,,4.4930,ok,,false,true,0,0,0.001,0.001,ok,,,,,,1.0,4.4930,true,3.4930
flash_attention,gpt2-sm-128,PyTorch-eager,289.8,273.4,,1.0000,ok,,false,true,0,0,0.001,0.001,ok,,,,,,1.0,1.0000,true,0.0000
flash_attention,gpt2-sm-128,Arke,33.3,23.4,,8.7027,ok,,false,false,4.04112,0.147052,0.001,0.001,mismatch,,,,,,1.0,8.7027,true,7.7027
fused_linear_cross_entropy,gpt2-seq128,PyTorch-eager,110.9,30.8,,1.0000,ok,,false,true,0,0,0.01,0.01,ok,,103123968,3542771302,0.0291,linear_ce,1.0,1.0000,true,0.0000
fused_linear_cross_entropy,gpt2-seq128,Arke,88.0,86.2,,1.2602,ok,,false,true,0,0,0.01,0.01,ok,,103123968,3542771302,0.0291,linear_ce,1.0,1.2602,true,0.2602
fused_linear_cross_entropy,gpt2-seq512,PyTorch-eager,76.8,85.0,,1.0000,ok,,false,true,0,0,0.01,0.01,ok,,180911616,3542771302,0.0511,linear_ce,1.0,1.0000,true,0.0000
fused_linear_cross_entropy,gpt2-seq512,Arke,75.4,79.9,,1.0186,ok,,false,true,0,0,0.01,0.01,ok,,180911616,3542771302,0.0511,linear_ce,1.0,1.0186,true,0.0186
fused_linear_cross_entropy,llama2-seq512,PyTorch-eager,182.6,191.5,,1.0000,ok,,false,true,0,0,0.01,0.01,ok,,331878400,3542771302,0.0937,linear_ce,1.0,1.0000,true,0.0000
fused_linear_cross_entropy,llama2-seq512,Arke,126.3,138.2,,1.4458,ok,,false,true,0,0,0.01,0.01,ok,,331878400,3542771302,0.0937,linear_ce,1.0,1.4458,true,0.4458
fused_linear_cross_entropy,llama3-seq512,PyTorch-eager,191.8,184.3,,1.0000,ok,,false,true,0,0,0.01,0.01,ok,,1317539840,3542771302,0.3719,linear_ce,1.0,1.0000,true,0.0000
fused_linear_cross_entropy,llama3-seq512,Arke,126.3,137.1,,1.5186,ok,,false,true,0,0,0.01,0.01,ok,,1317539840,3542771302,0.3719,linear_ce,1.0,1.5186,true,0.5186
fused_linear_cross_entropy,non-align-1,PyTorch-eager,79.5,58.5,,1.0000,ok,,false,true,0,0,0.01,0.01,ok,,65668342,3542771302,0.0185,linear_ce,1.0,1.0000,true,0.0000
fused_linear_cross_entropy,non-align-1,Arke,90.8,69.4,,0.8756,ok,,false,true,0,0,0.01,0.01,ok,,65668342,3542771302,0.0185,linear_ce,1.0,0.8756,false,-0.1244
fused_linear_cross_entropy,non-align-2,PyTorch-eager,185.6,181.0,,1.0000,ok,,false,true,0,0,0.01,0.01,ok,,307563266,3542771302,0.0868,linear_ce,1.0,1.0000,true,0.0000
fused_linear_cross_entropy,non-align-2,Arke,122.2,132.1,,1.5188,ok,,false,true,0,0,0.01,0.01,ok,,307563266,3542771302,0.0868,linear_ce,1.0,1.5188,true,0.5188
gather,non-align-1,PyTorch-eager,13.7,10.2,,1.0000,ok,,false,true,0,0,0.001,0.001,ok,,,,,,1.0,1.0000,true,0.0000
gather,non-align-1,Arke,20.8,27.7,,0.6587,ok,,false,true,0,0,0.001,0.001,ok,,,,,,1.0,0.6587,false,-0.3413
gather,non-align-2,PyTorch-eager,56.7,59.1,,1.0000,ok,,false,true,0,0,0.001,0.001,ok,,,,,,1.0,1.0000,true,0.0000
gather,non-align-2,Arke,22.5,32.8,,2.5200,ok,,false,true,0,0,0.001,0.001,ok,,,,,,1.0,2.5200,true,1.5200
geglu,ds-v3-512,PyTorch-eager,35.5,3.8,,1.0000,ok,,false,,,,0.001,0.001,error,integer division or modulo by zero,,,,,1.0,1.0000,true,0.0000
geglu,ds-v3-512,Arke,45.1,89.9,,0.7871,ok,,false,,,,0.001,0.001,error,integer division or modulo by zero,,,,,1.0,0.7871,false,-0.2129
geglu,ds-v3-2k,PyTorch-eager,54.6,73.5,,1.0000,ok,,false,,,,0.001,0.001,error,integer division or modulo by zero,,,,,1.0,1.0000,true,0.0000
geglu,ds-v3-2k,Arke,72.4,83.6,,0.7541,ok,,false,,,,0.001,0.001,error,integer division or modulo by zero,,,,,1.0,0.7541,false,-0.2459
geglu,qwen25-7b-2k,PyTorch-eager,49.8,72.7,,1.0000,ok,,false,,,,0.001,0.001,error,integer division or modulo by zero,,,,,1.0,1.0000,true,0.0000
geglu,qwen25-7b-2k,Arke,63.1,77.8,,0.7892,ok,,false,,,,0.001,0.001,error,integer division or modulo by zero,,,,,1.0,0.7892,false,-0.2108
geglu,non-align-1,PyTorch-eager,42.1,68.8,,1.0000,ok,,false,,,,0.001,0.001,error,integer division or modulo by zero,,,,,1.0,1.0000,true,0.0000
geglu,non-align-1,Arke,63.1,88.1,,0.6672,ok,,false,,,,0.001,0.001,error,integer division or modulo by zero,,,,,1.0,0.6672,false,-0.3328
geglu,non-align-2,PyTorch-eager,52.7,53.6,,1.0000,ok,,false,,,,0.001,0.001,error,integer division or modulo by zero,,,,,1.0,1.0000,true,0.0000
geglu,non-align-2,Arke,59.7,80.9,,0.8827,ok,,false,,,,0.001,0.001,error,integer division or modulo by zero,,,,,1.0,0.8827,false,-0.1173
gelu,micro-tiny,cuBLAS/cuDNN,80.2,8.2,,1.0574,ok,,false,true,0,0,0.001,0.001,ok,,,,,,1.0,1.0574,true,0.0574
gelu,micro-tiny,Liger-Kernel,72.1,74.7,,1.1761,ok,,false,true,0.00195312,8.60667e-05,0.001,0.001,ok,,,,,,1.0,1.1761,true,0.1761
gelu,micro-tiny,PyTorch-eager,84.8,98.3,,1.0000,ok,,false,true,0,0,0.001,0.001,ok,,,,,,1.0,1.0000,true,0.0000
gelu,micro-tiny,torch.compile,272.6,16.4,,0.3111,ok,,false,true,0,0,0.001,0.001,ok,,,,,,1.0,0.3111,false,-0.6889
gelu,micro-tiny,Arke,83.5,96.4,,1.0156,ok,,false,true,0,0,0.001,0.001,ok,,,,,,1.0,1.0156,true,0.0156
gelu,micro-tiny,FlagGems,97.6,97.3,,0.8689,ok,,false,true,0,0,0.001,0.001,ok,,,,,,1.0,0.8689,false,-0.1311
gelu,micro-small,cuBLAS/cuDNN,80.5,92.9,,0.9453,ok,,false,true,0,0,0.001,0.001,ok,,,,,,1.0,0.9453,false,-0.0547
gelu,micro-small,Liger-Kernel,67.4,6.1,,1.1291,ok,,false,true,0.00195312,8.43428e-05,0.001,0.001,ok,,,,,,1.0,1.1291,true,0.1291
gelu,micro-small,PyTorch-eager,76.1,102.4,,1.0000,ok,,false,true,0,0,0.001,0.001,ok,,,,,,1.0,1.0000,true,0.0000
gelu,micro-small,torch.compile,306.3,302.1,,0.2484,ok,,false,true,0,0,0.001,0.001,ok,,,,,,1.0,0.2484,false,-0.7516
gelu,micro-small,Arke,84.4,101.4,,0.9017,ok,,false,true,0,0,0.001,0.001,ok,,,,,,1.0,0.9017,false,-0.0983
gelu,micro-small,FlagGems,91.7,97.3,,0.8299,ok,,false,true,0,0,0.001,0.001,ok,,,,,,1.0,0.8299,false,-0.1701
gelu,gpt2-hidden,cuBLAS/cuDNN,80.5,98.3,,0.9938,ok,,false,true,0,0,0.001,0.001,ok,,,,,,1.0,0.9938,false,-0.0062
gelu,gpt2-hidden,Liger-Kernel,77.8,94.2,,1.0283,ok,,false,true,0.00195312,8.3791e-05,0.001,0.001,ok,,,,,,1.0,1.0283,true,0.0283
gelu,gpt2-hidden,PyTorch-eager,80.0,89.1,,1.0000,ok,,false,true,0,0,0.001,0.001,ok,,,,,,1.0,1.0000,true,0.0000
gelu,gpt2-hidden,torch.compile,319.5,297.0,,0.2504,ok,,false,true,5.96046e-08,4.24431e-12,0.001,0.001,ok,,,,,,1.0,0.2504,false,-0.7496
gelu,gpt2-hidden,Arke,73.6,92.2,,1.0870,ok,,false,true,0,0,0.001,0.001,ok,,,,,,1.0,1.0870,true,0.0870
gelu,gpt2-hidden,FlagGems,110.2,90.1,,0.7260,ok,,false,true,0,0,0.001,0.001,ok,,,,,,1.0,0.7260,false,-0.2740
gelu,gpt2-ffn,cuBLAS/cuDNN,77.5,97.3,,1.0606,ok,,false,true,0,0,0.001,0.001,ok,,,,,,1.0,1.0606,true,0.0606
gelu,gpt2-ffn,Liger-Kernel,79.8,91.0,,1.0301,ok,,false,true,0.00195312,8.5141e-05,0.001,0.001,ok,,,,,,1.0,1.0301,true,0.0301
gelu,gpt2-ffn,PyTorch-eager,82.2,23.6,,1.0000,ok,,false,true,0,0,0.001,0.001,ok,,,,,,1.0,1.0000,true,0.0000
gelu,gpt2-ffn,torch.compile,337.5,213.0,,0.2436,ok,,false,true,5.96046e-08,1.21266e-12,0.001,0.001,ok,,,,,,1.0,0.2436,false,-0.7564
gelu,gpt2-ffn,Arke,99.1,17.4,,0.8295,ok,,false,true,0,0,0.001,0.001,ok,,,,,,1.0,0.8295,false,-0.1705
gelu,gpt2-ffn,FlagGems,95.6,98.3,,0.8598,ok,,false,true,0,0,0.001,0.001,ok,,,,,,1.0,0.8598,false,-0.1402
gelu,square-1k,cuBLAS/cuDNN,144.2,69.6,,0.7184,ok,,false,true,0,0,0.001,0.001,ok,,,,,,1.0,0.7184,false,-0.2816
gelu,square-1k,Liger-Kernel,76.5,76.8,,1.3542,ok,,false,true,0.00195312,8.44281e-05,0.001,0.001,ok,,,,,,1.0,1.3542,true,0.3542
gelu,square-1k,PyTorch-eager,103.6,96.3,,1.0000,ok,,false,true,0,0,0.001,0.001,ok,,,,,,1.0,1.0000,true,0.0000
gelu,square-1k,torch.compile,344.7,317.4,,0.3006,ok,,false,true,5.96046e-08,1.7053e-12,0.001,0.001,ok,,,,,,1.0,0.3006,false,-0.6994
gelu,square-1k,Arke,95.0,88.1,,1.0905,ok,,false,true,0,0,0.001,0.001,ok,,,,,,1.0,1.0905,true,0.0905
gelu,square-1k,FlagGems,88.9,113.7,,1.1654,ok,,false,true,0,0,0.001,0.001,ok,,,,,,1.0,1.1654,true,0.1654
grouped_matmul,moe-tiny,PyTorch-eager,46.1,59.6,,1.0000,ok,,false,true,0,0,0.01,0.01,ok,,180224,3542771302,0.0001,dense_matmul,1.0,1.0000,true,0.0000
grouped_matmul,moe-tiny,Arke,251.5,258.0,,0.1833,ok,,false,,,,0.01,0.01,unsupported,runner Arke does not implement run_with_inputs for grouped_matmul,180224,3542771302,0.0001,dense_matmul,1.0,0.1833,false,-0.8167
grouped_matmul,moe-small,PyTorch-eager,51.7,57.3,,1.0000,ok,,false,true,0,0,0.01,0.01,ok,,1572864,3542771302,0.0004,dense_matmul,1.0,1.0000,true,0.0000
grouped_matmul,moe-small,Arke,562.1,517.9,,0.0920,ok,,false,,,,0.01,0.01,unsupported,runner Arke does not implement run_with_inputs for grouped_matmul,1572864,3542771302,0.0004,dense_matmul,1.0,0.0920,false,-0.9080
grouped_matmul,moe-medium,PyTorch-eager,120.3,126.8,,1.0000,ok,,false,true,0,0,0.01,0.01,ok,,53477376,3542771302,0.0151,dense_matmul,1.0,1.0000,true,0.0000
grouped_matmul,moe-medium,Arke,16633.3,13964.3,,0.0072,ok,,false,,,,0.01,0.01,unsupported,runner Arke does not implement run_with_inputs for grouped_matmul,53477376,3542771302,0.0151,dense_matmul,1.0,0.0072,false,-0.9928
grouped_matmul,ds-moe-512,PyTorch-eager,193.0,182.3,,1.0000,ok,,false,true,0,0,0.01,0.01,ok,,3397386240,3542771302,0.9590,dense_matmul,1.0,1.0000,true,0.0000
grouped_matmul,ds-moe-512,Arke,39745.0,39275.5,,0.0049,ok,,false,,,,0.01,0.01,unsupported,runner Arke does not implement run_with_inputs for grouped_matmul,3397386240,3542771302,0.9590,dense_matmul,1.0,0.0049,false,-0.9951
grouped_matmul,ds-moe-2k,PyTorch-eager,182.8,182.2,,1.0000,ok,,false,true,0,0,0.01,0.01,ok,,3523215360,3542771302,0.9945,dense_matmul,1.0,1.0000,true,0.0000
grouped_matmul,ds-moe-2k,Arke,39652.4,39309.3,,0.0046,ok,,false,,,,0.01,0.01,unsupported,runner Arke does not implement run_with_inputs for grouped_matmul,3523215360,3542771302,0.9945,dense_matmul,1.0,0.0046,false,-0.9954
grouped_matmul,ds-v3-moe,PyTorch-eager,inf,inf,,,skipped,memory preflight: estimated dense matmul footprint 26365394944 bytes > budget 3542771302 bytes,true,,,,,,skipped,memory preflight: estimated dense matmul footprint 26365394944 bytes > budget 3542771302 bytes,26365394944,3542771302,7.4420,dense_matmul,1.0,N/A,false,N/A
grouped_matmul,ds-v3-moe,Arke,inf,inf,,,skipped,memory preflight: estimated dense matmul footprint 26365394944 bytes > budget 3542771302 bytes,true,,,,,,skipped,memory preflight: estimated dense matmul footprint 26365394944 bytes > budget 3542771302 bytes,26365394944,3542771302,7.4420,dense_matmul,1.0,N/A,false,N/A
grouped_matmul,non-align-1,PyTorch-eager,55.8,63.5,,1.0000,ok,,false,true,0,0,0.01,0.01,ok,,12196340,3542771302,0.0034,dense_matmul,1.0,1.0000,true,0.0000
grouped_matmul,non-align-1,Arke,976.3,945.2,,0.0572,ok,,false,,,,0.01,0.01,unsupported,runner Arke does not implement run_with_inputs for grouped_matmul,12196340,3542771302,0.0034,dense_matmul,1.0,0.0572,false,-0.9428
grouped_query_attention,llama3-8b-512,PyTorch-eager,2185.1,2133.0,,1.0000,ok,,false,true,0,0,0.001,0.001,ok,,,,,,1.0,1.0000,true,0.0000
grouped_query_attention,llama3-8b-512,Arke,348.2,350.2,,6.2754,ok,,false,,,,0.001,0.001,unsupported,runner Arke does not implement run_with_inputs for grouped_query_attention,,,,,1.0,6.2754,true,5.2754
layernorm,gpt2-small,cuBLAS/cuDNN,59.9,76.8,,0.9349,ok,,false,true,0,0,0.005,0.005,ok,,,,,,1.0,0.9349,false,-0.0651
layernorm,gpt2-small,PyTorch-eager,56.0,64.5,,1.0000,ok,,false,true,0,0,0.005,0.005,ok,,,,,,1.0,1.0000,true,0.0000
layernorm,gpt2-small,torch.compile,257.8,269.3,,0.2172,ok,,false,true,0.000488281,4.9719e-09,0.005,0.005,ok,,,,,,1.0,0.2172,false,-0.7828
layernorm,gpt2-small,Arke,356.4,315.4,,0.1571,ok,,false,true,0.00173521,0.000140419,0.005,0.005,ok,,,,,,1.0,0.1571,false,-0.8429
layernorm,gpt2-small,FlagGems,60.9,47.1,,0.9195,ok,,false,true,0,0,0.005,0.005,ok,,,,,,1.0,0.9195,false,-0.0805
layernorm,gpt2-ffn,cuBLAS/cuDNN,65.6,78.8,,0.9024,ok,,false,true,0,0,0.005,0.005,ok,,,,,,1.0,0.9024,false,-0.0976
layernorm,gpt2-ffn,PyTorch-eager,59.2,66.6,,1.0000,ok,,false,true,0,0,0.005,0.005,ok,,,,,,1.0,1.0000,true,0.0000
layernorm,gpt2-ffn,torch.compile,306.7,308.2,,0.1930,ok,,false,true,0.00195312,1.81881e-08,0.005,0.005,ok,,,,,,1.0,0.1930,false,-0.8070
layernorm,gpt2-ffn,Arke,351.0,338.9,,0.1687,ok,,false,true,0.00194407,0.000139829,0.005,0.005,ok,,,,,,1.0,0.1687,false,-0.8313
layernorm,gpt2-ffn,FlagGems,61.1,77.8,,0.9689,ok,,false,true,0,0,0.005,0.005,ok,,,,,,1.0,0.9689,false,-0.0311
layernorm,gpt2-medium,cuBLAS/cuDNN,62.4,39.9,,1.0449,ok,,false,true,0,0,0.005,0.005,ok,,,,,,1.0,1.0449,true,0.0449
layernorm,gpt2-medium,PyTorch-eager,65.2,64.4,,1.0000,ok,,false,true,0,0,0.005,0.005,ok,,,,,,1.0,1.0000,true,0.0000
layernorm,gpt2-medium,torch.compile,350.7,306.2,,0.1859,ok,,false,true,0.000244141,5.59157e-09,0.005,0.005,ok,,,,,,1.0,0.1859,false,-0.8141
layernorm,gpt2-medium,Arke,358.0,148.5,,0.1821,ok,,false,true,0.00188017,0.000140735,0.005,0.005,ok,,,,,,1.0,0.1821,false,-0.8179
layernorm,gpt2-medium,FlagGems,67.3,9.2,,0.9688,ok,,false,true,0,0,0.005,0.005,ok,,,,,,1.0,0.9688,false,-0.0312
matmul,tiny,cuBLAS/cuDNN,15.2,7.0,0.277,1.3421,ok,,false,true,0,0,0.01,0.01,ok,,98304,3542771302,0.0000,dense_matmul,1.0,1.3421,true,0.3421
matmul,tiny,Triton-Tutorial,75.0,60.4,0.056,0.2720,ok,,false,true,0,0,0.01,0.01,ok,,98304,3542771302,0.0000,dense_matmul,1.0,0.2720,false,-0.7280
matmul,tiny,PyTorch-eager,20.4,7.2,0.206,1.0000,ok,,false,true,0,0,0.01,0.01,ok,,98304,3542771302,0.0000,dense_matmul,1.0,1.0000,true,0.0000
matmul,tiny,torch.compile,103.5,105.5,0.041,0.1971,ok,,false,true,0,0,0.01,0.01,ok,,98304,3542771302,0.0000,dense_matmul,1.0,0.1971,false,-0.8029
matmul,tiny,Arke,16.5,30.7,0.254,1.2364,ok,,false,true,0,0,0.01,0.01,ok,,98304,3542771302,0.0000,dense_matmul,1.0,1.2364,true,0.2364
matmul,tiny,FlagGems,103.4,93.3,0.041,0.1973,ok,,false,true,0,0,0.01,0.01,ok,,98304,3542771302,0.0000,dense_matmul,1.0,0.1973,false,-0.8027
matmul,gpt2-c_proj,cuBLAS/cuDNN,17.2,17.3,8.790,1.4709,ok,,false,true,0,0,0.01,0.01,ok,,1572864,3542771302,0.0004,dense_matmul,1.0,1.4709,true,0.4709
matmul,gpt2-c_proj,Triton-Tutorial,75.6,63.4,1.998,0.3347,ok,,false,true,0,0,0.01,0.01,ok,,1572864,3542771302,0.0004,dense_matmul,1.0,0.3347,false,-0.6653
matmul,gpt2-c_proj,PyTorch-eager,25.3,28.6,5.977,1.0000,ok,,false,true,0,0,0.01,0.01,ok,,1572864,3542771302,0.0004,dense_matmul,1.0,1.0000,true,0.0000
matmul,gpt2-c_proj,torch.compile,139.7,53.2,1.081,0.1811,ok,,false,true,0,0,0.01,0.01,ok,,1572864,3542771302,0.0004,dense_matmul,1.0,0.1811,false,-0.8189
matmul,gpt2-c_proj,Arke,24.4,26.6,6.197,1.0369,ok,,false,true,0,0,0.01,0.01,ok,,1572864,3542771302,0.0004,dense_matmul,1.0,1.0369,true,0.0369
matmul,gpt2-c_proj,FlagGems,70.2,30.7,2.150,0.3604,ok,,false,true,0,0,0.01,0.01,ok,,1572864,3542771302,0.0004,dense_matmul,1.0,0.3604,false,-0.6396
matmul,gpt2-c_attn,cuBLAS/cuDNN,78.4,79.9,5.779,0.9260,ok,,false,true,0,0,0.01,0.01,ok,,4325376,3542771302,0.0012,dense_matmul,1.0,0.9260,false,-0.0740
matmul,gpt2-c_attn,Triton-Tutorial,65.2,63.5,6.948,1.1135,ok,,false,true,0,0,0.01,0.01,ok,,4325376,3542771302,0.0012,dense_matmul,1.0,1.1135,true,0.1135
matmul,gpt2-c_attn,PyTorch-eager,72.6,73.7,6.242,1.0000,ok,,false,true,0,0,0.01,0.01,ok,,4325376,3542771302,0.0012,dense_matmul,1.0,1.0000,true,0.0000
matmul,gpt2-c_attn,torch.compile,139.9,173.1,3.238,0.5189,ok,,false,true,0,0,0.01,0.01,ok,,4325376,3542771302,0.0012,dense_matmul,1.0,0.5189,false,-0.4811
matmul,gpt2-c_attn,Arke,78.5,79.9,5.771,0.9248,ok,,false,true,0,0,0.01,0.01,ok,,4325376,3542771302,0.0012,dense_matmul,1.0,0.9248,false,-0.0752
matmul,gpt2-c_attn,FlagGems,62.7,91.1,7.229,1.1579,ok,,false,true,0,0,0.01,0.01,ok,,4325376,3542771302,0.0012,dense_matmul,1.0,1.1579,true,0.1579
matmul,square-1k,cuBLAS/cuDNN,340.6,327.7,6.306,0.7534,ok,,false,true,0,0,0.01,0.01,ok,,6291456,3542771302,0.0018,dense_matmul,1.0,0.7534,false,-0.2466
matmul,square-1k,Triton-Tutorial,155.3,181.2,13.831,1.6523,ok,,false,true,0,0,0.01,0.01,ok,,6291456,3542771302,0.0018,dense_matmul,1.0,1.6523,true,0.6523
matmul,square-1k,PyTorch-eager,256.6,241.7,8.368,1.0000,ok,,false,true,0,0,0.01,0.01,ok,,6291456,3542771302,0.0018,dense_matmul,1.0,1.0000,true,0.0000
matmul,square-1k,torch.compile,396.1,375.8,5.421,0.6478,ok,,false,true,0,0,0.01,0.01,ok,,6291456,3542771302,0.0018,dense_matmul,1.0,0.6478,false,-0.3522
matmul,square-1k,Arke,340.7,322.6,6.303,0.7532,ok,,false,true,0,0,0.01,0.01,ok,,6291456,3542771302,0.0018,dense_matmul,1.0,0.7532,false,-0.2468
matmul,square-1k,FlagGems,205.0,206.8,10.474,1.2517,ok,,false,true,0,0,0.01,0.01,ok,,6291456,3542771302,0.0018,dense_matmul,1.0,1.2517,true,0.2517
matmul,square-2k,cuBLAS/cuDNN,1025.8,864.3,16.748,0.8587,ok,,false,true,0,0,0.01,0.01,ok,,25165824,3542771302,0.0071,dense_matmul,1.0,0.8587,false,-0.1413
matmul,square-2k,Triton-Tutorial,896.7,849.9,19.159,0.9824,ok,,false,true,0,0,0.01,0.01,ok,,25165824,3542771302,0.0071,dense_matmul,1.0,0.9824,false,-0.0176
matmul,square-2k,PyTorch-eager,880.9,845.8,19.502,1.0000,ok,,false,true,0,0,0.01,0.01,ok,,25165824,3542771302,0.0071,dense_matmul,1.0,1.0000,true,0.0000
matmul,square-2k,torch.compile,1186.8,1048.6,14.476,0.7422,ok,,false,true,0,0,0.01,0.01,ok,,25165824,3542771302,0.0071,dense_matmul,1.0,0.7422,false,-0.2578
matmul,square-2k,Arke,925.0,869.4,18.572,0.9523,ok,,false,true,0,0,0.01,0.01,ok,,25165824,3542771302,0.0071,dense_matmul,1.0,0.9523,false,-0.0477
matmul,square-2k,FlagGems,1038.4,958.5,16.544,0.8483,ok,,false,true,0,0,0.01,0.01,ok,,25165824,3542771302,0.0071,dense_matmul,1.0,0.8483,false,-0.1517
matmul,square-4k,cuBLAS/cuDNN,6153.0,5894.0,22.337,1.0104,ok,,false,true,0,0,0.01,0.01,ok,,100663296,3542771302,0.0284,dense_matmul,1.0,1.0104,true,0.0104
matmul,square-4k,Triton-Tutorial,6073.9,5877.8,22.628,1.0236,ok,,false,true,0,0,0.01,0.01,ok,,100663296,3542771302,0.0284,dense_matmul,1.0,1.0236,true,0.0236
matmul,square-4k,PyTorch-eager,6217.2,6019.9,22.106,1.0000,ok,,false,true,0,0,0.01,0.01,ok,,100663296,3542771302,0.0284,dense_matmul,1.0,1.0000,true,0.0000
matmul,square-4k,torch.compile,6632.5,6328.3,20.722,0.9374,ok,,false,true,0,0,0.01,0.01,ok,,100663296,3542771302,0.0284,dense_matmul,1.0,0.9374,false,-0.0626
matmul,square-4k,Arke,6173.5,5954.6,22.263,1.0071,ok,,false,true,0,0,0.01,0.01,ok,,100663296,3542771302,0.0284,dense_matmul,1.0,1.0071,true,0.0071
matmul,square-4k,FlagGems,6267.5,6119.4,21.929,0.9920,ok,,false,true,0,0,0.01,0.01,ok,,100663296,3542771302,0.0284,dense_matmul,1.0,0.9920,false,-0.0080
mul,micro-tiny,cuBLAS/cuDNN,128.7,61.4,,0.8640,ok,,false,true,0,0,0.001,0.001,ok,,,,,,1.0,0.8640,false,-0.1360
mul,micro-tiny,PyTorch-eager,111.2,119.8,,1.0000,ok,,false,true,0,0,0.001,0.001,ok,,,,,,1.0,1.0000,true,0.0000
mul,micro-tiny,Arke,97.3,108.4,,1.1429,ok,,false,true,0,0,0.001,0.001,ok,,,,,,1.0,1.1429,true,0.1429
mul,micro-tiny,FlagGems,138.9,99.4,,0.8006,ok,,false,,,,0.001,0.001,unsupported,runner FlagGems does not implement run_with_inputs for mul,,,,,1.0,0.8006,false,-0.1994
mul,micro-small,cuBLAS/cuDNN,131.1,104.3,,0.7704,ok,,false,true,0,0,0.001,0.001,ok,,,,,,1.0,0.7704,false,-0.2296
mul,micro-small,PyTorch-eager,101.0,107.6,,1.0000,ok,,false,true,0,0,0.001,0.001,ok,,,,,,1.0,1.0000,true,0.0000
mul,micro-small,Arke,97.6,76.8,,1.0348,ok,,false,true,0,0,0.001,0.001,ok,,,,,,1.0,1.0348,true,0.0348
mul,micro-small,FlagGems,144.1,213.0,,0.7009,ok,,false,,,,0.001,0.001,unsupported,runner FlagGems does not implement run_with_inputs for mul,,,,,1.0,0.7009,false,-0.2991
mul,gpt2-hidden,cuBLAS/cuDNN,120.5,114.5,,0.9237,ok,,false,true,0,0,0.001,0.001,ok,,,,,,1.0,0.9237,false,-0.0763
mul,gpt2-hidden,PyTorch-eager,111.3,111.6,,1.0000,ok,,false,true,0,0,0.001,0.001,ok,,,,,,1.0,1.0000,true,0.0000
mul,gpt2-hidden,Arke,92.9,108.5,,1.1981,ok,,false,true,0,0,0.001,0.001,ok,,,,,,1.0,1.1981,true,0.1981
mul,gpt2-hidden,FlagGems,128.9,8.2,,0.8635,ok,,false,,,,0.001,0.001,unsupported,runner FlagGems does not implement run_with_inputs for mul,,,,,1.0,0.8635,false,-0.1365
mul,gpt2-ffn,cuBLAS/cuDNN,96.3,75.8,,1.0384,ok,,false,true,0,0,0.001,0.001,ok,,,,,,1.0,1.0384,true,0.0384
mul,gpt2-ffn,PyTorch-eager,100.0,110.8,,1.0000,ok,,false,true,0,0,0.001,0.001,ok,,,,,,1.0,1.0000,true,0.0000
mul,gpt2-ffn,Arke,95.2,59.2,,1.0504,ok,,false,true,0,0,0.001,0.001,ok,,,,,,1.0,1.0504,true,0.0504
mul,gpt2-ffn,FlagGems,142.0,18.4,,0.7042,ok,,false,,,,0.001,0.001,unsupported,runner FlagGems does not implement run_with_inputs for mul,,,,,1.0,0.7042,false,-0.2958
mul,square-1k,cuBLAS/cuDNN,96.9,107.6,,1.0217,ok,,false,true,0,0,0.001,0.001,ok,,,,,,1.0,1.0217,true,0.0217
mul,square-1k,PyTorch-eager,99.0,104.4,,1.0000,ok,,false,true,0,0,0.001,0.001,ok,,,,,,1.0,1.0000,true,0.0000
mul,square-1k,Arke,104.8,109.8,,0.9447,ok,,false,true,0,0,0.001,0.001,ok,,,,,,1.0,0.9447,false,-0.0553
mul,square-1k,FlagGems,133.5,87.0,,0.7416,ok,,false,,,,0.001,0.001,unsupported,runner FlagGems does not implement run_with_inputs for mul,,,,,1.0,0.7416,false,-0.2584
mul,llama-ffn,cuBLAS/cuDNN,139.9,174.1,,1.0000,ok,,false,true,0,0,0.001,0.001,ok,,,,,,1.0,1.0000,true,0.0000
mul,llama-ffn,PyTorch-eager,139.9,167.9,,1.0000,ok,,false,true,0,0,0.001,0.001,ok,,,,,,1.0,1.0000,true,0.0000
mul,llama-ffn,Arke,141.3,191.5,,0.9901,ok,,false,true,0,0,0.001,0.001,ok,,,,,,1.0,0.9901,false,-0.0099
mul,llama-ffn,FlagGems,157.7,127.0,,0.8871,ok,,false,,,,0.001,0.001,unsupported,runner FlagGems does not implement run_with_inputs for mul,,,,,1.0,0.8871,false,-0.1129
mul,llama-hidden,cuBLAS/cuDNN,104.4,128.0,,0.9713,ok,,false,true,0,0,0.001,0.001,ok,,,,,,1.0,0.9713,false,-0.0287
mul,llama-hidden,PyTorch-eager,101.4,114.7,,1.0000,ok,,false,true,0,0,0.001,0.001,ok,,,,,,1.0,1.0000,true,0.0000
mul,llama-hidden,Arke,129.0,144.4,,0.7860,ok,,false,true,0,0,0.001,0.001,ok,,,,,,1.0,0.7860,false,-0.2140
mul,llama-hidden,FlagGems,129.3,51.2,,0.7842,ok,,false,,,,0.001,0.001,unsupported,runner FlagGems does not implement run_with_inputs for mul,,,,,1.0,0.7842,false,-0.2158
mul,llama-long,cuBLAS/cuDNN,373.8,336.9,,1.0920,ok,,false,true,0,0,0.001,0.001,ok,,,,,,1.0,1.0920,true,0.0920
mul,llama-long,PyTorch-eager,408.2,324.6,,1.0000,ok,,false,true,0,0,0.001,0.001,ok,,,,,,1.0,1.0000,true,0.0000
mul,llama-long,Arke,339.3,370.6,,1.2031,ok,,false,true,0,0,0.001,0.001,ok,,,,,,1.0,1.2031,true,0.2031
mul,llama-long,FlagGems,355.0,321.5,,1.1499,ok,,false,,,,0.001,0.001,unsupported,runner FlagGems does not implement run_with_inputs for mul,,,,,1.0,1.1499,true,0.1499
mul,ds-ffn,cuBLAS/cuDNN,156.0,128.0,,1.0654,ok,,false,true,0,0,0.001,0.001,ok,,,,,,1.0,1.0654,true,0.0654
mul,ds-ffn,PyTorch-eager,166.2,207.8,,1.0000,ok,,false,true,0,0,0.001,0.001,ok,,,,,,1.0,1.0000,true,0.0000
mul,ds-ffn,Arke,170.3,239.3,,0.9759,ok,,false,true,0,0,0.001,0.001,ok,,,,,,1.0,0.9759,false,-0.0241
mul,ds-ffn,FlagGems,205.8,202.7,,0.8076,ok,,false,,,,0.001,0.001,unsupported,runner FlagGems does not implement run_with_inputs for mul,,,,,1.0,0.8076,false,-0.1924
mul,ds-ffn-large,cuBLAS/cuDNN,214.3,203.8,,1.0033,ok,,false,true,0,0,0.001,0.001,ok,,,,,,1.0,1.0033,true,0.0033
mul,ds-ffn-large,PyTorch-eager,215.0,214.9,,1.0000,ok,,false,true,0,0,0.001,0.001,ok,,,,,,1.0,1.0000,true,0.0000
mul,ds-ffn-large,Arke,202.4,215.0,,1.0623,ok,,false,true,0,0,0.001,0.001,ok,,,,,,1.0,1.0623,true,0.0623
mul,ds-ffn-large,FlagGems,210.6,266.2,,1.0209,ok,,false,,,,0.001,0.001,unsupported,runner FlagGems does not implement run_with_inputs for mul,,,,,1.0,1.0209,true,0.0209
mul,qwen-ffn,cuBLAS/cuDNN,206.8,217.1,,1.0348,ok,,false,true,0,0,0.001,0.001,ok,,,,,,1.0,1.0348,true,0.0348
mul,qwen-ffn,PyTorch-eager,214.0,190.3,,1.0000,ok,,false,true,0,0,0.001,0.001,ok,,,,,,1.0,1.0000,true,0.0000
mul,qwen-ffn,Arke,217.1,237.5,,0.9857,ok,,false,true,0,0,0.001,0.001,ok,,,,,,1.0,0.9857,false,-0.0143
mul,qwen-ffn,FlagGems,216.1,217.1,,0.9903,ok,,false,,,,0.001,0.001,unsupported,runner FlagGems does not implement run_with_inputs for mul,,,,,1.0,0.9903,false,-0.0097
mul,xlarge,cuBLAS/cuDNN,655.0,666.6,,0.9739,ok,,false,true,0,0,0.001,0.001,ok,,,,,,1.0,0.9739,false,-0.0261
mul,xlarge,PyTorch-eager,637.9,639.8,,1.0000,ok,,false,true,0,0,0.001,0.001,ok,,,,,,1.0,1.0000,true,0.0000
mul,xlarge,Arke,678.9,641.0,,0.9396,ok,,false,true,0,0,0.001,0.001,ok,,,,,,1.0,0.9396,false,-0.0604
mul,xlarge,FlagGems,659.5,637.9,,0.9672,ok,,false,,,,0.001,0.001,unsupported,runner FlagGems does not implement run_with_inputs for mul,,,,,1.0,0.9672,false,-0.0328
mul,non-align-1,cuBLAS/cuDNN,95.6,105.2,,1.0136,ok,,false,true,0,0,0.001,0.001,ok,,,,,,1.0,1.0136,true,0.0136
mul,non-align-1,PyTorch-eager,96.9,95.3,,1.0000,ok,,false,true,0,0,0.001,0.001,ok,,,,,,1.0,1.0000,true,0.0000
mul,non-align-1,Arke,103.8,108.5,,0.9335,ok,,false,true,0,0,0.001,0.001,ok,,,,,,1.0,0.9335,false,-0.0665
mul,non-align-1,FlagGems,109.6,12.3,,0.8841,ok,,false,,,,0.001,0.001,unsupported,runner FlagGems does not implement run_with_inputs for mul,,,,,1.0,0.8841,false,-0.1159
mul,non-align-2,cuBLAS/cuDNN,102.7,138.2,,1.1071,ok,,false,true,0,0,0.001,0.001,ok,,,,,,1.0,1.1071,true,0.1071
mul,non-align-2,PyTorch-eager,113.7,135.2,,1.0000,ok,,false,true,0,0,0.001,0.001,ok,,,,,,1.0,1.0000,true,0.0000
mul,non-align-2,Arke,108.5,135.2,,1.0479,ok,,false,true,0,0,0.001,0.001,ok,,,,,,1.0,1.0479,true,0.0479
mul,non-align-2,FlagGems,142.0,100.4,,0.8007,ok,,false,,,,0.001,0.001,unsupported,runner FlagGems does not implement run_with_inputs for mul,,,,,1.0,0.8007,false,-0.1993
mul,non-align-3,cuBLAS/cuDNN,202.8,210.9,,0.8703,ok,,false,true,0,0,0.001,0.001,ok,,,,,,1.0,0.8703,false,-0.1297
mul,non-align-3,PyTorch-eager,176.5,169.0,,1.0000,ok,,false,true,0,0,0.001,0.001,ok,,,,,,1.0,1.0000,true,0.0000
mul,non-align-3,Arke,183.3,161.8,,0.9629,ok,,false,true,0,0,0.001,0.001,ok,,,,,,1.0,0.9629,false,-0.0371
mul,non-align-3,FlagGems,195.5,237.4,,0.9028,ok,,false,,,,0.001,0.001,unsupported,runner FlagGems does not implement run_with_inputs for mul,,,,,1.0,0.9028,false,-0.0972
mul,non-align-4,cuBLAS/cuDNN,111.3,153.6,,1.0027,ok,,false,true,0,0,0.001,0.001,ok,,,,,,1.0,1.0027,true,0.0027
mul,non-align-4,PyTorch-eager,111.6,144.4,,1.0000,ok,,false,true,0,0,0.001,0.001,ok,,,,,,1.0,1.0000,true,0.0000
mul,non-align-4,Arke,115.7,131.1,,0.9646,ok,,false,true,0,0,0.001,0.001,ok,,,,,,1.0,0.9646,false,-0.0354
mul,non-align-4,FlagGems,112.0,159.7,,0.9964,ok,,false,,,,0.001,0.001,unsupported,runner FlagGems does not implement run_with_inputs for mul,,,,,1.0,0.9964,false,-0.0036
mul,non-align-5,cuBLAS/cuDNN,90.1,103.4,,1.0155,ok,,false,true,0,0,0.001,0.001,ok,,,,,,1.0,1.0155,true,0.0155
mul,non-align-5,PyTorch-eager,91.5,100.4,,1.0000,ok,,false,true,0,0,0.001,0.001,ok,,,,,,1.0,1.0000,true,0.0000
mul,non-align-5,Arke,91.5,109.6,,1.0000,ok,,false,true,0,0,0.001,0.001,ok,,,,,,1.0,1.0000,true,0.0000
mul,non-align-5,FlagGems,102.8,81.9,,0.8901,ok,,false,,,,0.001,0.001,unsupported,runner FlagGems does not implement run_with_inputs for mul,,,,,1.0,0.8901,false,-0.1099
mul,extreme-flat,cuBLAS/cuDNN,91.1,104.3,,1.1350,ok,,false,true,0,0,0.001,0.001,ok,,,,,,1.0,1.1350,true,0.1350
mul,extreme-flat,PyTorch-eager,103.4,107.3,,1.0000,ok,,false,true,0,0,0.001,0.001,ok,,,,,,1.0,1.0000,true,0.0000
mul,extreme-flat,Arke,94.5,108.5,,1.0942,ok,,false,true,0,0,0.001,0.001,ok,,,,,,1.0,1.0942,true,0.0942
mul,extreme-flat,FlagGems,94.5,106.5,,1.0942,ok,,false,,,,0.001,0.001,unsupported,runner FlagGems does not implement run_with_inputs for mul,,,,,1.0,1.0942,true,0.0942
mul,extreme-tall,cuBLAS/cuDNN,89.7,101.4,,1.0424,ok,,false,true,0,0,0.001,0.001,ok,,,,,,1.0,1.0424,true,0.0424
mul,extreme-tall,PyTorch-eager,93.5,101.4,,1.0000,ok,,false,true,0,0,0.001,0.001,ok,,,,,,1.0,1.0000,true,0.0000
mul,extreme-tall,Arke,97.0,94.2,,0.9639,ok,,false,true,0,0,0.001,0.001,ok,,,,,,1.0,0.9639,false,-0.0361
mul,extreme-tall,FlagGems,101.0,65.6,,0.9257,ok,,false,,,,0.001,0.001,unsupported,runner FlagGems does not implement run_with_inputs for mul,,,,,1.0,0.9257,false,-0.0743
mul,extreme-wide,cuBLAS/cuDNN,109.6,160.8,,1.0246,ok,,false,true,0,0,0.001,0.001,ok,,,,,,1.0,1.0246,true,0.0246
mul,extreme-wide,PyTorch-eager,112.3,127.0,,1.0000,ok,,false,true,0,0,0.001,0.001,ok,,,,,,1.0,1.0000,true,0.0000
mul,extreme-wide,Arke,122.9,148.5,,0.9138,ok,,false,true,0,0,0.001,0.001,ok,,,,,,1.0,0.9138,false,-0.0862
mul,extreme-wide,FlagGems,114.3,167.9,,0.9825,ok,,false,,,,0.001,0.001,unsupported,runner FlagGems does not implement run_with_inputs for mul,,,,,1.0,0.9825,false,-0.0175
multi_latent_attention,ds-v2-mla-4k,Arke,inf,inf,,,skipped,memory preflight: estimated attention footprint 4831838208 bytes > budget 3542771302 bytes,true,,,,,,skipped,memory preflight: estimated attention footprint 4831838208 bytes > budget 3542771302 bytes,4831838208,3542771302,1.3639,attention,1.0,N/A,false,N/A
multi_latent_attention,ds-v2-mla-8k,Arke,inf,inf,,,skipped,memory preflight: estimated attention footprint 18253611008 bytes > budget 3542771302 bytes,true,,,,,,skipped,memory preflight: estimated attention footprint 18253611008 bytes > budget 3542771302 bytes,18253611008,3542771302,5.1524,attention,1.0,N/A,false,N/A
multi_latent_attention,ds-v3-mla-4k,Arke,inf,inf,,,skipped,memory preflight: estimated attention footprint 4831838208 bytes > budget 3542771302 bytes,true,,,,,,skipped,memory preflight: estimated attention footprint 4831838208 bytes > budget 3542771302 bytes,4831838208,3542771302,1.3639,attention,1.0,N/A,false,N/A
multi_latent_attention,ds-v3-mla-8k,Arke,inf,inf,,,skipped,memory preflight: estimated attention footprint 18253611008 bytes > budget 3542771302 bytes,true,,,,,,skipped,memory preflight: estimated attention footprint 18253611008 bytes > budget 3542771302 bytes,18253611008,3542771302,5.1524,attention,1.0,N/A,false,N/A
neg,micro-tiny,cuBLAS/cuDNN,94.3,61.5,,0.9088,ok,,false,true,0,0,0.001,0.001,ok,,,,,,1.0,0.9088,false,-0.0912
neg,micro-tiny,PyTorch-eager,85.7,94.2,,1.0000,ok,,false,true,0,0,0.001,0.001,ok,,,,,,1.0,1.0000,true,0.0000
neg,micro-tiny,Arke,88.1,93.0,,0.9728,ok,,false,true,0,0,0.001,0.001,ok,,,,,,1.0,0.9728,false,-0.0272
neg,micro-tiny,FlagGems,154.0,101.1,,0.5565,ok,,false,,,,0.001,0.001,unsupported,runner FlagGems does not implement run_with_inputs for neg,,,,,1.0,0.5565,false,-0.4435
neg,micro-small,cuBLAS/cuDNN,85.6,96.3,,1.0689,ok,,false,true,0,0,0.001,0.001,ok,,,,,,1.0,1.0689,true,0.0689
neg,micro-small,PyTorch-eager,91.5,97.3,,1.0000,ok,,false,true,0,0,0.001,0.001,ok,,,,,,1.0,1.0000,true,0.0000
neg,micro-small,Arke,88.7,76.0,,1.0316,ok,,false,true,0,0,0.001,0.001,ok,,,,,,1.0,1.0316,true,0.0316
neg,micro-small,FlagGems,89.4,63.5,,1.0235,ok,,false,,,,0.001,0.001,unsupported,runner FlagGems does not implement run_with_inputs for neg,,,,,1.0,1.0235,true,0.0235
neg,gpt2-hidden,cuBLAS/cuDNN,88.1,104.4,,0.9875,ok,,false,true,0,0,0.001,0.001,ok,,,,,,1.0,0.9875,false,-0.0125
neg,gpt2-hidden,PyTorch-eager,87.0,90.2,,1.0000,ok,,false,true,0,0,0.001,0.001,ok,,,,,,1.0,1.0000,true,0.0000
neg,gpt2-hidden,Arke,87.0,63.5,,1.0000,ok,,false,true,0,0,0.001,0.001,ok,,,,,,1.0,1.0000,true,0.0000
neg,gpt2-hidden,FlagGems,79.6,62.5,,1.0930,ok,,false,,,,0.001,0.001,unsupported,runner FlagGems does not implement run_with_inputs for neg,,,,,1.0,1.0930,true,0.0930
neg,gpt2-ffn,cuBLAS/cuDNN,85.9,102.2,,1.1688,ok,,false,true,0,0,0.001,0.001,ok,,,,,,1.0,1.1688,true,0.1688
neg,gpt2-ffn,PyTorch-eager,100.4,106.5,,1.0000,ok,,false,true,0,0,0.001,0.001,ok,,,,,,1.0,1.0000,true,0.0000
neg,gpt2-ffn,Arke,87.4,99.4,,1.1487,ok,,false,true,0,0,0.001,0.001,ok,,,,,,1.0,1.1487,true,0.1487
neg,gpt2-ffn,FlagGems,79.9,104.5,,1.2566,ok,,false,,,,0.001,0.001,unsupported,runner FlagGems does not implement run_with_inputs for neg,,,,,1.0,1.2566,true,0.2566
neg,square-1k,cuBLAS/cuDNN,145.4,45.1,,0.6431,ok,,false,true,0,0,0.001,0.001,ok,,,,,,1.0,0.6431,false,-0.3569
neg,square-1k,PyTorch-eager,93.5,99.3,,1.0000,ok,,false,true,0,0,0.001,0.001,ok,,,,,,1.0,1.0000,true,0.0000
neg,square-1k,Arke,96.3,73.7,,0.9709,ok,,false,true,0,0,0.001,0.001,ok,,,,,,1.0,0.9709,false,-0.0291
neg,square-1k,FlagGems,82.3,99.3,,1.1361,ok,,false,,,,0.001,0.001,unsupported,runner FlagGems does not implement run_with_inputs for neg,,,,,1.0,1.1361,true,0.1361
neg,llama-ffn,cuBLAS/cuDNN,100.0,150.5,,1.0040,ok,,false,true,0,0,0.001,0.001,ok,,,,,,1.0,1.0040,true,0.0040
neg,llama-ffn,PyTorch-eager,100.4,83.9,,1.0000,ok,,false,true,0,0,0.001,0.001,ok,,,,,,1.0,1.0000,true,0.0000
neg,llama-ffn,Arke,195.2,142.3,,0.5143,ok,,false,true,0,0,0.001,0.001,ok,,,,,,1.0,0.5143,false,-0.4857
neg,llama-ffn,FlagGems,101.3,148.4,,0.9911,ok,,false,,,,0.001,0.001,unsupported,runner FlagGems does not implement run_with_inputs for neg,,,,,1.0,0.9911,false,-0.0089
neg,llama-hidden,cuBLAS/cuDNN,87.0,105.4,,1.0092,ok,,false,true,0,0,0.001,0.001,ok,,,,,,1.0,1.0092,true,0.0092
neg,llama-hidden,PyTorch-eager,87.8,102.4,,1.0000,ok,,false,true,0,0,0.001,0.001,ok,,,,,,1.0,1.0000,true,0.0000
neg,llama-hidden,Arke,86.3,105.5,,1.0174,ok,,false,true,0,0,0.001,0.001,ok,,,,,,1.0,1.0174,true,0.0174
neg,llama-hidden,FlagGems,94.5,93.2,,0.9291,ok,,false,,,,0.001,0.001,unsupported,runner FlagGems does not implement run_with_inputs for neg,,,,,1.0,0.9291,false,-0.0709
neg,llama-long,cuBLAS/cuDNN,230.7,221.2,,1.0074,ok,,false,true,0,0,0.001,0.001,ok,,,,,,1.0,1.0074,true,0.0074
neg,llama-long,PyTorch-eager,232.4,253.9,,1.0000,ok,,false,true,0,0,0.001,0.001,ok,,,,,,1.0,1.0000,true,0.0000
neg,llama-long,Arke,242.0,279.6,,0.9603,ok,,false,true,0,0,0.001,0.001,ok,,,,,,1.0,0.9603,false,-0.0397
neg,llama-long,FlagGems,254.3,218.1,,0.9139,ok,,false,,,,0.001,0.001,unsupported,runner FlagGems does not implement run_with_inputs for neg,,,,,1.0,0.9139,false,-0.0861
neg,ds-ffn,cuBLAS/cuDNN,107.9,150.3,,1.0056,ok,,false,true,0,0,0.001,0.001,ok,,,,,,1.0,1.0056,true,0.0056
neg,ds-ffn,PyTorch-eager,108.5,160.8,,1.0000,ok,,false,true,0,0,0.001,0.001,ok,,,,,,1.0,1.0000,true,0.0000
neg,ds-ffn,Arke,116.4,160.6,,0.9321,ok,,false,true,0,0,0.001,0.001,ok,,,,,,1.0,0.9321,false,-0.0679
neg,ds-ffn,FlagGems,110.6,154.6,,0.9810,ok,,false,,,,0.001,0.001,unsupported,runner FlagGems does not implement run_with_inputs for neg,,,,,1.0,0.9810,false,-0.0190
neg,ds-ffn-large,cuBLAS/cuDNN,148.1,192.5,,1.0115,ok,,false,true,0,0,0.001,0.001,ok,,,,,,1.0,1.0115,true,0.0115
neg,ds-ffn-large,PyTorch-eager,149.8,193.4,,1.0000,ok,,false,true,0,0,0.001,0.001,ok,,,,,,1.0,1.0000,true,0.0000
neg,ds-ffn-large,Arke,152.9,165.9,,0.9797,ok,,false,true,0,0,0.001,0.001,ok,,,,,,1.0,0.9797,false,-0.0203
neg,ds-ffn-large,FlagGems,148.8,147.5,,1.0067,ok,,false,,,,0.001,0.001,unsupported,runner FlagGems does not implement run_with_inputs for neg,,,,,1.0,1.0067,true,0.0067
neg,qwen-ffn,cuBLAS/cuDNN,154.9,194.6,,1.0045,ok,,false,true,0,0,0.001,0.001,ok,,,,,,1.0,1.0045,true,0.0045
neg,qwen-ffn,PyTorch-eager,155.6,190.5,,1.0000,ok,,false,true,0,0,0.001,0.001,ok,,,,,,1.0,1.0000,true,0.0000
neg,qwen-ffn,Arke,152.9,190.3,,1.0177,ok,,false,true,0,0,0.001,0.001,ok,,,,,,1.0,1.0177,true,0.0177
neg,qwen-ffn,FlagGems,153.9,188.4,,1.0110,ok,,false,,,,0.001,0.001,unsupported,runner FlagGems does not implement run_with_inputs for neg,,,,,1.0,1.0110,true,0.0110
neg,xlarge,cuBLAS/cuDNN,447.8,458.8,,0.9808,ok,,false,true,0,0,0.001,0.001,ok,,,,,,1.0,0.9808,false,-0.0192
neg,xlarge,PyTorch-eager,439.2,432.1,,1.0000,ok,,false,true,0,0,0.001,0.001,ok,,,,,,1.0,1.0000,true,0.0000
neg,xlarge,Arke,441.7,468.0,,0.9943,ok,,false,true,0,0,0.001,0.001,ok,,,,,,1.0,0.9943,false,-0.0057
neg,xlarge,FlagGems,438.3,433.2,,1.0021,ok,,false,,,,0.001,0.001,unsupported,runner FlagGems does not implement run_with_inputs for neg,,,,,1.0,1.0021,true,0.0021
neg,non-align-1,cuBLAS/cuDNN,152.2,98.3,,0.5986,ok,,false,true,0,0,0.001,0.001,ok,,,,,,1.0,0.5986,false,-0.4014
neg,non-align-1,PyTorch-eager,91.1,96.3,,1.0000,ok,,false,true,0,0,0.001,0.001,ok,,,,,,1.0,1.0000,true,0.0000
neg,non-align-1,Arke,91.4,98.3,,0.9967,ok,,false,true,0,0,0.001,0.001,ok,,,,,,1.0,0.9967,false,-0.0033
neg,non-align-1,FlagGems,81.2,102.4,,1.1219,ok,,false,,,,0.001,0.001,unsupported,runner FlagGems does not implement run_with_inputs for neg,,,,,1.0,1.1219,true,0.1219
neg,non-align-2,cuBLAS/cuDNN,103.8,112.4,,0.8507,ok,,false,true,0,0,0.001,0.001,ok,,,,,,1.0,0.8507,false,-0.1493
neg,non-align-2,PyTorch-eager,88.3,106.5,,1.0000,ok,,false,true,0,0,0.001,0.001,ok,,,,,,1.0,1.0000,true,0.0000
neg,non-align-2,Arke,107.5,117.8,,0.8214,ok,,false,true,0,0,0.001,0.001,ok,,,,,,1.0,0.8214,false,-0.1786
neg,non-align-2,FlagGems,104.1,109.6,,0.8482,ok,,false,,,,0.001,0.001,unsupported,runner FlagGems does not implement run_with_inputs for neg,,,,,1.0,0.8482,false,-0.1518
neg,non-align-3,cuBLAS/cuDNN,133.8,155.6,,0.9895,ok,,false,true,0,0,0.001,0.001,ok,,,,,,1.0,0.9895,false,-0.0105
neg,non-align-3,PyTorch-eager,132.4,184.3,,1.0000,ok,,false,true,0,0,0.001,0.001,ok,,,,,,1.0,1.0000,true,0.0000
neg,non-align-3,Arke,136.5,144.1,,0.9700,ok,,false,true,0,0,0.001,0.001,ok,,,,,,1.0,0.9700,false,-0.0300
neg,non-align-3,FlagGems,144.0,152.6,,0.9194,ok,,false,,,,0.001,0.001,unsupported,runner FlagGems does not implement run_with_inputs for neg,,,,,1.0,0.9194,false,-0.0806
neg,non-align-4,cuBLAS/cuDNN,94.5,122.9,,0.9524,ok,,false,true,0,0,0.001,0.001,ok,,,,,,1.0,0.9524,false,-0.0476
neg,non-align-4,PyTorch-eager,90.0,119.8,,1.0000,ok,,false,true,0,0,0.001,0.001,ok,,,,,,1.0,1.0000,true,0.0000
neg,non-align-4,Arke,93.4,105.5,,0.9636,ok,,false,true,0,0,0.001,0.001,ok,,,,,,1.0,0.9636,false,-0.0364
neg,non-align-4,FlagGems,100.0,118.8,,0.9000,ok,,false,,,,0.001,0.001,unsupported,runner FlagGems does not implement run_with_inputs for neg,,,,,1.0,0.9000,false,-0.1000
neg,non-align-5,cuBLAS/cuDNN,90.1,67.6,,0.9290,ok,,false,true,0,0,0.001,0.001,ok,,,,,,1.0,0.9290,false,-0.0710
neg,non-align-5,PyTorch-eager,83.7,87.0,,1.0000,ok,,false,true,0,0,0.001,0.001,ok,,,,,,1.0,1.0000,true,0.0000
neg,non-align-5,Arke,87.0,93.2,,0.9621,ok,,false,true,0,0,0.001,0.001,ok,,,,,,1.0,0.9621,false,-0.0379
neg,non-align-5,FlagGems,109.2,95.2,,0.7665,ok,,false,,,,0.001,0.001,unsupported,runner FlagGems does not implement run_with_inputs for neg,,,,,1.0,0.7665,false,-0.2335
neg,extreme-flat,cuBLAS/cuDNN,80.9,100.4,,1.3201,ok,,false,true,0,0,0.001,0.001,ok,,,,,,1.0,1.3201,true,0.3201
neg,extreme-flat,PyTorch-eager,106.8,94.0,,1.0000,ok,,false,true,0,0,0.001,0.001,ok,,,,,,1.0,1.0000,true,0.0000
neg,extreme-flat,Arke,96.6,102.4,,1.1056,ok,,false,true,0,0,0.001,0.001,ok,,,,,,1.0,1.1056,true,0.1056
neg,extreme-flat,FlagGems,81.9,104.4,,1.3040,ok,,false,,,,0.001,0.001,unsupported,runner FlagGems does not implement run_with_inputs for neg,,,,,1.0,1.3040,true,0.3040
neg,extreme-tall,cuBLAS/cuDNN,95.9,101.3,,0.9322,ok,,false,true,0,0,0.001,0.001,ok,,,,,,1.0,0.9322,false,-0.0678
neg,extreme-tall,PyTorch-eager,89.4,98.3,,1.0000,ok,,false,true,0,0,0.001,0.001,ok,,,,,,1.0,1.0000,true,0.0000
neg,extreme-tall,Arke,91.1,95.9,,0.9813,ok,,false,true,0,0,0.001,0.001,ok,,,,,,1.0,0.9813,false,-0.0187
neg,extreme-tall,FlagGems,87.7,89.4,,1.0194,ok,,false,,,,0.001,0.001,unsupported,runner FlagGems does not implement run_with_inputs for neg,,,,,1.0,1.0194,true,0.0194
neg,extreme-wide,cuBLAS/cuDNN,108.2,130.0,,0.8392,ok,,false,true,0,0,0.001,0.001,ok,,,,,,1.0,0.8392,false,-0.1608
neg,extreme-wide,PyTorch-eager,90.8,127.9,,1.0000,ok,,false,true,0,0,0.001,0.001,ok,,,,,,1.0,1.0000,true,0.0000
neg,extreme-wide,Arke,103.0,127.0,,0.8816,ok,,false,true,0,0,0.001,0.001,ok,,,,,,1.0,0.8816,false,-0.1184
neg,extreme-wide,FlagGems,93.2,114.7,,0.9742,ok,,false,,,,0.001,0.001,unsupported,runner FlagGems does not implement run_with_inputs for neg,,,,,1.0,0.9742,false,-0.0258
paged_attention,llama3-ctx8k,Arke,inf,inf,,,skipped,memory preflight: estimated attention footprint 4563402752 bytes > budget 3542771302 bytes,true,,,,,,skipped,memory preflight: estimated attention footprint 4563402752 bytes > budget 3542771302 bytes,4563402752,3542771302,1.2881,attention,1.0,N/A,false,N/A
paged_attention,qwen25-ctx32k,Arke,inf,inf,,,skipped,memory preflight: estimated attention footprint 8724152320 bytes > budget 3542771302 bytes,true,,,,,,skipped,memory preflight: estimated attention footprint 8724152320 bytes > budget 3542771302 bytes,8724152320,3542771302,2.4625,attention,1.0,N/A,false,N/A
paged_attention,vllm-batch16,Arke,inf,inf,,,skipped,memory preflight: estimated attention footprint 5368709120 bytes > budget 3542771302 bytes,true,,,,,,skipped,memory preflight: estimated attention footprint 5368709120 bytes > budget 3542771302 bytes,5368709120,3542771302,1.5154,attention,1.0,N/A,false,N/A
paged_attention,vllm-batch32-ctx4k,Arke,inf,inf,,,skipped,memory preflight: estimated attention footprint 38654705664 bytes > budget 3542771302 bytes,true,,,,,,skipped,memory preflight: estimated attention footprint 38654705664 bytes > budget 3542771302 bytes,38654705664,3542771302,10.9109,attention,1.0,N/A,false,N/A
permute,non-align-1,PyTorch-eager,0.7,2.0,,1.0000,ok,,false,,,,0.001,0.001,error,integer division or modulo by zero,,,,,1.0,1.0000,true,0.0000
permute,non-align-2,PyTorch-eager,0.7,2.9,,1.0000,ok,,false,,,,0.001,0.001,error,integer division or modulo by zero,,,,,1.0,1.0000,true,0.0000
quantize_per_token,tiny-int8,PyTorch-eager,84.0,58.4,,1.0000,ok,,false,true,0,0,0.001,0.001,ok,,,,,,1.0,1.0000,true,0.0000
quantize_per_token,tiny-int8,Arke,97.3,102.4,,0.8633,ok,,false,,,,0.001,0.001,unsupported,runner Arke returned non-tensor correctness output for quantize_per_token,,,,,1.0,0.8633,false,-0.1367
quantize_per_token,gpt2-int8,PyTorch-eager,96.2,98.0,,1.0000,ok,,false,true,0,0,0.001,0.001,ok,,,,,,1.0,1.0000,true,0.0000
quantize_per_token,gpt2-int8,Arke,106.5,88.9,,0.9033,ok,,false,,,,0.001,0.001,unsupported,runner Arke returned non-tensor correctness output for quantize_per_token,,,,,1.0,0.9033,false,-0.0967
quantize_per_token,llama2-int8-512,PyTorch-eager,174.8,175.1,,1.0000,ok,,false,true,0,0,0.001,0.001,ok,,,,,,1.0,1.0000,true,0.0000
quantize_per_token,llama2-int8-512,Arke,173.1,175.9,,1.0098,ok,,false,,,,0.001,0.001,unsupported,runner Arke returned non-tensor correctness output for quantize_per_token,,,,,1.0,1.0098,true,0.0098
quantize_per_token,llama2-fp8-512,PyTorch-eager,173.4,176.0,,1.0000,ok,,false,true,0,0,0.001,0.001,ok,,,,,,1.0,1.0000,true,0.0000
quantize_per_token,llama2-fp8-512,Arke,173.4,174.9,,1.0000,ok,,false,,,,0.001,0.001,unsupported,runner Arke returned non-tensor correctness output for quantize_per_token,,,,,1.0,1.0000,true,0.0000
quantize_per_token,ds-v2-int8,PyTorch-eager,213.3,213.8,,1.0000,ok,,false,true,0,0,0.001,0.001,ok,,,,,,1.0,1.0000,true,0.0000
quantize_per_token,ds-v2-int8,Arke,242.0,213.0,,0.8814,ok,,false,,,,0.001,0.001,unsupported,runner Arke returned non-tensor correctness output for quantize_per_token,,,,,1.0,0.8814,false,-0.1186
quantize_per_token,non-align-1,PyTorch-eager,92.8,95.2,,1.0000,ok,,false,true,0,0,0.001,0.001,ok,,,,,,1.0,1.0000,true,0.0000
quantize_per_token,non-align-1,Arke,127.0,105.3,,0.7307,ok,,false,,,,0.001,0.001,unsupported,runner Arke returned non-tensor correctness output for quantize_per_token,,,,,1.0,0.7307,false,-0.2693
quantize_per_token,non-align-2,PyTorch-eager,123.1,123.9,,1.0000,ok,,false,true,0,0,0.001,0.001,ok,,,,,,1.0,1.0000,true,0.0000
quantize_per_token,non-align-2,Arke,123.6,123.9,,0.9960,ok,,false,,,,0.001,0.001,unsupported,runner Arke returned non-tensor correctness output for quantize_per_token,,,,,1.0,0.9960,false,-0.0040
reduce_max,small,cuBLAS/cuDNN,153.6,144.4,,1.4792,ok,,false,true,0,0,0.001,0.001,ok,,,,,,1.0,1.4792,true,0.4792
reduce_max,small,PyTorch-eager,227.2,228.4,,1.0000,ok,,false,true,0,0,0.001,0.001,ok,,,,,,1.0,1.0000,true,0.0000
reduce_max,small,Arke,213.7,203.8,,1.0632,ok,,false,true,0,0,0.001,0.001,ok,,,,,,1.0,1.0632,true,0.0632
reduce_max,small,FlagGems,163.4,95.2,,1.3905,ok,,false,,,,0.001,0.001,unsupported,runner FlagGems does not implement run_with_inputs for reduce_max,,,,,1.0,1.3905,true,0.3905
reduce_max,medium,cuBLAS/cuDNN,136.2,145.4,,1.3605,ok,,false,true,0,0,0.001,0.001,ok,,,,,,1.0,1.3605,true,0.3605
reduce_max,medium,PyTorch-eager,185.3,139.3,,1.0000,ok,,false,true,0,0,0.001,0.001,ok,,,,,,1.0,1.0000,true,0.0000
reduce_max,medium,Arke,160.4,209.9,,1.1552,ok,,false,true,0,0,0.001,0.001,ok,,,,,,1.0,1.1552,true,0.1552
reduce_max,medium,FlagGems,163.4,145.5,,1.1340,ok,,false,,,,0.001,0.001,unsupported,runner FlagGems does not implement run_with_inputs for reduce_max,,,,,1.0,1.1340,true,0.1340
reduce_max,large,cuBLAS/cuDNN,146.2,134.1,,0.7750,ok,,false,true,0,0,0.001,0.001,ok,,,,,,1.0,0.7750,false,-0.2250
reduce_max,large,PyTorch-eager,113.3,122.9,,1.0000,ok,,false,true,0,0,0.001,0.001,ok,,,,,,1.0,1.0000,true,0.0000
reduce_max,large,Arke,178.2,163.0,,0.6358,ok,,false,true,0,0,0.001,0.001,ok,,,,,,1.0,0.6358,false,-0.3642
reduce_max,large,FlagGems,154.5,143.4,,0.7333,ok,,false,,,,0.001,0.001,unsupported,runner FlagGems does not implement run_with_inputs for reduce_max,,,,,1.0,0.7333,false,-0.2667
reduce_max,wide,cuBLAS/cuDNN,127.3,134.1,,1.8665,ok,,false,true,0,0,0.001,0.001,ok,,,,,,1.0,1.8665,true,0.8665
reduce_max,wide,PyTorch-eager,237.6,165.9,,1.0000,ok,,false,true,0,0,0.001,0.001,ok,,,,,,1.0,1.0000,true,0.0000
reduce_max,wide,Arke,183.0,37.9,,1.2984,ok,,false,true,0,0,0.001,0.001,ok,,,,,,1.0,1.2984,true,0.2984
reduce_max,wide,FlagGems,127.1,138.2,,1.8694,ok,,false,,,,0.001,0.001,unsupported,runner FlagGems does not implement run_with_inputs for reduce_max,,,,,1.0,1.8694,true,0.8694
reduce_max,llama3-wide,cuBLAS/cuDNN,140.0,146.4,,1.1971,ok,,false,true,0,0,0.001,0.001,ok,,,,,,1.0,1.1971,true,0.1971
reduce_max,llama3-wide,PyTorch-eager,167.6,142.5,,1.0000,ok,,false,true,0,0,0.001,0.001,ok,,,,,,1.0,1.0000,true,0.0000
reduce_max,llama3-wide,Arke,189.4,255.9,,0.8849,ok,,false,true,0,0,0.001,0.001,ok,,,,,,1.0,0.8849,false,-0.1151
reduce_max,llama3-wide,FlagGems,172.7,145.2,,0.9705,ok,,false,,,,0.001,0.001,unsupported,runner FlagGems does not implement run_with_inputs for reduce_max,,,,,1.0,0.9705,false,-0.0295
reduce_max,qwen25-wide,cuBLAS/cuDNN,125.0,140.0,,1.5104,ok,,false,true,0,0,0.001,0.001,ok,,,,,,1.0,1.5104,true,0.5104
reduce_max,qwen25-wide,PyTorch-eager,188.8,148.6,,1.0000,ok,,false,true,0,0,0.001,0.001,ok,,,,,,1.0,1.0000,true,0.0000
reduce_max,qwen25-wide,Arke,168.0,142.2,,1.1238,ok,,false,true,0,0,0.001,0.001,ok,,,,,,1.0,1.1238,true,0.1238
reduce_max,qwen25-wide,FlagGems,149.8,141.3,,1.2603,ok,,false,,,,0.001,0.001,unsupported,runner FlagGems does not implement run_with_inputs for reduce_max,,,,,1.0,1.2603,true,0.2603
reduce_max,non-align-1,cuBLAS/cuDNN,164.8,113.7,,0.9587,ok,,false,true,0,0,0.001,0.001,ok,,,,,,1.0,0.9587,false,-0.0413
reduce_max,non-align-1,PyTorch-eager,158.0,30.7,,1.0000,ok,,false,true,0,0,0.001,0.001,ok,,,,,,1.0,1.0000,true,0.0000
reduce_max,non-align-1,Arke,177.2,133.9,,0.8916,ok,,false,true,0,0,0.001,0.001,ok,,,,,,1.0,0.8916,false,-0.1084
reduce_max,non-align-1,FlagGems,127.7,143.4,,1.2373,ok,,false,,,,0.001,0.001,unsupported,runner FlagGems does not implement run_with_inputs for reduce_max,,,,,1.0,1.2373,true,0.2373
reduce_max,non-align-2,cuBLAS/cuDNN,157.0,106.5,,0.9694,ok,,false,true,0,0,0.001,0.001,ok,,,,,,1.0,0.9694,false,-0.0306
reduce_max,non-align-2,PyTorch-eager,152.2,35.9,,1.0000,ok,,false,true,0,0,0.001,0.001,ok,,,,,,1.0,1.0000,true,0.0000
reduce_max,non-align-2,Arke,152.6,171.7,,0.9974,ok,,false,true,0,0,0.001,0.001,ok,,,,,,1.0,0.9974,false,-0.0026
reduce_max,non-align-2,FlagGems,210.9,39.9,,0.7217,ok,,false,,,,0.001,0.001,unsupported,runner FlagGems does not implement run_with_inputs for reduce_max,,,,,1.0,0.7217,false,-0.2783
reduce_max,non-align-3,cuBLAS/cuDNN,195.9,150.5,,0.9357,ok,,false,true,0,0,0.001,0.001,ok,,,,,,1.0,0.9357,false,-0.0643
reduce_max,non-align-3,PyTorch-eager,183.3,150.5,,1.0000,ok,,false,true,0,0,0.001,0.001,ok,,,,,,1.0,1.0000,true,0.0000
reduce_max,non-align-3,Arke,176.1,210.8,,1.0409,ok,,false,true,0,0,0.001,0.001,ok,,,,,,1.0,1.0409,true,0.0409
reduce_max,non-align-3,FlagGems,174.4,213.0,,1.0510,ok,,false,,,,0.001,0.001,unsupported,runner FlagGems does not implement run_with_inputs for reduce_max,,,,,1.0,1.0510,true,0.0510
reduce_max,extreme-tall,cuBLAS/cuDNN,256.6,289.8,,0.9602,ok,,false,true,0,0,0.001,0.001,ok,,,,,,1.0,0.9602,false,-0.0398
reduce_max,extreme-tall,PyTorch-eager,246.4,285.7,,1.0000,ok,,false,true,0,0,0.001,0.001,ok,,,,,,1.0,1.0000,true,0.0000
reduce_max,extreme-tall,Arke,267.3,214.9,,0.9218,ok,,false,true,0,0,0.001,0.001,ok,,,,,,1.0,0.9218,false,-0.0782
reduce_max,extreme-tall,FlagGems,228.6,222.2,,1.0779,ok,,false,,,,0.001,0.001,unsupported,runner FlagGems does not implement run_with_inputs for reduce_max,,,,,1.0,1.0779,true,0.0779
reduce_max,extreme-flat,cuBLAS/cuDNN,559.4,547.8,,0.9970,ok,,false,true,0,0,0.001,0.001,ok,,,,,,1.0,0.9970,false,-0.0030
reduce_max,extreme-flat,PyTorch-eager,557.7,539.6,,1.0000,ok,,false,true,0,0,0.001,0.001,ok,,,,,,1.0,1.0000,true,0.0000
reduce_max,extreme-flat,Arke,549.4,488.1,,1.0151,ok,,false,true,0,0,0.001,0.001,ok,,,,,,1.0,1.0151,true,0.0151
reduce_max,extreme-flat,FlagGems,545.4,488.4,,1.0226,ok,,false,,,,0.001,0.001,unsupported,runner FlagGems does not implement run_with_inputs for reduce_max,,,,,1.0,1.0226,true,0.0226
reduce_mean,small,cuBLAS/cuDNN,55.3,66.8,,1.0127,ok,,false,true,0,0,0.001,0.001,ok,,,,,,1.0,1.0127,true,0.0127
reduce_mean,small,PyTorch-eager,56.0,5.1,,1.0000,ok,,false,true,0,0,0.001,0.001,ok,,,,,,1.0,1.0000,true,0.0000
reduce_mean,small,Arke,70.0,75.5,,0.8000,ok,,false,true,0,0,0.001,0.001,ok,,,,,,1.0,0.8000,false,-0.2000
reduce_mean,small,FlagGems,58.1,70.7,,0.9639,ok,,false,,,,0.001,0.001,unsupported,runner FlagGems does not implement run_with_inputs for reduce_mean,,,,,1.0,0.9639,false,-0.0361
reduce_mean,medium,cuBLAS/cuDNN,65.2,73.1,,0.8589,ok,,false,true,0,0,0.001,0.001,ok,,,,,,1.0,0.8589,false,-0.1411
reduce_mean,medium,PyTorch-eager,56.0,66.4,,1.0000,ok,,false,true,0,0,0.001,0.001,ok,,,,,,1.0,1.0000,true,0.0000
reduce_mean,medium,Arke,55.7,32.8,,1.0054,ok,,false,true,0,0,0.001,0.001,ok,,,,,,1.0,1.0054,true,0.0054
reduce_mean,medium,FlagGems,135.6,70.8,,0.4130,ok,,false,,,,0.001,0.001,unsupported,runner FlagGems does not implement run_with_inputs for reduce_mean,,,,,1.0,0.4130,false,-0.5870
reduce_mean,large,cuBLAS/cuDNN,73.4,70.5,,1.1131,ok,,false,true,0,0,0.001,0.001,ok,,,,,,1.0,1.1131,true,0.1131
reduce_mean,large,PyTorch-eager,81.7,79.6,,1.0000,ok,,false,true,0,0,0.001,0.001,ok,,,,,,1.0,1.0000,true,0.0000
reduce_mean,large,Arke,59.4,34.7,,1.3754,ok,,false,true,0,0,0.001,0.001,ok,,,,,,1.0,1.3754,true,0.3754
reduce_mean,large,FlagGems,54.3,70.7,,1.5046,ok,,false,,,,0.001,0.001,unsupported,runner FlagGems does not implement run_with_inputs for reduce_mean,,,,,1.0,1.5046,true,0.5046
reduce_mean,wide,cuBLAS/cuDNN,115.7,113.7,,0.9568,ok,,false,true,0,0,0.001,0.001,ok,,,,,,1.0,0.9568,false,-0.0432
reduce_mean,wide,PyTorch-eager,110.7,118.0,,1.0000,ok,,false,true,0,0,0.001,0.001,ok,,,,,,1.0,1.0000,true,0.0000
reduce_mean,wide,Arke,115.4,10.2,,0.9593,ok,,false,true,0,0,0.001,0.001,ok,,,,,,1.0,0.9593,false,-0.0407
reduce_mean,wide,FlagGems,75.5,71.9,,1.4662,ok,,false,,,,0.001,0.001,unsupported,runner FlagGems does not implement run_with_inputs for reduce_mean,,,,,1.0,1.4662,true,0.4662
reduce_mean,llama3-wide,cuBLAS/cuDNN,115.4,141.6,,1.0147,ok,,false,true,0,0,0.001,0.001,ok,,,,,,1.0,1.0147,true,0.0147
reduce_mean,llama3-wide,PyTorch-eager,117.1,57.3,,1.0000,ok,,false,true,0,0,0.001,0.001,ok,,,,,,1.0,1.0000,true,0.0000
reduce_mean,llama3-wide,Arke,114.7,149.5,,1.0209,ok,,false,true,0,0,0.001,0.001,ok,,,,,,1.0,1.0209,true,0.0209
reduce_mean,llama3-wide,FlagGems,66.2,71.4,,1.7689,ok,,false,,,,0.001,0.001,unsupported,runner FlagGems does not implement run_with_inputs for reduce_mean,,,,,1.0,1.7689,true,0.7689
reduce_mean,qwen25-wide,cuBLAS/cuDNN,116.4,8.9,,0.4948,ok,,false,true,0,0,0.001,0.001,ok,,,,,,1.0,0.4948,false,-0.5052
reduce_mean,qwen25-wide,PyTorch-eager,57.6,67.5,,1.0000,ok,,false,true,0,0,0.001,0.001,ok,,,,,,1.0,1.0000,true,0.0000
reduce_mean,qwen25-wide,Arke,61.2,80.1,,0.9412,ok,,false,true,0,0,0.001,0.001,ok,,,,,,1.0,0.9412,false,-0.0588
reduce_mean,qwen25-wide,FlagGems,70.0,10.2,,0.8229,ok,,false,,,,0.001,0.001,unsupported,runner FlagGems does not implement run_with_inputs for reduce_mean,,,,,1.0,0.8229,false,-0.1771
reduce_mean,non-align-1,cuBLAS/cuDNN,112.6,7.2,,1.0639,ok,,false,true,0,0,0.001,0.001,ok,,,,,,1.0,1.0639,true,0.0639
reduce_mean,non-align-1,PyTorch-eager,119.8,132.1,,1.0000,ok,,false,true,0,0,0.001,0.001,ok,,,,,,1.0,1.0000,true,0.0000
reduce_mean,non-align-1,Arke,105.5,4.0,,1.1355,ok,,false,true,0,0,0.001,0.001,ok,,,,,,1.0,1.1355,true,0.1355
reduce_mean,non-align-1,FlagGems,59.4,72.7,,2.0168,ok,,false,,,,0.001,0.001,unsupported,runner FlagGems does not implement run_with_inputs for reduce_mean,,,,,1.0,2.0168,true,1.0168
reduce_mean,non-align-2,cuBLAS/cuDNN,55.6,58.4,,2.0935,ok,,false,true,0,0,0.001,0.001,ok,,,,,,1.0,2.0935,true,1.0935
reduce_mean,non-align-2,PyTorch-eager,116.4,114.6,,1.0000,ok,,false,true,0,0,0.001,0.001,ok,,,,,,1.0,1.0000,true,0.0000
reduce_mean,non-align-2,Arke,124.6,149.8,,0.9342,ok,,false,true,0,0,0.001,0.001,ok,,,,,,1.0,0.9342,false,-0.0658
reduce_mean,non-align-2,FlagGems,57.7,15.2,,2.0173,ok,,false,,,,0.001,0.001,unsupported,runner FlagGems does not implement run_with_inputs for reduce_mean,,,,,1.0,2.0173,true,1.0173
reduce_mean,non-align-3,cuBLAS/cuDNN,157.7,148.5,,1.0260,ok,,false,true,0,0,0.001,0.001,ok,,,,,,1.0,1.0260,true,0.0260
reduce_mean,non-align-3,PyTorch-eager,161.8,185.3,,1.0000,ok,,false,true,0,0,0.001,0.001,ok,,,,,,1.0,1.0000,true,0.0000
reduce_mean,non-align-3,Arke,147.8,147.5,,1.0947,ok,,false,true,0,0,0.001,0.001,ok,,,,,,1.0,1.0947,true,0.0947
reduce_mean,non-align-3,FlagGems,164.2,175.1,,0.9854,ok,,false,,,,0.001,0.001,unsupported,runner FlagGems does not implement run_with_inputs for reduce_mean,,,,,1.0,0.9854,false,-0.0146
reduce_mean,extreme-tall,cuBLAS/cuDNN,155.6,138.0,,0.9499,ok,,false,true,0,0,0.001,0.001,ok,,,,,,1.0,0.9499,false,-0.0501
reduce_mean,extreme-tall,PyTorch-eager,147.8,136.2,,1.0000,ok,,false,true,0,0,0.001,0.001,ok,,,,,,1.0,1.0000,true,0.0000
reduce_mean,extreme-tall,Arke,148.5,134.1,,0.9953,ok,,false,true,0,0,0.001,0.001,ok,,,,,,1.0,0.9953,false,-0.0047
reduce_mean,extreme-tall,FlagGems,147.5,157.7,,1.0020,ok,,false,,,,0.001,0.001,unsupported,runner FlagGems does not implement run_with_inputs for reduce_mean,,,,,1.0,1.0020,true,0.0020
reduce_mean,extreme-flat,cuBLAS/cuDNN,57.0,82.9,,1.2632,ok,,false,true,0,0,0.001,0.001,ok,,,,,,1.0,1.2632,true,0.2632
reduce_mean,extreme-flat,PyTorch-eager,72.0,81.9,,1.0000,ok,,false,true,0,0,0.001,0.001,ok,,,,,,1.0,1.0000,true,0.0000
reduce_mean,extreme-flat,Arke,72.0,87.0,,1.0000,ok,,false,true,0,0,0.001,0.001,ok,,,,,,1.0,1.0000,true,0.0000
reduce_mean,extreme-flat,FlagGems,61.0,76.8,,1.1803,ok,,false,,,,0.001,0.001,unsupported,runner FlagGems does not implement run_with_inputs for reduce_mean,,,,,1.0,1.1803,true,0.1803
reduce_sum,small,cuBLAS/cuDNN,25.9,24.5,,0.8417,ok,,false,true,0,0,0.001,0.001,ok,,,,,,1.0,0.8417,false,-0.1583
reduce_sum,small,PyTorch-eager,21.8,27.6,,1.0000,ok,,false,true,0,0,0.001,0.001,ok,,,,,,1.0,1.0000,true,0.0000
reduce_sum,small,Arke,20.1,28.7,,1.0846,ok,,false,true,0,0,0.001,0.001,ok,,,,,,1.0,1.0846,true,0.0846
reduce_sum,small,FlagGems,55.6,74.8,,0.3921,ok,,false,,,,0.001,0.001,unsupported,runner FlagGems does not implement run_with_inputs for reduce_sum,,,,,1.0,0.3921,false,-0.6079
reduce_sum,medium,cuBLAS/cuDNN,20.5,28.7,,0.8634,ok,,false,true,0,0,0.001,0.001,ok,,,,,,1.0,0.8634,false,-0.1366
reduce_sum,medium,PyTorch-eager,17.7,27.6,,1.0000,ok,,false,true,0,0,0.001,0.001,ok,,,,,,1.0,1.0000,true,0.0000
reduce_sum,medium,Arke,20.1,27.4,,0.8806,ok,,false,true,0,0,0.001,0.001,ok,,,,,,1.0,0.8806,false,-0.1194
reduce_sum,medium,FlagGems,62.7,81.9,,0.2823,ok,,false,,,,0.001,0.001,unsupported,runner FlagGems does not implement run_with_inputs for reduce_sum,,,,,1.0,0.2823,false,-0.7177
reduce_sum,large,cuBLAS/cuDNN,36.1,34.8,,0.9280,ok,,false,true,0,0,0.001,0.001,ok,,,,,,1.0,0.9280,false,-0.0720
reduce_sum,large,PyTorch-eager,33.5,34.6,,1.0000,ok,,false,true,0,0,0.001,0.001,ok,,,,,,1.0,1.0000,true,0.0000
reduce_sum,large,Arke,35.8,35.7,,0.9358,ok,,false,true,0,0,0.001,0.001,ok,,,,,,1.0,0.9358,false,-0.0642
reduce_sum,large,FlagGems,71.7,73.7,,0.4672,ok,,false,,,,0.001,0.001,unsupported,runner FlagGems does not implement run_with_inputs for reduce_sum,,,,,1.0,0.4672,false,-0.5328
reduce_sum,wide,cuBLAS/cuDNN,17.4,26.6,,1.0000,ok,,false,true,0,0,0.001,0.001,ok,,,,,,1.0,1.0000,true,0.0000
reduce_sum,wide,PyTorch-eager,17.4,26.8,,1.0000,ok,,false,true,0,0,0.001,0.001,ok,,,,,,1.0,1.0000,true,0.0000
reduce_sum,wide,Arke,22.5,27.6,,0.7733,ok,,false,true,0,0,0.001,0.001,ok,,,,,,1.0,0.7733,false,-0.2267
reduce_sum,wide,FlagGems,60.8,46.0,,0.2862,ok,,false,,,,0.001,0.001,unsupported,runner FlagGems does not implement run_with_inputs for reduce_sum,,,,,1.0,0.2862,false,-0.7138
reduce_sum,llama3-wide,cuBLAS/cuDNN,23.2,18.3,,0.8103,ok,,false,true,0,0,0.001,0.001,ok,,,,,,1.0,0.8103,false,-0.1897
reduce_sum,llama3-wide,PyTorch-eager,18.8,24.9,,1.0000,ok,,false,true,0,0,0.001,0.001,ok,,,,,,1.0,1.0000,true,0.0000
reduce_sum,llama3-wide,Arke,21.5,27.6,,0.8744,ok,,false,true,0,0,0.001,0.001,ok,,,,,,1.0,0.8744,false,-0.1256
reduce_sum,llama3-wide,FlagGems,60.8,9.0,,0.3092,ok,,false,,,,0.001,0.001,unsupported,runner FlagGems does not implement run_with_inputs for reduce_sum,,,,,1.0,0.3092,false,-0.6908
reduce_sum,qwen25-wide,cuBLAS/cuDNN,24.6,15.4,,0.9431,ok,,false,true,0,0,0.001,0.001,ok,,,,,,1.0,0.9431,false,-0.0569
reduce_sum,qwen25-wide,PyTorch-eager,23.2,32.8,,1.0000,ok,,false,true,0,0,0.001,0.001,ok,,,,,,1.0,1.0000,true,0.0000
reduce_sum,qwen25-wide,Arke,23.6,32.5,,0.9831,ok,,false,true,0,0,0.001,0.001,ok,,,,,,1.0,0.9831,false,-0.0169
reduce_sum,qwen25-wide,FlagGems,61.1,51.4,,0.3797,ok,,false,,,,0.001,0.001,unsupported,runner FlagGems does not implement run_with_inputs for reduce_sum,,,,,1.0,0.3797,false,-0.6203
reduce_sum,non-align-1,cuBLAS/cuDNN,18.5,27.6,,1.0324,ok,,false,true,0,0,0.001,0.001,ok,,,,,,1.0,1.0324,true,0.0324
reduce_sum,non-align-1,PyTorch-eager,19.1,27.6,,1.0000,ok,,false,true,0,0,0.001,0.001,ok,,,,,,1.0,1.0000,true,0.0000
reduce_sum,non-align-1,Arke,19.9,26.6,,0.9598,ok,,false,true,0,0,0.001,0.001,ok,,,,,,1.0,0.9598,false,-0.0402
reduce_sum,non-align-1,FlagGems,51.5,38.9,,0.3709,ok,,false,,,,0.001,0.001,unsupported,runner FlagGems does not implement run_with_inputs for reduce_sum,,,,,1.0,0.3709,false,-0.6291
reduce_sum,non-align-2,cuBLAS/cuDNN,19.1,25.6,,0.9162,ok,,false,true,0,0,0.001,0.001,ok,,,,,,1.0,0.9162,false,-0.0838
reduce_sum,non-align-2,PyTorch-eager,17.5,25.6,,1.0000,ok,,false,true,0,0,0.001,0.001,ok,,,,,,1.0,1.0000,true,0.0000
reduce_sum,non-align-2,Arke,19.8,28.6,,0.8838,ok,,false,true,0,0,0.001,0.001,ok,,,,,,1.0,0.8838,false,-0.1162
reduce_sum,non-align-2,FlagGems,57.0,13.2,,0.3070,ok,,false,,,,0.001,0.001,unsupported,runner FlagGems does not implement run_with_inputs for reduce_sum,,,,,1.0,0.3070,false,-0.6930
reduce_sum,non-align-3,cuBLAS/cuDNN,159.7,159.7,,0.9919,ok,,false,true,0,0,0.001,0.001,ok,,,,,,1.0,0.9919,false,-0.0081
reduce_sum,non-align-3,PyTorch-eager,158.4,159.7,,1.0000,ok,,false,true,0,0,0.001,0.001,ok,,,,,,1.0,1.0000,true,0.0000
reduce_sum,non-align-3,Arke,158.0,158.7,,1.0025,ok,,false,true,0,0,0.001,0.001,ok,,,,,,1.0,1.0025,true,0.0025
reduce_sum,non-align-3,FlagGems,160.8,145.4,,0.9851,ok,,false,,,,0.001,0.001,unsupported,runner FlagGems does not implement run_with_inputs for reduce_sum,,,,,1.0,0.9851,false,-0.0149
reduce_sum,extreme-tall,cuBLAS/cuDNN,90.5,92.2,,1.1050,ok,,false,true,0,0,0.001,0.001,ok,,,,,,1.0,1.1050,true,0.1050
reduce_sum,extreme-tall,PyTorch-eager,100.0,93.2,,1.0000,ok,,false,true,0,0,0.001,0.001,ok,,,,,,1.0,1.0000,true,0.0000
reduce_sum,extreme-tall,Arke,93.2,93.2,,1.0730,ok,,false,true,0,0,0.001,0.001,ok,,,,,,1.0,1.0730,true,0.0730
reduce_sum,extreme-tall,FlagGems,146.1,135.2,,0.6845,ok,,false,,,,0.001,0.001,unsupported,runner FlagGems does not implement run_with_inputs for reduce_sum,,,,,1.0,0.6845,false,-0.3155
reduce_sum,extreme-flat,cuBLAS/cuDNN,23.9,29.6,,0.9289,ok,,false,true,0,0,0.001,0.001,ok,,,,,,1.0,0.9289,false,-0.0711
reduce_sum,extreme-flat,PyTorch-eager,22.2,29.5,,1.0000,ok,,false,true,0,0,0.001,0.001,ok,,,,,,1.0,1.0000,true,0.0000
reduce_sum,extreme-flat,Arke,24.6,30.9,,0.9024,ok,,false,true,0,0,0.001,0.001,ok,,,,,,1.0,0.9024,false,-0.0976
reduce_sum,extreme-flat,FlagGems,66.9,42.0,,0.3318,ok,,false,,,,0.001,0.001,unsupported,runner FlagGems does not implement run_with_inputs for reduce_sum,,,,,1.0,0.3318,false,-0.6682
relu,micro-tiny,cuBLAS/cuDNN,18.5,26.6,,1.1243,ok,,false,true,0,0,0.001,0.001,ok,,,,,,1.0,1.1243,true,0.1243
relu,micro-tiny,PyTorch-eager,20.8,12.3,,1.0000,ok,,false,true,0,0,0.001,0.001,ok,,,,,,1.0,1.0000,true,0.0000
relu,micro-tiny,torch.compile,247.5,17.4,,0.0840,ok,,false,true,0,0,0.001,0.001,ok,,,,,,1.0,0.0840,false,-0.9160
relu,micro-tiny,Arke,24.6,17.4,,0.8455,ok,,false,true,0,0,0.001,0.001,ok,,,,,,1.0,0.8455,false,-0.1545
relu,micro-tiny,FlagGems,115.0,103.4,,0.1809,ok,,false,,,,0.001,0.001,unsupported,runner FlagGems does not implement run_with_inputs for relu,,,,,1.0,0.1809,false,-0.8191
relu,micro-small,cuBLAS/cuDNN,22.2,28.8,,0.9820,ok,,false,true,0,0,0.001,0.001,ok,,,,,,1.0,0.9820,false,-0.0180
relu,micro-small,PyTorch-eager,21.8,18.4,,1.0000,ok,,false,true,0,0,0.001,0.001,ok,,,,,,1.0,1.0000,true,0.0000
relu,micro-small,torch.compile,273.7,185.3,,0.0796,ok,,false,true,0,0,0.001,0.001,ok,,,,,,1.0,0.0796,false,-0.9204
relu,micro-small,Arke,19.1,26.6,,1.1414,ok,,false,true,0,0,0.001,0.001,ok,,,,,,1.0,1.1414,true,0.1414
relu,micro-small,FlagGems,168.9,186.4,,0.1291,ok,,false,,,,0.001,0.001,unsupported,runner FlagGems does not implement run_with_inputs for relu,,,,,1.0,0.1291,false,-0.8709
relu,gpt2-hidden,cuBLAS/cuDNN,18.1,27.6,,1.7348,ok,,false,true,0,0,0.001,0.001,ok,,,,,,1.0,1.7348,true,0.7348
relu,gpt2-hidden,PyTorch-eager,31.4,34.8,,1.0000,ok,,false,true,0,0,0.001,0.001,ok,,,,,,1.0,1.0000,true,0.0000
relu,gpt2-hidden,torch.compile,224.3,172.0,,0.1400,ok,,false,true,0,0,0.001,0.001,ok,,,,,,1.0,0.1400,false,-0.8600
relu,gpt2-hidden,Arke,25.3,18.4,,1.2411,ok,,false,true,0,0,0.001,0.001,ok,,,,,,1.0,1.2411,true,0.2411
relu,gpt2-hidden,FlagGems,98.7,100.4,,0.3181,ok,,false,,,,0.001,0.001,unsupported,runner FlagGems does not implement run_with_inputs for relu,,,,,1.0,0.3181,false,-0.6819
relu,gpt2-ffn,cuBLAS/cuDNN,23.9,9.2,,0.7866,ok,,false,true,0,0,0.001,0.001,ok,,,,,,1.0,0.7866,false,-0.2134
relu,gpt2-ffn,PyTorch-eager,18.8,16.6,,1.0000,ok,,false,true,0,0,0.001,0.001,ok,,,,,,1.0,1.0000,true,0.0000
relu,gpt2-ffn,torch.compile,265.3,211.9,,0.0709,ok,,false,true,0,0,0.001,0.001,ok,,,,,,1.0,0.0709,false,-0.9291
relu,gpt2-ffn,Arke,28.3,20.5,,0.6643,ok,,false,true,0,0,0.001,0.001,ok,,,,,,1.0,0.6643,false,-0.3357
relu,gpt2-ffn,FlagGems,102.1,105.5,,0.1841,ok,,false,,,,0.001,0.001,unsupported,runner FlagGems does not implement run_with_inputs for relu,,,,,1.0,0.1841,false,-0.8159
relu,square-1k,cuBLAS/cuDNN,67.6,72.7,,0.4334,ok,,false,true,0,0,0.001,0.001,ok,,,,,,1.0,0.4334,false,-0.5666
relu,square-1k,PyTorch-eager,29.3,21.5,,1.0000,ok,,false,true,0,0,0.001,0.001,ok,,,,,,1.0,1.0000,true,0.0000
relu,square-1k,torch.compile,223.9,120.8,,0.1309,ok,,false,true,0,0,0.001,0.001,ok,,,,,,1.0,0.1309,false,-0.8691
relu,square-1k,Arke,24.2,22.5,,1.2107,ok,,false,true,0,0,0.001,0.001,ok,,,,,,1.0,1.2107,true,0.2107
relu,square-1k,FlagGems,97.9,99.3,,0.2993,ok,,false,,,,0.001,0.001,unsupported,runner FlagGems does not implement run_with_inputs for relu,,,,,1.0,0.2993,false,-0.7007
relu,llama-ffn,cuBLAS/cuDNN,77.8,77.8,,1.0219,ok,,false,true,0,0,0.001,0.001,ok,,,,,,1.0,1.0219,true,0.0219
relu,llama-ffn,PyTorch-eager,79.5,78.8,,1.0000,ok,,false,true,0,0,0.001,0.001,ok,,,,,,1.0,1.0000,true,0.0000
relu,llama-ffn,torch.compile,189.4,246.6,,0.4197,ok,,false,true,0,0,0.001,0.001,ok,,,,,,1.0,0.4197,false,-0.5803
relu,llama-ffn,Arke,81.2,78.8,,0.9791,ok,,false,true,0,0,0.001,0.001,ok,,,,,,1.0,0.9791,false,-0.0209
relu,llama-ffn,FlagGems,176.8,122.9,,0.4497,ok,,false,,,,0.001,0.001,unsupported,runner FlagGems does not implement run_with_inputs for relu,,,,,1.0,0.4497,false,-0.5503
relu,llama-hidden,cuBLAS/cuDNN,39.6,34.8,,0.8889,ok,,false,true,0,0,0.001,0.001,ok,,,,,,1.0,0.8889,false,-0.1111
relu,llama-hidden,PyTorch-eager,35.2,33.6,,1.0000,ok,,false,true,0,0,0.001,0.001,ok,,,,,,1.0,1.0000,true,0.0000
relu,llama-hidden,torch.compile,186.4,175.1,,0.1888,ok,,false,true,0,0,0.001,0.001,ok,,,,,,1.0,0.1888,false,-0.8112
relu,llama-hidden,Arke,36.8,33.8,,0.9565,ok,,false,true,0,0,0.001,0.001,ok,,,,,,1.0,0.9565,false,-0.0435
relu,llama-hidden,FlagGems,103.1,138.2,,0.3414,ok,,false,,,,0.001,0.001,unsupported,runner FlagGems does not implement run_with_inputs for relu,,,,,1.0,0.3414,false,-0.6586
relu,llama-long,cuBLAS/cuDNN,217.1,219.1,,1.0000,ok,,false,true,0,0,0.001,0.001,ok,,,,,,1.0,1.0000,true,0.0000
relu,llama-long,PyTorch-eager,217.1,217.1,,1.0000,ok,,false,true,0,0,0.001,0.001,ok,,,,,,1.0,1.0000,true,0.0000
relu,llama-long,torch.compile,495.3,467.8,,0.4383,ok,,false,true,0,0,0.001,0.001,ok,,,,,,1.0,0.4383,false,-0.5617
relu,llama-long,Arke,220.5,219.1,,0.9846,ok,,false,true,0,0,0.001,0.001,ok,,,,,,1.0,0.9846,false,-0.0154
relu,llama-long,FlagGems,246.4,218.1,,0.8811,ok,,false,,,,0.001,0.001,unsupported,runner FlagGems does not implement run_with_inputs for relu,,,,,1.0,0.8811,false,-0.1189
relu,ds-ffn,cuBLAS/cuDNN,84.7,98.3,,1.1523,ok,,false,true,0,0,0.001,0.001,ok,,,,,,1.0,1.1523,true,0.1523
relu,ds-ffn,PyTorch-eager,97.6,90.1,,1.0000,ok,,false,true,0,0,0.001,0.001,ok,,,,,,1.0,1.0000,true,0.0000
relu,ds-ffn,torch.compile,313.3,292.9,,0.3115,ok,,false,true,0,0,0.001,0.001,ok,,,,,,1.0,0.3115,false,-0.6885
relu,ds-ffn,Arke,101.0,88.0,,0.9663,ok,,false,true,0,0,0.001,0.001,ok,,,,,,1.0,0.9663,false,-0.0337
relu,ds-ffn,FlagGems,155.0,182.3,,0.6297,ok,,false,,,,0.001,0.001,unsupported,runner FlagGems does not implement run_with_inputs for relu,,,,,1.0,0.6297,false,-0.3703
relu,ds-ffn-large,cuBLAS/cuDNN,127.7,127.0,,0.9812,ok,,false,true,0,0,0.001,0.001,ok,,,,,,1.0,0.9812,false,-0.0188
relu,ds-ffn-large,PyTorch-eager,125.3,127.8,,1.0000,ok,,false,true,0,0,0.001,0.001,ok,,,,,,1.0,1.0000,true,0.0000
relu,ds-ffn-large,torch.compile,315.7,377.9,,0.3969,ok,,false,true,0,0,0.001,0.001,ok,,,,,,1.0,0.3969,false,-0.6031
relu,ds-ffn-large,Arke,124.9,127.0,,1.0032,ok,,false,true,0,0,0.001,0.001,ok,,,,,,1.0,1.0032,true,0.0032
relu,ds-ffn-large,FlagGems,157.0,212.0,,0.7981,ok,,false,,,,0.001,0.001,unsupported,runner FlagGems does not implement run_with_inputs for relu,,,,,1.0,0.7981,false,-0.2019
relu,qwen-ffn,cuBLAS/cuDNN,128.0,129.0,,1.0211,ok,,false,true,0,0,0.001,0.001,ok,,,,,,1.0,1.0211,true,0.0211
relu,qwen-ffn,PyTorch-eager,130.7,129.0,,1.0000,ok,,false,true,0,0,0.001,0.001,ok,,,,,,1.0,1.0000,true,0.0000
relu,qwen-ffn,torch.compile,314.4,406.4,,0.4157,ok,,false,true,0,0,0.001,0.001,ok,,,,,,1.0,0.4157,false,-0.5843
relu,qwen-ffn,Arke,139.9,129.0,,0.9342,ok,,false,true,0,0,0.001,0.001,ok,,,,,,1.0,0.9342,false,-0.0658
relu,qwen-ffn,FlagGems,160.4,198.7,,0.8148,ok,,false,,,,0.001,0.001,unsupported,runner FlagGems does not implement run_with_inputs for relu,,,,,1.0,0.8148,false,-0.1852
relu,xlarge,cuBLAS/cuDNN,439.0,429.9,,1.0139,ok,,false,true,0,0,0.001,0.001,ok,,,,,,1.0,1.0139,true,0.0139
relu,xlarge,PyTorch-eager,445.1,430.0,,1.0000,ok,,false,true,0,0,0.001,0.001,ok,,,,,,1.0,1.0000,true,0.0000
relu,xlarge,torch.compile,918.9,941.1,,0.4844,ok,,false,true,0,0,0.001,0.001,ok,,,,,,1.0,0.4844,false,-0.5156
relu,xlarge,Arke,430.4,430.1,,1.0342,ok,,false,true,0,0,0.001,0.001,ok,,,,,,1.0,1.0342,true,0.0342
relu,xlarge,FlagGems,461.8,492.5,,0.9638,ok,,false,,,,0.001,0.001,unsupported,runner FlagGems does not implement run_with_inputs for relu,,,,,1.0,0.9638,false,-0.0362
relu,non-align-1,cuBLAS/cuDNN,25.3,9.2,,0.9447,ok,,false,true,0,0,0.001,0.001,ok,,,,,,1.0,0.9447,false,-0.0553
relu,non-align-1,PyTorch-eager,23.9,28.6,,1.0000,ok,,false,true,0,0,0.001,0.001,ok,,,,,,1.0,1.0000,true,0.0000
relu,non-align-1,torch.compile,167.7,169.7,,0.1425,ok,,false,true,0,0,0.001,0.001,ok,,,,,,1.0,0.1425,false,-0.8575
relu,non-align-1,Arke,56.3,9.2,,0.4245,ok,,false,true,0,0,0.001,0.001,ok,,,,,,1.0,0.4245,false,-0.5755
relu,non-align-1,FlagGems,128.0,71.9,,0.1867,ok,,false,,,,0.001,0.001,unsupported,runner FlagGems does not implement run_with_inputs for relu,,,,,1.0,0.1867,false,-0.8133
relu,non-align-2,cuBLAS/cuDNN,56.7,42.0,,0.8060,ok,,false,true,0,0,0.001,0.001,ok,,,,,,1.0,0.8060,false,-0.1940
relu,non-align-2,PyTorch-eager,45.7,44.0,,1.0000,ok,,false,true,0,0,0.001,0.001,ok,,,,,,1.0,1.0000,true,0.0000
relu,non-align-2,torch.compile,198.3,180.0,,0.2305,ok,,false,true,0,0,0.001,0.001,ok,,,,,,1.0,0.2305,false,-0.7695
relu,non-align-2,Arke,51.9,49.2,,0.8805,ok,,false,true,0,0,0.001,0.001,ok,,,,,,1.0,0.8805,false,-0.1195
relu,non-align-2,FlagGems,99.3,65.3,,0.4602,ok,,false,,,,0.001,0.001,unsupported,runner FlagGems does not implement run_with_inputs for relu,,,,,1.0,0.4602,false,-0.5398
relu,non-align-3,cuBLAS/cuDNN,118.8,114.7,,0.9335,ok,,false,true,0,0,0.001,0.001,ok,,,,,,1.0,0.9335,false,-0.0665
relu,non-align-3,PyTorch-eager,110.9,114.7,,1.0000,ok,,false,true,0,0,0.001,0.001,ok,,,,,,1.0,1.0000,true,0.0000
relu,non-align-3,torch.compile,267.3,231.4,,0.4149,ok,,false,true,0,0,0.001,0.001,ok,,,,,,1.0,0.4149,false,-0.5851
relu,non-align-3,Arke,126.0,112.6,,0.8802,ok,,false,true,0,0,0.001,0.001,ok,,,,,,1.0,0.8802,false,-0.1198
relu,non-align-3,FlagGems,142.3,115.7,,0.7793,ok,,false,,,,0.001,0.001,unsupported,runner FlagGems does not implement run_with_inputs for relu,,,,,1.0,0.7793,false,-0.2207
relu,non-align-4,cuBLAS/cuDNN,53.9,51.2,,1.2282,ok,,false,true,0,0,0.001,0.001,ok,,,,,,1.0,1.2282,true,0.2282
relu,non-align-4,PyTorch-eager,66.2,67.6,,1.0000,ok,,false,true,0,0,0.001,0.001,ok,,,,,,1.0,1.0000,true,0.0000
relu,non-align-4,torch.compile,317.8,240.4,,0.2083,ok,,false,true,0,0,0.001,0.001,ok,,,,,,1.0,0.2083,false,-0.7917
relu,non-align-4,Arke,56.6,51.2,,1.1696,ok,,false,true,0,0,0.001,0.001,ok,,,,,,1.0,1.1696,true,0.1696
relu,non-align-4,FlagGems,164.9,111.6,,0.4015,ok,,false,,,,0.001,0.001,unsupported,runner FlagGems does not implement run_with_inputs for relu,,,,,1.0,0.4015,false,-0.5985
relu,non-align-5,cuBLAS/cuDNN,16.0,7.2,,0.8063,ok,,false,true,0,0,0.001,0.001,ok,,,,,,1.0,0.8063,false,-0.1937
relu,non-align-5,PyTorch-eager,12.9,21.5,,1.0000,ok,,false,true,0,0,0.001,0.001,ok,,,,,,1.0,1.0000,true,0.0000
relu,non-align-5,torch.compile,165.5,127.0,,0.0779,ok,,false,true,0,0,0.001,0.001,ok,,,,,,1.0,0.0779,false,-0.9221
relu,non-align-5,Arke,21.1,27.6,,0.6114,ok,,false,true,0,0,0.001,0.001,ok,,,,,,1.0,0.6114,false,-0.3886
relu,non-align-5,FlagGems,126.0,120.8,,0.1024,ok,,false,,,,0.001,0.001,unsupported,runner FlagGems does not implement run_with_inputs for relu,,,,,1.0,0.1024,false,-0.8976
relu,extreme-flat,cuBLAS/cuDNN,63.5,98.2,,0.8913,ok,,false,true,0,0,0.001,0.001,ok,,,,,,1.0,0.8913,false,-0.1087
relu,extreme-flat,PyTorch-eager,56.6,32.8,,1.0000,ok,,false,true,0,0,0.001,0.001,ok,,,,,,1.0,1.0000,true,0.0000
relu,extreme-flat,torch.compile,322.6,277.5,,0.1754,ok,,false,true,0,0,0.001,0.001,ok,,,,,,1.0,0.1754,false,-0.8246
relu,extreme-flat,Arke,26.9,41.0,,2.1041,ok,,false,true,0,0,0.001,0.001,ok,,,,,,1.0,2.1041,true,1.1041
relu,extreme-flat,FlagGems,156.0,118.5,,0.3628,ok,,false,,,,0.001,0.001,unsupported,runner FlagGems does not implement run_with_inputs for relu,,,,,1.0,0.3628,false,-0.6372
relu,extreme-tall,cuBLAS/cuDNN,49.4,70.7,,1.2449,ok,,false,true,0,0,0.001,0.001,ok,,,,,,1.0,1.2449,true,0.2449
relu,extreme-tall,PyTorch-eager,61.5,70.0,,1.0000,ok,,false,true,0,0,0.001,0.001,ok,,,,,,1.0,1.0000,true,0.0000
relu,extreme-tall,torch.compile,178.1,163.8,,0.3453,ok,,false,true,0,0,0.001,0.001,ok,,,,,,1.0,0.3453,false,-0.6547
relu,extreme-tall,Arke,23.2,25.8,,2.6509,ok,,false,true,0,0,0.001,0.001,ok,,,,,,1.0,2.6509,true,1.6509
relu,extreme-tall,FlagGems,98.3,127.0,,0.6256,ok,,false,,,,0.001,0.001,unsupported,runner FlagGems does not implement run_with_inputs for relu,,,,,1.0,0.6256,false,-0.3744
relu,extreme-wide,cuBLAS/cuDNN,62.8,59.4,,1.0653,ok,,false,true,0,0,0.001,0.001,ok,,,,,,1.0,1.0653,true,0.0653
relu,extreme-wide,PyTorch-eager,66.9,62.8,,1.0000,ok,,false,true,0,0,0.001,0.001,ok,,,,,,1.0,1.0000,true,0.0000
relu,extreme-wide,torch.compile,289.8,263.2,,0.2308,ok,,false,true,0,0,0.001,0.001,ok,,,,,,1.0,0.2308,false,-0.7692
relu,extreme-wide,Arke,63.5,62.5,,1.0535,ok,,false,true,0,0,0.001,0.001,ok,,,,,,1.0,1.0535,true,0.0535
relu,extreme-wide,FlagGems,116.0,135.2,,0.5767,ok,,false,,,,0.001,0.001,unsupported,runner FlagGems does not implement run_with_inputs for relu,,,,,1.0,0.5767,false,-0.4233
rmsnorm,gpt2-small,Liger-Kernel,128.6,107.3,,4.2939,ok,,false,,,,0.005,0.005,unsupported,runner Liger-Kernel does not implement run_with_inputs for rmsnorm,,,,,1.0,4.2939,true,3.2939
rmsnorm,gpt2-small,PyTorch-eager,552.2,509.0,,1.0000,ok,,false,true,0,0,0.005,0.005,ok,,,,,,1.0,1.0000,true,0.0000
rmsnorm,gpt2-small,Arke,1069.9,685.1,,0.5161,ok,,false,true,0.00298929,0.000200314,0.005,0.005,ok,,,,,,1.0,0.5161,false,-0.4839
rmsnorm,gpt2-small,FlagGems,496.1,451.5,,1.1131,ok,,false,,,,0.005,0.005,unsupported,runner FlagGems does not implement run_with_inputs for rmsnorm,,,,,1.0,1.1131,true,0.1131
rmsnorm,gpt2-ffn,Liger-Kernel,76.5,105.5,,6.7673,ok,,false,,,,0.005,0.005,unsupported,runner Liger-Kernel does not implement run_with_inputs for rmsnorm,,,,,1.0,6.7673,true,5.7673
rmsnorm,gpt2-ffn,PyTorch-eager,517.7,500.7,,1.0000,ok,,false,true,0,0,0.005,0.005,ok,,,,,,1.0,1.0000,true,0.0000
rmsnorm,gpt2-ffn,Arke,702.2,667.6,,0.7373,ok,,false,true,0.00294852,0.000208535,0.005,0.005,ok,,,,,,1.0,0.7373,false,-0.2627
rmsnorm,gpt2-ffn,FlagGems,514.6,514.0,,1.0060,ok,,false,,,,0.005,0.005,unsupported,runner FlagGems does not implement run_with_inputs for rmsnorm,,,,,1.0,1.0060,true,0.0060
rmsnorm,gpt2-medium,Liger-Kernel,83.2,113.7,,5.9675,ok,,false,,,,0.005,0.005,unsupported,runner Liger-Kernel does not implement run_with_inputs for rmsnorm,,,,,1.0,5.9675,true,4.9675
rmsnorm,gpt2-medium,PyTorch-eager,496.5,406.5,,1.0000,ok,,false,true,0,0,0.005,0.005,ok,,,,,,1.0,1.0000,true,0.0000
rmsnorm,gpt2-medium,Arke,667.4,447.5,,0.7439,ok,,false,true,0.00259948,0.000208353,0.005,0.005,ok,,,,,,1.0,0.7439,false,-0.2561
rmsnorm,gpt2-medium,FlagGems,492.1,508.9,,1.0089,ok,,false,,,,0.005,0.005,unsupported,runner FlagGems does not implement run_with_inputs for rmsnorm,,,,,1.0,1.0089,true,0.0089
rmsnorm,llama-7b,Liger-Kernel,78.8,16.4,,6.0901,ok,,false,,,,0.005,0.005,unsupported,runner Liger-Kernel does not implement run_with_inputs for rmsnorm,,,,,1.0,6.0901,true,5.0901
rmsnorm,llama-7b,PyTorch-eager,479.9,477.2,,1.0000,ok,,false,true,0,0,0.005,0.005,ok,,,,,,1.0,1.0000,true,0.0000
rmsnorm,llama-7b,Arke,679.2,373.8,,0.7066,ok,,false,true,0.0029583,0.000202438,0.005,0.005,ok,,,,,,1.0,0.7066,false,-0.2934
rmsnorm,llama-7b,FlagGems,519.0,506.9,,0.9247,ok,,false,,,,0.005,0.005,unsupported,runner FlagGems does not implement run_with_inputs for rmsnorm,,,,,1.0,0.9247,false,-0.0753
rmsnorm,llama-13b,Liger-Kernel,89.0,53.3,,5.7292,ok,,false,,,,0.005,0.005,unsupported,runner Liger-Kernel does not implement run_with_inputs for rmsnorm,,,,,1.0,5.7292,true,4.7292
rmsnorm,llama-13b,PyTorch-eager,509.9,495.7,,1.0000,ok,,false,true,0,0,0.005,0.005,ok,,,,,,1.0,1.0000,true,0.0000
rmsnorm,llama-13b,Arke,741.6,686.1,,0.6876,ok,,false,true,0.00317812,0.000194329,0.005,0.005,ok,,,,,,1.0,0.6876,false,-0.3124
rmsnorm,llama-13b,FlagGems,491.6,490.5,,1.0372,ok,,false,,,,0.005,0.005,unsupported,runner FlagGems does not implement run_with_inputs for rmsnorm,,,,,1.0,1.0372,true,0.0372
rmsnorm,llama-long,Liger-Kernel,132.2,158.7,,4.5325,ok,,false,,,,0.005,0.005,unsupported,runner Liger-Kernel does not implement run_with_inputs for rmsnorm,,,,,1.0,4.5325,true,3.5325
rmsnorm,llama-long,PyTorch-eager,599.2,605.2,,1.0000,ok,,false,true,0,0,0.005,0.005,ok,,,,,,1.0,1.0000,true,0.0000
rmsnorm,llama-long,Arke,974.2,980.0,,0.6151,ok,,false,true,0.00432062,0.000207049,0.005,0.005,ok,,,,,,1.0,0.6151,false,-0.3849
rmsnorm,llama-long,FlagGems,553.6,609.3,,1.0824,ok,,false,,,,0.005,0.005,unsupported,runner FlagGems does not implement run_with_inputs for rmsnorm,,,,,1.0,1.0824,true,0.0824
rmsnorm,ds-v2,Liger-Kernel,76.5,91.2,,6.5346,ok,,false,,,,0.005,0.005,unsupported,runner Liger-Kernel does not implement run_with_inputs for rmsnorm,,,,,1.0,6.5346,true,5.5346
rmsnorm,ds-v2,PyTorch-eager,499.9,510.1,,1.0000,ok,,false,true,0,0,0.005,0.005,ok,,,,,,1.0,1.0000,true,0.0000
rmsnorm,ds-v2,Arke,774.5,690.2,,0.6454,ok,,false,true,0.00352573,0.000195784,0.005,0.005,ok,,,,,,1.0,0.6454,false,-0.3546
rmsnorm,ds-v2,FlagGems,538.8,221.2,,0.9278,ok,,false,,,,0.005,0.005,unsupported,runner FlagGems does not implement run_with_inputs for rmsnorm,,,,,1.0,0.9278,false,-0.0722
rmsnorm,ds-v3,Liger-Kernel,76.4,111.6,,6.9359,ok,,false,,,,0.005,0.005,unsupported,runner Liger-Kernel does not implement run_with_inputs for rmsnorm,,,,,1.0,6.9359,true,5.9359
rmsnorm,ds-v3,PyTorch-eager,529.9,431.4,,1.0000,ok,,false,true,0,0,0.005,0.005,ok,,,,,,1.0,1.0000,true,0.0000
rmsnorm,ds-v3,Arke,673.9,671.7,,0.7863,ok,,false,true,0.00335741,0.000208097,0.005,0.005,ok,,,,,,1.0,0.7863,false,-0.2137
rmsnorm,ds-v3,FlagGems,481.8,489.5,,1.0998,ok,,false,,,,0.005,0.005,unsupported,runner FlagGems does not implement run_with_inputs for rmsnorm,,,,,1.0,1.0998,true,0.0998
rmsnorm,mixtral-ffn,Liger-Kernel,76.6,108.5,,7.4269,ok,,false,,,,0.005,0.005,unsupported,runner Liger-Kernel does not implement run_with_inputs for rmsnorm,,,,,1.0,7.4269,true,6.4269
rmsnorm,mixtral-ffn,PyTorch-eager,568.9,103.4,,1.0000,ok,,false,true,0,0,0.005,0.005,ok,,,,,,1.0,1.0000,true,0.0000
rmsnorm,mixtral-ffn,Arke,723.6,686.1,,0.7862,ok,,false,true,0.00354385,0.000192876,0.005,0.005,ok,,,,,,1.0,0.7862,false,-0.2138
rmsnorm,mixtral-ffn,FlagGems,488.0,490.5,,1.1658,ok,,false,,,,0.005,0.005,unsupported,runner FlagGems does not implement run_with_inputs for rmsnorm,,,,,1.0,1.1658,true,0.1658
rmsnorm_residual,gpt2-small,PyTorch-eager,651.7,656.4,,1.0000,ok,,false,true,0,0,0.005,0.005,ok,,,,,,1.0,1.0000,true,0.0000
rmsnorm_residual,gpt2-small,Arke,817.7,827.5,,0.7970,ok,,false,true,0.00333619,0.000241571,0.005,0.005,ok,,,,,,1.0,0.7970,false,-0.2030
rmsnorm_residual,gpt2-ffn,PyTorch-eager,647.5,667.6,,1.0000,ok,,false,true,0,0,0.005,0.005,ok,,,,,,1.0,1.0000,true,0.0000
rmsnorm_residual,gpt2-ffn,Arke,854.3,830.5,,0.7579,ok,,false,true,0.00403714,0.000237654,0.005,0.005,ok,,,,,,1.0,0.7579,false,-0.2421
rmsnorm_residual,gpt2-medium,PyTorch-eager,639.1,655.5,,1.0000,ok,,false,true,0,0,0.005,0.005,ok,,,,,,1.0,1.0000,true,0.0000
rmsnorm_residual,gpt2-medium,Arke,829.1,821.2,,0.7708,ok,,false,true,0.00347567,0.000238663,0.005,0.005,ok,,,,,,1.0,0.7708,false,-0.2292
rmsnorm_residual,llama-7b,PyTorch-eager,651.1,616.4,,1.0000,ok,,false,true,0,0,0.005,0.005,ok,,,,,,1.0,1.0000,true,0.0000
rmsnorm_residual,llama-7b,Arke,859.6,826.4,,0.7574,ok,,false,true,0.00396347,0.000238484,0.005,0.005,ok,,,,,,1.0,0.7574,false,-0.2426
rmsnorm_residual,llama-13b,PyTorch-eager,665.7,665.6,,1.0000,ok,,false,true,0,0,0.005,0.005,ok,,,,,,1.0,1.0000,true,0.0000
rmsnorm_residual,llama-13b,Arke,879.3,800.8,,0.7571,ok,,false,true,0.00463676,0.000245462,0.005,0.005,ok,,,,,,1.0,0.7571,false,-0.2429
rmsnorm_residual,llama-long,PyTorch-eager,1298.3,906.2,,1.0000,ok,,false,true,0,0,0.005,0.005,ok,,,,,,1.0,1.0000,true,0.0000
rmsnorm_residual,llama-long,Arke,1476.1,1470.5,,0.8795,ok,,false,true,0.00518608,0.000241793,0.005,0.005,ok,,,,,,1.0,0.8795,false,-0.1205
rmsnorm_residual,ds-v2,PyTorch-eager,659.9,648.2,,1.0000,ok,,false,true,0,0,0.005,0.005,ok,,,,,,1.0,1.0000,true,0.0000
rmsnorm_residual,ds-v2,Arke,862.2,790.2,,0.7654,ok,,false,true,0.0043478,0.000247708,0.005,0.005,ok,,,,,,1.0,0.7654,false,-0.2346
rmsnorm_residual,ds-v3,PyTorch-eager,663.3,655.4,,1.0000,ok,,false,true,0,0,0.005,0.005,ok,,,,,,1.0,1.0000,true,0.0000
rmsnorm_residual,ds-v3,Arke,855.5,823.3,,0.7753,ok,,false,true,0.00422287,0.000239345,0.005,0.005,ok,,,,,,1.0,0.7753,false,-0.2247
rmsnorm_residual,mixtral-ffn,PyTorch-eager,642.5,655.3,,1.0000,ok,,false,true,0,0,0.005,0.005,ok,,,,,,1.0,1.0000,true,0.0000
rmsnorm_residual,mixtral-ffn,Arke,874.0,835.6,,0.7351,ok,,false,true,0.00400925,0.000237483,0.005,0.005,ok,,,,,,1.0,0.7351,false,-0.2649
rope,gpt2-sm-128,Liger-Kernel,inf,inf,,,error,LigerRopeFunction.forward() missing 1 required positional argument: 'sin',false,,,,,,unknown,,,,,,1.0,N/A,false,N/A
rope,gpt2-sm-128,PyTorch-eager,296.3,275.5,,1.0000,ok,,false,true,0,0,0.001,0.001,ok,,,,,,1.0,1.0000,true,0.0000
rope,gpt2-sm-128,Arke,113.4,66.6,,2.6129,ok,,false,,,,0.001,0.001,unsupported,runner Arke does not implement run_with_inputs for rope,,,,,1.0,2.6129,true,1.6129
rope,gpt2-sm-512,Liger-Kernel,inf,inf,,,error,LigerRopeFunction.forward() missing 1 required positional argument: 'sin',false,,,,,,unknown,,,,,,1.0,N/A,false,N/A
rope,gpt2-sm-512,PyTorch-eager,262.1,281.7,,1.0000,ok,,false,true,0,0,0.001,0.001,ok,,,,,,1.0,1.0000,true,0.0000
rope,gpt2-sm-512,Arke,121.2,111.5,,2.1625,ok,,false,,,,0.001,0.001,unsupported,runner Arke does not implement run_with_inputs for rope,,,,,1.0,2.1625,true,1.1625
rsqrt,micro-tiny,cuBLAS/cuDNN,143.4,100.4,,0.7615,ok,,false,true,0,0,0.001,0.001,ok,,,,,,1.0,0.7615,false,-0.2385
rsqrt,micro-tiny,PyTorch-eager,109.2,96.2,,1.0000,ok,,false,true,0,0,0.001,0.001,ok,,,,,,1.0,1.0000,true,0.0000
rsqrt,micro-tiny,Arke,110.3,58.4,,0.9900,ok,,false,true,0,0,0.001,0.001,ok,,,,,,1.0,0.9900,false,-0.0100
rsqrt,micro-tiny,FlagGems,85.3,108.4,,1.2802,ok,,false,,,,0.001,0.001,unsupported,runner FlagGems does not implement run_with_inputs for rsqrt,,,,,1.0,1.2802,true,0.2802
rsqrt,micro-small,cuBLAS/cuDNN,83.3,103.2,,0.9832,ok,,false,true,0,0,0.001,0.001,ok,,,,,,1.0,0.9832,false,-0.0168
rsqrt,micro-small,PyTorch-eager,81.9,98.3,,1.0000,ok,,false,true,0,0,0.001,0.001,ok,,,,,,1.0,1.0000,true,0.0000
rsqrt,micro-small,Arke,108.9,106.5,,0.7521,ok,,false,true,0,0,0.001,0.001,ok,,,,,,1.0,0.7521,false,-0.2479
rsqrt,micro-small,FlagGems,86.8,99.3,,0.9435,ok,,false,,,,0.001,0.001,unsupported,runner FlagGems does not implement run_with_inputs for rsqrt,,,,,1.0,0.9435,false,-0.0565
rsqrt,gpt2-hidden,cuBLAS/cuDNN,97.3,118.5,,1.2107,ok,,false,true,0,0,0.001,0.001,ok,,,,,,1.0,1.2107,true,0.2107
rsqrt,gpt2-hidden,PyTorch-eager,117.8,100.4,,1.0000,ok,,false,true,0,0,0.001,0.001,ok,,,,,,1.0,1.0000,true,0.0000
rsqrt,gpt2-hidden,Arke,85.7,96.5,,1.3746,ok,,false,true,0,0,0.001,0.001,ok,,,,,,1.0,1.3746,true,0.3746
rsqrt,gpt2-hidden,FlagGems,88.1,98.3,,1.3371,ok,,false,,,,0.001,0.001,unsupported,runner FlagGems does not implement run_with_inputs for rsqrt,,,,,1.0,1.3371,true,0.3371
rsqrt,gpt2-ffn,cuBLAS/cuDNN,104.1,95.2,,1.5677,ok,,false,true,0,0,0.001,0.001,ok,,,,,,1.0,1.5677,true,0.5677
rsqrt,gpt2-ffn,PyTorch-eager,163.2,54.5,,1.0000,ok,,false,true,0,0,0.001,0.001,ok,,,,,,1.0,1.0000,true,0.0000
rsqrt,gpt2-ffn,Arke,172.7,8.2,,0.9450,ok,,false,true,0,0,0.001,0.001,ok,,,,,,1.0,0.9450,false,-0.0550
rsqrt,gpt2-ffn,FlagGems,84.2,101.1,,1.9382,ok,,false,,,,0.001,0.001,unsupported,runner FlagGems does not implement run_with_inputs for rsqrt,,,,,1.0,1.9382,true,0.9382
rsqrt,square-1k,cuBLAS/cuDNN,84.3,100.4,,0.9680,ok,,false,true,0,0,0.001,0.001,ok,,,,,,1.0,0.9680,false,-0.0320
rsqrt,square-1k,PyTorch-eager,81.6,97.2,,1.0000,ok,,false,true,0,0,0.001,0.001,ok,,,,,,1.0,1.0000,true,0.0000
rsqrt,square-1k,Arke,88.4,102.5,,0.9231,ok,,false,true,0,0,0.001,0.001,ok,,,,,,1.0,0.9231,false,-0.0769
rsqrt,square-1k,FlagGems,89.8,99.4,,0.9087,ok,,false,,,,0.001,0.001,unsupported,runner FlagGems does not implement run_with_inputs for rsqrt,,,,,1.0,0.9087,false,-0.0913
rsqrt,llama-ffn,cuBLAS/cuDNN,100.0,143.4,,1.0440,ok,,false,true,0,0,0.001,0.001,ok,,,,,,1.0,1.0440,true,0.0440
rsqrt,llama-ffn,PyTorch-eager,104.4,78.8,,1.0000,ok,,false,true,0,0,0.001,0.001,ok,,,,,,1.0,1.0000,true,0.0000
rsqrt,llama-ffn,Arke,101.7,147.5,,1.0265,ok,,false,true,0,0,0.001,0.001,ok,,,,,,1.0,1.0265,true,0.0265
rsqrt,llama-ffn,FlagGems,101.7,149.5,,1.0265,ok,,false,,,,0.001,0.001,unsupported,runner FlagGems does not implement run_with_inputs for rsqrt,,,,,1.0,1.0265,true,0.0265
rsqrt,llama-hidden,cuBLAS/cuDNN,99.3,105.5,,0.8721,ok,,false,true,0,0,0.001,0.001,ok,,,,,,1.0,0.8721,false,-0.1279
rsqrt,llama-hidden,PyTorch-eager,86.6,105.5,,1.0000,ok,,false,true,0,0,0.001,0.001,ok,,,,,,1.0,1.0000,true,0.0000
rsqrt,llama-hidden,Arke,89.4,31.7,,0.9687,ok,,false,true,0,0,0.001,0.001,ok,,,,,,1.0,0.9687,false,-0.0313
rsqrt,llama-hidden,FlagGems,84.0,100.0,,1.0310,ok,,false,,,,0.001,0.001,unsupported,runner FlagGems does not implement run_with_inputs for rsqrt,,,,,1.0,1.0310,true,0.0310
rsqrt,llama-long,cuBLAS/cuDNN,231.8,261.1,,1.0440,ok,,false,true,0,0,0.001,0.001,ok,,,,,,1.0,1.0440,true,0.0440
rsqrt,llama-long,PyTorch-eager,242.0,219.1,,1.0000,ok,,false,true,0,0,0.001,0.001,ok,,,,,,1.0,1.0000,true,0.0000
rsqrt,llama-long,Arke,248.1,276.5,,0.9754,ok,,false,true,0,0,0.001,0.001,ok,,,,,,1.0,0.9754,false,-0.0246
rsqrt,llama-long,FlagGems,231.1,219.1,,1.0472,ok,,false,,,,0.001,0.001,unsupported,runner FlagGems does not implement run_with_inputs for rsqrt,,,,,1.0,1.0472,true,0.0472
rsqrt,ds-ffn,cuBLAS/cuDNN,110.9,159.7,,0.9784,ok,,false,true,0,0,0.001,0.001,ok,,,,,,1.0,0.9784,false,-0.0216
rsqrt,ds-ffn,PyTorch-eager,108.5,152.4,,1.0000,ok,,false,true,0,0,0.001,0.001,ok,,,,,,1.0,1.0000,true,0.0000
rsqrt,ds-ffn,Arke,112.3,157.7,,0.9662,ok,,false,true,0,0,0.001,0.001,ok,,,,,,1.0,0.9662,false,-0.0338
rsqrt,ds-ffn,FlagGems,113.7,92.2,,0.9543,ok,,false,,,,0.001,0.001,unsupported,runner FlagGems does not implement run_with_inputs for rsqrt,,,,,1.0,0.9543,false,-0.0457
rsqrt,ds-ffn-large,cuBLAS/cuDNN,154.3,161.8,,0.9689,ok,,false,true,0,0,0.001,0.001,ok,,,,,,1.0,0.9689,false,-0.0311
rsqrt,ds-ffn-large,PyTorch-eager,149.5,130.0,,1.0000,ok,,false,true,0,0,0.001,0.001,ok,,,,,,1.0,1.0000,true,0.0000
rsqrt,ds-ffn-large,Arke,150.2,194.6,,0.9953,ok,,false,true,0,0,0.001,0.001,ok,,,,,,1.0,0.9953,false,-0.0047
rsqrt,ds-ffn-large,FlagGems,149.5,124.9,,1.0000,ok,,false,,,,0.001,0.001,unsupported,runner FlagGems does not implement run_with_inputs for rsqrt,,,,,1.0,1.0000,true,0.0000
rsqrt,qwen-ffn,cuBLAS/cuDNN,155.3,186.4,,0.9762,ok,,false,true,0,0,0.001,0.001,ok,,,,,,1.0,0.9762,false,-0.0238
rsqrt,qwen-ffn,PyTorch-eager,151.6,176.1,,1.0000,ok,,false,true,0,0,0.001,0.001,ok,,,,,,1.0,1.0000,true,0.0000
rsqrt,qwen-ffn,Arke,156.3,192.5,,0.9699,ok,,false,true,0,0,0.001,0.001,ok,,,,,,1.0,0.9699,false,-0.0301
rsqrt,qwen-ffn,FlagGems,182.3,211.8,,0.8316,ok,,false,,,,0.001,0.001,unsupported,runner FlagGems does not implement run_with_inputs for rsqrt,,,,,1.0,0.8316,false,-0.1684
rsqrt,xlarge,cuBLAS/cuDNN,447.1,431.9,,1.0360,ok,,false,true,0,0,0.001,0.001,ok,,,,,,1.0,1.0360,true,0.0360
rsqrt,xlarge,PyTorch-eager,463.2,463.9,,1.0000,ok,,false,true,0,0,0.001,0.001,ok,,,,,,1.0,1.0000,true,0.0000
rsqrt,xlarge,Arke,447.8,434.2,,1.0344,ok,,false,true,0,0,0.001,0.001,ok,,,,,,1.0,1.0344,true,0.0344
rsqrt,xlarge,FlagGems,453.9,460.8,,1.0205,ok,,false,,,,0.001,0.001,unsupported,runner FlagGems does not implement run_with_inputs for rsqrt,,,,,1.0,1.0205,true,0.0205
rsqrt,non-align-1,cuBLAS/cuDNN,109.6,91.1,,0.8184,ok,,false,true,0,0,0.001,0.001,ok,,,,,,1.0,0.8184,false,-0.1816
rsqrt,non-align-1,PyTorch-eager,89.7,99.3,,1.0000,ok,,false,true,0,0,0.001,0.001,ok,,,,,,1.0,1.0000,true,0.0000
rsqrt,non-align-1,Arke,86.4,102.4,,1.0382,ok,,false,true,0,0,0.001,0.001,ok,,,,,,1.0,1.0382,true,0.0382
rsqrt,non-align-1,FlagGems,85.6,95.2,,1.0479,ok,,false,,,,0.001,0.001,unsupported,runner FlagGems does not implement run_with_inputs for rsqrt,,,,,1.0,1.0479,true,0.0479
rsqrt,non-align-2,cuBLAS/cuDNN,96.3,113.7,,0.9252,ok,,false,true,0,0,0.001,0.001,ok,,,,,,1.0,0.9252,false,-0.0748
rsqrt,non-align-2,PyTorch-eager,89.1,116.7,,1.0000,ok,,false,true,0,0,0.001,0.001,ok,,,,,,1.0,1.0000,true,0.0000
rsqrt,non-align-2,Arke,91.1,107.5,,0.9780,ok,,false,true,0,0,0.001,0.001,ok,,,,,,1.0,0.9780,false,-0.0220
rsqrt,non-align-2,FlagGems,88.7,111.6,,1.0045,ok,,false,,,,0.001,0.001,unsupported,runner FlagGems does not implement run_with_inputs for rsqrt,,,,,1.0,1.0045,true,0.0045
rsqrt,non-align-3,cuBLAS/cuDNN,134.8,175.1,,0.9948,ok,,false,true,0,0,0.001,0.001,ok,,,,,,1.0,0.9948,false,-0.0052
rsqrt,non-align-3,PyTorch-eager,134.1,174.1,,1.0000,ok,,false,true,0,0,0.001,0.001,ok,,,,,,1.0,1.0000,true,0.0000
rsqrt,non-align-3,Arke,134.4,180.2,,0.9978,ok,,false,true,0,0,0.001,0.001,ok,,,,,,1.0,0.9978,false,-0.0022
rsqrt,non-align-3,FlagGems,134.5,157.7,,0.9970,ok,,false,,,,0.001,0.001,unsupported,runner FlagGems does not implement run_with_inputs for rsqrt,,,,,1.0,0.9970,false,-0.0030
rsqrt,non-align-4,cuBLAS/cuDNN,90.4,119.8,,0.9934,ok,,false,true,0,0,0.001,0.001,ok,,,,,,1.0,0.9934,false,-0.0066
rsqrt,non-align-4,PyTorch-eager,89.8,118.8,,1.0000,ok,,false,true,0,0,0.001,0.001,ok,,,,,,1.0,1.0000,true,0.0000
rsqrt,non-align-4,Arke,98.4,128.0,,0.9126,ok,,false,true,0,0,0.001,0.001,ok,,,,,,1.0,0.9126,false,-0.0874
rsqrt,non-align-4,FlagGems,108.5,117.5,,0.8276,ok,,false,,,,0.001,0.001,unsupported,runner FlagGems does not implement run_with_inputs for rsqrt,,,,,1.0,0.8276,false,-0.1724
rsqrt,non-align-5,cuBLAS/cuDNN,100.7,48.1,,0.8064,ok,,false,true,0,0,0.001,0.001,ok,,,,,,1.0,0.8064,false,-0.1936
rsqrt,non-align-5,PyTorch-eager,81.2,95.2,,1.0000,ok,,false,true,0,0,0.001,0.001,ok,,,,,,1.0,1.0000,true,0.0000
rsqrt,non-align-5,Arke,85.7,94.4,,0.9475,ok,,false,true,0,0,0.001,0.001,ok,,,,,,1.0,0.9475,false,-0.0525
rsqrt,non-align-5,FlagGems,83.6,99.4,,0.9713,ok,,false,,,,0.001,0.001,unsupported,runner FlagGems does not implement run_with_inputs for rsqrt,,,,,1.0,0.9713,false,-0.0287
rsqrt,extreme-flat,cuBLAS/cuDNN,90.2,93.5,,0.9412,ok,,false,true,0,0,0.001,0.001,ok,,,,,,1.0,0.9412,false,-0.0588
rsqrt,extreme-flat,PyTorch-eager,84.9,48.1,,1.0000,ok,,false,true,0,0,0.001,0.001,ok,,,,,,1.0,1.0000,true,0.0000
rsqrt,extreme-flat,Arke,86.4,18.4,,0.9826,ok,,false,true,0,0,0.001,0.001,ok,,,,,,1.0,0.9826,false,-0.0174
rsqrt,extreme-flat,FlagGems,99.7,81.8,,0.8516,ok,,false,,,,0.001,0.001,unsupported,runner FlagGems does not implement run_with_inputs for rsqrt,,,,,1.0,0.8516,false,-0.1484
rsqrt,extreme-tall,cuBLAS/cuDNN,146.4,103.4,,0.5874,ok,,false,true,0,0,0.001,0.001,ok,,,,,,1.0,0.5874,false,-0.4126
rsqrt,extreme-tall,PyTorch-eager,86.0,15.4,,1.0000,ok,,false,true,0,0,0.001,0.001,ok,,,,,,1.0,1.0000,true,0.0000
rsqrt,extreme-tall,Arke,84.3,48.8,,1.0202,ok,,false,true,0,0,0.001,0.001,ok,,,,,,1.0,1.0202,true,0.0202
rsqrt,extreme-tall,FlagGems,85.0,99.2,,1.0118,ok,,false,,,,0.001,0.001,unsupported,runner FlagGems does not implement run_with_inputs for rsqrt,,,,,1.0,1.0118,true,0.0118
rsqrt,extreme-wide,cuBLAS/cuDNN,91.1,131.1,,1.0450,ok,,false,true,0,0,0.001,0.001,ok,,,,,,1.0,1.0450,true,0.0450
rsqrt,extreme-wide,PyTorch-eager,95.2,113.7,,1.0000,ok,,false,true,0,0,0.001,0.001,ok,,,,,,1.0,1.0000,true,0.0000
rsqrt,extreme-wide,Arke,150.5,59.4,,0.6326,ok,,false,true,0,0,0.001,0.001,ok,,,,,,1.0,0.6326,false,-0.3674
rsqrt,extreme-wide,FlagGems,99.7,131.1,,0.9549,ok,,false,,,,0.001,0.001,unsupported,runner FlagGems does not implement run_with_inputs for rsqrt,,,,,1.0,0.9549,false,-0.0451
scatter,non-align-1,PyTorch-eager,35.2,34.7,,1.0000,ok,,false,true,0,0,0.001,0.001,ok,,,,,,1.0,1.0000,true,0.0000
scatter,non-align-2,PyTorch-eager,141.7,137.2,,1.0000,ok,,false,true,0,0,0.001,0.001,ok,,,,,,1.0,1.0000,true,0.0000
sigmoid,micro-tiny,cuBLAS/cuDNN,110.3,98.1,,0.7525,ok,,false,true,0,0,0.001,0.001,ok,,,,,,1.0,0.7525,false,-0.2475
sigmoid,micro-tiny,PyTorch-eager,83.0,6.1,,1.0000,ok,,false,true,0,0,0.001,0.001,ok,,,,,,1.0,1.0000,true,0.0000
sigmoid,micro-tiny,Arke,87.7,103.2,,0.9464,ok,,false,true,0,0,0.001,0.001,ok,,,,,,1.0,0.9464,false,-0.0536
sigmoid,micro-tiny,FlagGems,111.3,93.5,,0.7457,ok,,false,,,,0.001,0.001,unsupported,runner FlagGems does not implement run_with_inputs for sigmoid,,,,,1.0,0.7457,false,-0.2543
sigmoid,micro-small,cuBLAS/cuDNN,102.4,103.4,,0.8672,ok,,false,true,0,0,0.001,0.001,ok,,,,,,1.0,0.8672,false,-0.1328
sigmoid,micro-small,PyTorch-eager,88.8,60.4,,1.0000,ok,,false,true,0,0,0.001,0.001,ok,,,,,,1.0,1.0000,true,0.0000
sigmoid,micro-small,Arke,88.4,101.4,,1.0045,ok,,false,true,0,0,0.001,0.001,ok,,,,,,1.0,1.0045,true,0.0045
sigmoid,micro-small,FlagGems,85.3,11.3,,1.0410,ok,,false,,,,0.001,0.001,unsupported,runner FlagGems does not implement run_with_inputs for sigmoid,,,,,1.0,1.0410,true,0.0410
sigmoid,gpt2-hidden,cuBLAS/cuDNN,99.7,100.4,,0.8877,ok,,false,true,0,0,0.001,0.001,ok,,,,,,1.0,0.8877,false,-0.1123
sigmoid,gpt2-hidden,PyTorch-eager,88.5,67.6,,1.0000,ok,,false,true,0,0,0.001,0.001,ok,,,,,,1.0,1.0000,true,0.0000
sigmoid,gpt2-hidden,Arke,133.5,104.4,,0.6629,ok,,false,true,0,0,0.001,0.001,ok,,,,,,1.0,0.6629,false,-0.3371
sigmoid,gpt2-hidden,FlagGems,86.6,96.2,,1.0219,ok,,false,,,,0.001,0.001,unsupported,runner FlagGems does not implement run_with_inputs for sigmoid,,,,,1.0,1.0219,true,0.0219
sigmoid,gpt2-ffn,cuBLAS/cuDNN,92.5,97.5,,0.9189,ok,,false,true,0,0,0.001,0.001,ok,,,,,,1.0,0.9189,false,-0.0811
sigmoid,gpt2-ffn,PyTorch-eager,85.0,103.4,,1.0000,ok,,false,true,0,0,0.001,0.001,ok,,,,,,1.0,1.0000,true,0.0000
sigmoid,gpt2-ffn,Arke,87.4,86.9,,0.9725,ok,,false,true,0,0,0.001,0.001,ok,,,,,,1.0,0.9725,false,-0.0275
sigmoid,gpt2-ffn,FlagGems,91.8,104.4,,0.9259,ok,,false,,,,0.001,0.001,unsupported,runner FlagGems does not implement run_with_inputs for sigmoid,,,,,1.0,0.9259,false,-0.0741
sigmoid,square-1k,cuBLAS/cuDNN,104.8,97.3,,0.8340,ok,,false,true,0,0,0.001,0.001,ok,,,,,,1.0,0.8340,false,-0.1660
sigmoid,square-1k,PyTorch-eager,87.4,92.1,,1.0000,ok,,false,true,0,0,0.001,0.001,ok,,,,,,1.0,1.0000,true,0.0000
sigmoid,square-1k,Arke,89.7,103.7,,0.9744,ok,,false,true,0,0,0.001,0.001,ok,,,,,,1.0,0.9744,false,-0.0256
sigmoid,square-1k,FlagGems,98.1,95.2,,0.8909,ok,,false,,,,0.001,0.001,unsupported,runner FlagGems does not implement run_with_inputs for sigmoid,,,,,1.0,0.8909,false,-0.1091
sigmoid,llama-ffn,cuBLAS/cuDNN,99.0,109.6,,1.1202,ok,,false,true,0,0,0.001,0.001,ok,,,,,,1.0,1.1202,true,0.1202
sigmoid,llama-ffn,PyTorch-eager,110.9,150.5,,1.0000,ok,,false,true,0,0,0.001,0.001,ok,,,,,,1.0,1.0000,true,0.0000
sigmoid,llama-ffn,Arke,104.1,146.4,,1.0653,ok,,false,true,0,0,0.001,0.001,ok,,,,,,1.0,1.0653,true,0.0653
sigmoid,llama-ffn,FlagGems,101.4,76.9,,1.0937,ok,,false,,,,0.001,0.001,unsupported,runner FlagGems does not implement run_with_inputs for sigmoid,,,,,1.0,1.0937,true,0.0937
sigmoid,llama-hidden,cuBLAS/cuDNN,83.3,74.8,,0.9952,ok,,false,true,0,0,0.001,0.001,ok,,,,,,1.0,0.9952,false,-0.0048
sigmoid,llama-hidden,PyTorch-eager,82.9,105.3,,1.0000,ok,,false,true,0,0,0.001,0.001,ok,,,,,,1.0,1.0000,true,0.0000
sigmoid,llama-hidden,Arke,96.6,108.5,,0.8582,ok,,false,true,0,0,0.001,0.001,ok,,,,,,1.0,0.8582,false,-0.1418
sigmoid,llama-hidden,FlagGems,96.3,100.4,,0.8609,ok,,false,,,,0.001,0.001,unsupported,runner FlagGems does not implement run_with_inputs for sigmoid,,,,,1.0,0.8609,false,-0.1391
sigmoid,llama-long,cuBLAS/cuDNN,240.0,293.9,,1.0267,ok,,false,true,0,0,0.001,0.001,ok,,,,,,1.0,1.0267,true,0.0267
sigmoid,llama-long,PyTorch-eager,246.4,265.2,,1.0000,ok,,false,true,0,0,0.001,0.001,ok,,,,,,1.0,1.0000,true,0.0000
sigmoid,llama-long,Arke,260.1,272.4,,0.9473,ok,,false,true,0,0,0.001,0.001,ok,,,,,,1.0,0.9473,false,-0.0527
sigmoid,llama-long,FlagGems,237.2,245.8,,1.0388,ok,,false,,,,0.001,0.001,unsupported,runner FlagGems does not implement run_with_inputs for sigmoid,,,,,1.0,1.0388,true,0.0388
sigmoid,ds-ffn,cuBLAS/cuDNN,113.3,135.0,,1.0124,ok,,false,true,0,0,0.001,0.001,ok,,,,,,1.0,1.0124,true,0.0124
sigmoid,ds-ffn,PyTorch-eager,114.7,121.7,,1.0000,ok,,false,true,0,0,0.001,0.001,ok,,,,,,1.0,1.0000,true,0.0000
sigmoid,ds-ffn,Arke,114.7,162.8,,1.0000,ok,,false,true,0,0,0.001,0.001,ok,,,,,,1.0,1.0000,true,0.0000
sigmoid,ds-ffn,FlagGems,114.3,157.7,,1.0035,ok,,false,,,,0.001,0.001,unsupported,runner FlagGems does not implement run_with_inputs for sigmoid,,,,,1.0,1.0035,true,0.0035
sigmoid,ds-ffn-large,cuBLAS/cuDNN,155.6,200.6,,0.9589,ok,,false,true,0,0,0.001,0.001,ok,,,,,,1.0,0.9589,false,-0.0411
sigmoid,ds-ffn-large,PyTorch-eager,149.2,194.4,,1.0000,ok,,false,true,0,0,0.001,0.001,ok,,,,,,1.0,1.0000,true,0.0000
sigmoid,ds-ffn-large,Arke,169.3,187.4,,0.8813,ok,,false,true,0,0,0.001,0.001,ok,,,,,,1.0,0.8813,false,-0.1187
sigmoid,ds-ffn-large,FlagGems,150.5,179.2,,0.9914,ok,,false,,,,0.001,0.001,unsupported,runner FlagGems does not implement run_with_inputs for sigmoid,,,,,1.0,0.9914,false,-0.0086
sigmoid,qwen-ffn,cuBLAS/cuDNN,153.2,200.7,,1.1919,ok,,false,true,0,0,0.001,0.001,ok,,,,,,1.0,1.1919,true,0.1919
sigmoid,qwen-ffn,PyTorch-eager,182.6,199.5,,1.0000,ok,,false,true,0,0,0.001,0.001,ok,,,,,,1.0,1.0000,true,0.0000
sigmoid,qwen-ffn,Arke,157.7,129.0,,1.1579,ok,,false,true,0,0,0.001,0.001,ok,,,,,,1.0,1.1579,true,0.1579
sigmoid,qwen-ffn,FlagGems,153.3,203.8,,1.1911,ok,,false,,,,0.001,0.001,unsupported,runner FlagGems does not implement run_with_inputs for sigmoid,,,,,1.0,1.1911,true,0.1911
sigmoid,xlarge,cuBLAS/cuDNN,440.0,431.1,,0.9743,ok,,false,true,0,0,0.001,0.001,ok,,,,,,1.0,0.9743,false,-0.0257
sigmoid,xlarge,PyTorch-eager,428.7,432.1,,1.0000,ok,,false,true,0,0,0.001,0.001,ok,,,,,,1.0,1.0000,true,0.0000
sigmoid,xlarge,Arke,452.6,460.8,,0.9472,ok,,false,true,0,0,0.001,0.001,ok,,,,,,1.0,0.9472,false,-0.0528
sigmoid,xlarge,FlagGems,441.3,465.9,,0.9714,ok,,false,,,,0.001,0.001,unsupported,runner FlagGems does not implement run_with_inputs for sigmoid,,,,,1.0,0.9714,false,-0.0286
sigmoid,non-align-1,cuBLAS/cuDNN,84.7,84.1,,0.9551,ok,,false,true,0,0,0.001,0.001,ok,,,,,,1.0,0.9551,false,-0.0449
sigmoid,non-align-1,PyTorch-eager,80.9,101.4,,1.0000,ok,,false,true,0,0,0.001,0.001,ok,,,,,,1.0,1.0000,true,0.0000
sigmoid,non-align-1,Arke,94.5,95.0,,0.8561,ok,,false,true,0,0,0.001,0.001,ok,,,,,,1.0,0.8561,false,-0.1439
sigmoid,non-align-1,FlagGems,86.0,9.2,,0.9407,ok,,false,,,,0.001,0.001,unsupported,runner FlagGems does not implement run_with_inputs for sigmoid,,,,,1.0,0.9407,false,-0.0593
sigmoid,non-align-2,cuBLAS/cuDNN,86.7,115.7,,1.0946,ok,,false,true,0,0,0.001,0.001,ok,,,,,,1.0,1.0946,true,0.0946
sigmoid,non-align-2,PyTorch-eager,94.9,58.2,,1.0000,ok,,false,true,0,0,0.001,0.001,ok,,,,,,1.0,1.0000,true,0.0000
sigmoid,non-align-2,Arke,106.8,116.7,,0.8886,ok,,false,true,0,0,0.001,0.001,ok,,,,,,1.0,0.8886,false,-0.1114
sigmoid,non-align-2,FlagGems,102.4,114.7,,0.9268,ok,,false,,,,0.001,0.001,unsupported,runner FlagGems does not implement run_with_inputs for sigmoid,,,,,1.0,0.9268,false,-0.0732
sigmoid,non-align-3,cuBLAS/cuDNN,134.1,182.1,,1.0634,ok,,false,true,0,0,0.001,0.001,ok,,,,,,1.0,1.0634,true,0.0634
sigmoid,non-align-3,PyTorch-eager,142.6,181.2,,1.0000,ok,,false,true,0,0,0.001,0.001,ok,,,,,,1.0,1.0000,true,0.0000
sigmoid,non-align-3,Arke,135.5,175.1,,1.0524,ok,,false,true,0,0,0.001,0.001,ok,,,,,,1.0,1.0524,true,0.0524
sigmoid,non-align-3,FlagGems,149.1,137.2,,0.9564,ok,,false,,,,0.001,0.001,unsupported,runner FlagGems does not implement run_with_inputs for sigmoid,,,,,1.0,0.9564,false,-0.0436
sigmoid,non-align-4,cuBLAS/cuDNN,94.2,130.0,,1.0658,ok,,false,true,0,0,0.001,0.001,ok,,,,,,1.0,1.0658,true,0.0658
sigmoid,non-align-4,PyTorch-eager,100.4,83.9,,1.0000,ok,,false,true,0,0,0.001,0.001,ok,,,,,,1.0,1.0000,true,0.0000
sigmoid,non-align-4,Arke,111.5,52.1,,0.9004,ok,,false,true,0,0,0.001,0.001,ok,,,,,,1.0,0.9004,false,-0.0996
sigmoid,non-align-4,FlagGems,90.8,92.0,,1.1057,ok,,false,,,,0.001,0.001,unsupported,runner FlagGems does not implement run_with_inputs for sigmoid,,,,,1.0,1.1057,true,0.1057
sigmoid,non-align-5,cuBLAS/cuDNN,93.2,99.3,,1.0000,ok,,false,true,0,0,0.001,0.001,ok,,,,,,1.0,1.0000,true,0.0000
sigmoid,non-align-5,PyTorch-eager,93.2,101.4,,1.0000,ok,,false,true,0,0,0.001,0.001,ok,,,,,,1.0,1.0000,true,0.0000
sigmoid,non-align-5,Arke,93.9,98.2,,0.9925,ok,,false,true,0,0,0.001,0.001,ok,,,,,,1.0,0.9925,false,-0.0075
sigmoid,non-align-5,FlagGems,89.8,96.2,,1.0379,ok,,false,,,,0.001,0.001,unsupported,runner FlagGems does not implement run_with_inputs for sigmoid,,,,,1.0,1.0379,true,0.0379
sigmoid,extreme-flat,cuBLAS/cuDNN,86.4,99.1,,1.7025,ok,,false,true,0,0,0.001,0.001,ok,,,,,,1.0,1.7025,true,0.7025
sigmoid,extreme-flat,PyTorch-eager,147.1,99.5,,1.0000,ok,,false,true,0,0,0.001,0.001,ok,,,,,,1.0,1.0000,true,0.0000
sigmoid,extreme-flat,Arke,87.1,90.0,,1.6889,ok,,false,true,0,0,0.001,0.001,ok,,,,,,1.0,1.6889,true,0.6889
sigmoid,extreme-flat,FlagGems,101.4,100.2,,1.4507,ok,,false,,,,0.001,0.001,unsupported,runner FlagGems does not implement run_with_inputs for sigmoid,,,,,1.0,1.4507,true,0.4507
sigmoid,extreme-tall,cuBLAS/cuDNN,86.3,98.0,,1.0915,ok,,false,true,0,0,0.001,0.001,ok,,,,,,1.0,1.0915,true,0.0915
sigmoid,extreme-tall,PyTorch-eager,94.2,97.3,,1.0000,ok,,false,true,0,0,0.001,0.001,ok,,,,,,1.0,1.0000,true,0.0000
sigmoid,extreme-tall,Arke,99.4,88.1,,0.9477,ok,,false,true,0,0,0.001,0.001,ok,,,,,,1.0,0.9477,false,-0.0523
sigmoid,extreme-tall,FlagGems,94.5,93.5,,0.9968,ok,,false,,,,0.001,0.001,unsupported,runner FlagGems does not implement run_with_inputs for sigmoid,,,,,1.0,0.9968,false,-0.0032
sigmoid,extreme-wide,cuBLAS/cuDNN,119.7,141.2,,0.8956,ok,,false,true,0,0,0.001,0.001,ok,,,,,,1.0,0.8956,false,-0.1044
sigmoid,extreme-wide,PyTorch-eager,107.2,102.1,,1.0000,ok,,false,true,0,0,0.001,0.001,ok,,,,,,1.0,1.0000,true,0.0000
sigmoid,extreme-wide,Arke,105.1,135.0,,1.0200,ok,,false,true,0,0,0.001,0.001,ok,,,,,,1.0,1.0200,true,0.0200
sigmoid,extreme-wide,FlagGems,83.6,126.0,,1.2823,ok,,false,,,,0.001,0.001,unsupported,runner FlagGems does not implement run_with_inputs for sigmoid,,,,,1.0,1.2823,true,0.2823
silu,micro-tiny,cuBLAS/cuDNN,86.4,96.3,,0.9005,ok,,false,true,0,0,0.001,0.001,ok,,,,,,1.0,0.9005,false,-0.0995
silu,micro-tiny,PyTorch-eager,77.8,53.2,,1.0000,ok,,false,true,0,0,0.001,0.001,ok,,,,,,1.0,1.0000,true,0.0000
silu,micro-tiny,torch.compile,278.5,265.2,,0.2794,ok,,false,true,0,0,0.001,0.001,ok,,,,,,1.0,0.2794,false,-0.7206
silu,micro-tiny,Arke,83.3,21.5,,0.9340,ok,,false,true,0,0,0.001,0.001,ok,,,,,,1.0,0.9340,false,-0.0660
silu,micro-tiny,FlagGems,82.3,105.5,,0.9453,ok,,false,,,,0.001,0.001,unsupported,runner FlagGems does not implement run_with_inputs for silu,,,,,1.0,0.9453,false,-0.0547
silu,micro-small,cuBLAS/cuDNN,82.6,95.2,,1.0036,ok,,false,true,0,0,0.001,0.001,ok,,,,,,1.0,1.0036,true,0.0036
silu,micro-small,PyTorch-eager,82.9,56.3,,1.0000,ok,,false,true,0,0,0.001,0.001,ok,,,,,,1.0,1.0000,true,0.0000
silu,micro-small,torch.compile,350.2,338.9,,0.2367,ok,,false,true,0,0,0.001,0.001,ok,,,,,,1.0,0.2367,false,-0.7633
silu,micro-small,Arke,93.9,8.2,,0.8829,ok,,false,true,0,0,0.001,0.001,ok,,,,,,1.0,0.8829,false,-0.1171
silu,micro-small,FlagGems,85.3,100.4,,0.9719,ok,,false,,,,0.001,0.001,unsupported,runner FlagGems does not implement run_with_inputs for silu,,,,,1.0,0.9719,false,-0.0281
silu,gpt2-hidden,cuBLAS/cuDNN,106.2,113.7,,0.8870,ok,,false,true,0,0,0.001,0.001,ok,,,,,,1.0,0.8870,false,-0.1130
silu,gpt2-hidden,PyTorch-eager,94.2,92.2,,1.0000,ok,,false,true,0,0,0.001,0.001,ok,,,,,,1.0,1.0000,true,0.0000
silu,gpt2-hidden,torch.compile,336.2,313.3,,0.2802,ok,,false,true,0,0,0.001,0.001,ok,,,,,,1.0,0.2802,false,-0.7198
silu,gpt2-hidden,Arke,103.1,104.4,,0.9137,ok,,false,true,0,0,0.001,0.001,ok,,,,,,1.0,0.9137,false,-0.0863
silu,gpt2-hidden,FlagGems,94.9,103.4,,0.9926,ok,,false,,,,0.001,0.001,unsupported,runner FlagGems does not implement run_with_inputs for silu,,,,,1.0,0.9926,false,-0.0074
silu,gpt2-ffn,cuBLAS/cuDNN,87.8,99.4,,1.0569,ok,,false,true,0,0,0.001,0.001,ok,,,,,,1.0,1.0569,true,0.0569
silu,gpt2-ffn,PyTorch-eager,92.8,101.4,,1.0000,ok,,false,true,0,0,0.001,0.001,ok,,,,,,1.0,1.0000,true,0.0000
silu,gpt2-ffn,torch.compile,433.5,274.4,,0.2141,ok,,false,true,0,0,0.001,0.001,ok,,,,,,1.0,0.2141,false,-0.7859
silu,gpt2-ffn,Arke,93.2,121.8,,0.9957,ok,,false,true,0,0,0.001,0.001,ok,,,,,,1.0,0.9957,false,-0.0043
silu,gpt2-ffn,FlagGems,95.9,101.4,,0.9677,ok,,false,,,,0.001,0.001,unsupported,runner FlagGems does not implement run_with_inputs for silu,,,,,1.0,0.9677,false,-0.0323
silu,square-1k,cuBLAS/cuDNN,82.9,100.4,,0.9300,ok,,false,true,0,0,0.001,0.001,ok,,,,,,1.0,0.9300,false,-0.0700
silu,square-1k,PyTorch-eager,77.1,94.1,,1.0000,ok,,false,true,0,0,0.001,0.001,ok,,,,,,1.0,1.0000,true,0.0000
silu,square-1k,torch.compile,304.1,310.3,,0.2535,ok,,false,true,0,0,0.001,0.001,ok,,,,,,1.0,0.2535,false,-0.7465
silu,square-1k,Arke,135.9,105.5,,0.5673,ok,,false,true,0,0,0.001,0.001,ok,,,,,,1.0,0.5673,false,-0.4327
silu,square-1k,FlagGems,89.1,97.3,,0.8653,ok,,false,,,,0.001,0.001,unsupported,runner FlagGems does not implement run_with_inputs for silu,,,,,1.0,0.8653,false,-0.1347
silu,llama-ffn,cuBLAS/cuDNN,118.1,162.8,,1.0000,ok,,false,true,0,0,0.001,0.001,ok,,,,,,1.0,1.0000,true,0.0000
silu,llama-ffn,PyTorch-eager,118.1,128.0,,1.0000,ok,,false,true,0,0,0.001,0.001,ok,,,,,,1.0,1.0000,true,0.0000
silu,llama-ffn,torch.compile,435.5,403.5,,0.2712,ok,,false,true,0,0,0.001,0.001,ok,,,,,,1.0,0.2712,false,-0.7288
silu,llama-ffn,Arke,114.0,111.6,,1.0360,ok,,false,true,0,0,0.001,0.001,ok,,,,,,1.0,1.0360,true,0.0360
silu,llama-ffn,FlagGems,118.8,166.9,,0.9941,ok,,false,,,,0.001,0.001,unsupported,runner FlagGems does not implement run_with_inputs for silu,,,,,1.0,0.9941,false,-0.0059
silu,llama-hidden,cuBLAS/cuDNN,86.4,106.5,,1.1100,ok,,false,true,0,0,0.001,0.001,ok,,,,,,1.0,1.1100,true,0.1100
silu,llama-hidden,PyTorch-eager,95.9,105.5,,1.0000,ok,,false,true,0,0,0.001,0.001,ok,,,,,,1.0,1.0000,true,0.0000
silu,llama-hidden,torch.compile,338.3,302.1,,0.2835,ok,,false,true,0,0,0.001,0.001,ok,,,,,,1.0,0.2835,false,-0.7165
silu,llama-hidden,Arke,104.1,75.8,,0.9212,ok,,false,true,0,0,0.001,0.001,ok,,,,,,1.0,0.9212,false,-0.0788
silu,llama-hidden,FlagGems,100.7,113.7,,0.9523,ok,,false,,,,0.001,0.001,unsupported,runner FlagGems does not implement run_with_inputs for silu,,,,,1.0,0.9523,false,-0.0477
silu,llama-long,cuBLAS/cuDNN,300.0,323.6,,0.9570,ok,,false,true,0,0,0.001,0.001,ok,,,,,,1.0,0.9570,false,-0.0430
silu,llama-long,PyTorch-eager,287.1,307.2,,1.0000,ok,,false,true,0,0,0.001,0.001,ok,,,,,,1.0,1.0000,true,0.0000
silu,llama-long,torch.compile,663.9,675.8,,0.4324,ok,,false,true,0,0,0.001,0.001,ok,,,,,,1.0,0.4324,false,-0.5676
silu,llama-long,Arke,270.3,303.1,,1.0622,ok,,false,true,0,0,0.001,0.001,ok,,,,,,1.0,1.0622,true,0.0622
silu,llama-long,FlagGems,282.3,299.0,,1.0170,ok,,false,,,,0.001,0.001,unsupported,runner FlagGems does not implement run_with_inputs for silu,,,,,1.0,1.0170,true,0.0170
silu,ds-ffn,cuBLAS/cuDNN,123.6,172.0,,1.0081,ok,,false,true,0,0,0.001,0.001,ok,,,,,,1.0,1.0081,true,0.0081
silu,ds-ffn,PyTorch-eager,124.6,171.0,,1.0000,ok,,false,true,0,0,0.001,0.001,ok,,,,,,1.0,1.0000,true,0.0000
silu,ds-ffn,torch.compile,376.8,380.9,,0.3307,ok,,false,true,0,0,0.001,0.001,ok,,,,,,1.0,0.3307,false,-0.6693
silu,ds-ffn,Arke,127.7,174.1,,0.9757,ok,,false,true,0,0,0.001,0.001,ok,,,,,,1.0,0.9757,false,-0.0243
silu,ds-ffn,FlagGems,123.9,144.4,,1.0056,ok,,false,,,,0.001,0.001,unsupported,runner FlagGems does not implement run_with_inputs for silu,,,,,1.0,1.0056,true,0.0056
silu,ds-ffn-large,cuBLAS/cuDNN,172.7,195.6,,1.0394,ok,,false,true,0,0,0.001,0.001,ok,,,,,,1.0,1.0394,true,0.0394
silu,ds-ffn-large,PyTorch-eager,179.5,149.5,,1.0000,ok,,false,true,0,0,0.001,0.001,ok,,,,,,1.0,1.0000,true,0.0000
silu,ds-ffn-large,torch.compile,442.4,464.9,,0.4057,ok,,false,true,0,0,0.001,0.001,ok,,,,,,1.0,0.4057,false,-0.5943
silu,ds-ffn-large,Arke,172.4,183.3,,1.0412,ok,,false,true,0,0,0.001,0.001,ok,,,,,,1.0,1.0412,true,0.0412
silu,ds-ffn-large,FlagGems,192.1,229.4,,0.9344,ok,,false,,,,0.001,0.001,unsupported,runner FlagGems does not implement run_with_inputs for silu,,,,,1.0,0.9344,false,-0.0656
silu,qwen-ffn,cuBLAS/cuDNN,195.9,224.3,,0.8851,ok,,false,true,0,0,0.001,0.001,ok,,,,,,1.0,0.8851,false,-0.1149
silu,qwen-ffn,PyTorch-eager,173.4,192.5,,1.0000,ok,,false,true,0,0,0.001,0.001,ok,,,,,,1.0,1.0000,true,0.0000
silu,qwen-ffn,torch.compile,445.1,513.0,,0.3896,ok,,false,true,0,0,0.001,0.001,ok,,,,,,1.0,0.3896,false,-0.6104
silu,qwen-ffn,Arke,175.1,192.5,,0.9903,ok,,false,true,0,0,0.001,0.001,ok,,,,,,1.0,0.9903,false,-0.0097
silu,qwen-ffn,FlagGems,173.0,198.7,,1.0023,ok,,false,,,,0.001,0.001,unsupported,runner FlagGems does not implement run_with_inputs for silu,,,,,1.0,1.0023,true,0.0023
silu,xlarge,cuBLAS/cuDNN,526.7,502.8,,1.0123,ok,,false,true,0,0,0.001,0.001,ok,,,,,,1.0,1.0123,true,0.0123
silu,xlarge,PyTorch-eager,533.2,500.7,,1.0000,ok,,false,true,0,0,0.001,0.001,ok,,,,,,1.0,1.0000,true,0.0000
silu,xlarge,torch.compile,1403.2,1366.0,,0.3800,ok,,false,true,0,0,0.001,0.001,ok,,,,,,1.0,0.3800,false,-0.6200
silu,xlarge,Arke,546.8,503.8,,0.9751,ok,,false,true,0,0,0.001,0.001,ok,,,,,,1.0,0.9751,false,-0.0249
silu,xlarge,FlagGems,535.9,500.7,,0.9950,ok,,false,,,,0.001,0.001,unsupported,runner FlagGems does not implement run_with_inputs for silu,,,,,1.0,0.9950,false,-0.0050
silu,non-align-1,cuBLAS/cuDNN,102.7,97.3,,0.7877,ok,,false,true,0,0,0.001,0.001,ok,,,,,,1.0,0.7877,false,-0.2123
silu,non-align-1,PyTorch-eager,80.9,99.2,,1.0000,ok,,false,true,0,0,0.001,0.001,ok,,,,,,1.0,1.0000,true,0.0000
silu,non-align-1,torch.compile,332.8,298.0,,0.2431,ok,,false,true,0,0,0.001,0.001,ok,,,,,,1.0,0.2431,false,-0.7569
silu,non-align-1,Arke,99.0,102.4,,0.8172,ok,,false,true,0,0,0.001,0.001,ok,,,,,,1.0,0.8172,false,-0.1828
silu,non-align-1,FlagGems,89.1,103.4,,0.9080,ok,,false,,,,0.001,0.001,unsupported,runner FlagGems does not implement run_with_inputs for silu,,,,,1.0,0.9080,false,-0.0920
silu,non-align-2,cuBLAS/cuDNN,100.7,124.9,,1.0139,ok,,false,true,0,0,0.001,0.001,ok,,,,,,1.0,1.0139,true,0.0139
silu,non-align-2,PyTorch-eager,102.1,117.8,,1.0000,ok,,false,true,0,0,0.001,0.001,ok,,,,,,1.0,1.0000,true,0.0000
silu,non-align-2,torch.compile,331.4,288.8,,0.3081,ok,,false,true,0,0,0.001,0.001,ok,,,,,,1.0,0.3081,false,-0.6919
silu,non-align-2,Arke,96.9,120.8,,1.0537,ok,,false,true,0,0,0.001,0.001,ok,,,,,,1.0,1.0537,true,0.0537
silu,non-align-2,FlagGems,93.5,50.2,,1.0920,ok,,false,,,,0.001,0.001,unsupported,runner FlagGems does not implement run_with_inputs for silu,,,,,1.0,1.0920,true,0.0920
silu,non-align-3,cuBLAS/cuDNN,155.3,172.0,,0.9981,ok,,false,true,0,0,0.001,0.001,ok,,,,,,1.0,0.9981,false,-0.0019
silu,non-align-3,PyTorch-eager,155.0,193.5,,1.0000,ok,,false,true,0,0,0.001,0.001,ok,,,,,,1.0,1.0000,true,0.0000
silu,non-align-3,torch.compile,401.1,436.2,,0.3864,ok,,false,true,0,0,0.001,0.001,ok,,,,,,1.0,0.3864,false,-0.6136
silu,non-align-3,Arke,151.9,164.9,,1.0204,ok,,false,true,0,0,0.001,0.001,ok,,,,,,1.0,1.0204,true,0.0204
silu,non-align-3,FlagGems,171.0,201.7,,0.9064,ok,,false,,,,0.001,0.001,unsupported,runner FlagGems does not implement run_with_inputs for silu,,,,,1.0,0.9064,false,-0.0936
silu,non-align-4,cuBLAS/cuDNN,99.0,132.0,,0.9687,ok,,false,true,0,0,0.001,0.001,ok,,,,,,1.0,0.9687,false,-0.0313
silu,non-align-4,PyTorch-eager,95.9,131.1,,1.0000,ok,,false,true,0,0,0.001,0.001,ok,,,,,,1.0,1.0000,true,0.0000
silu,non-align-4,torch.compile,326.0,348.2,,0.2942,ok,,false,true,0,0,0.001,0.001,ok,,,,,,1.0,0.2942,false,-0.7058
silu,non-align-4,Arke,98.0,124.9,,0.9786,ok,,false,true,0,0,0.001,0.001,ok,,,,,,1.0,0.9786,false,-0.0214
silu,non-align-4,FlagGems,119.5,138.2,,0.8025,ok,,false,,,,0.001,0.001,unsupported,runner FlagGems does not implement run_with_inputs for silu,,,,,1.0,0.8025,false,-0.1975
silu,non-align-5,cuBLAS/cuDNN,91.1,91.1,,0.9671,ok,,false,true,0,0,0.001,0.001,ok,,,,,,1.0,0.9671,false,-0.0329
silu,non-align-5,PyTorch-eager,88.1,100.4,,1.0000,ok,,false,true,0,0,0.001,0.001,ok,,,,,,1.0,1.0000,true,0.0000
silu,non-align-5,torch.compile,394.2,321.5,,0.2235,ok,,false,true,0,0,0.001,0.001,ok,,,,,,1.0,0.2235,false,-0.7765
silu,non-align-5,Arke,84.7,100.3,,1.0401,ok,,false,true,0,0,0.001,0.001,ok,,,,,,1.0,1.0401,true,0.0401
silu,non-align-5,FlagGems,91.1,100.4,,0.9671,ok,,false,,,,0.001,0.001,unsupported,runner FlagGems does not implement run_with_inputs for silu,,,,,1.0,0.9671,false,-0.0329
silu,extreme-flat,cuBLAS/cuDNN,89.8,95.2,,0.9354,ok,,false,true,0,0,0.001,0.001,ok,,,,,,1.0,0.9354,false,-0.0646
silu,extreme-flat,PyTorch-eager,84.0,95.3,,1.0000,ok,,false,true,0,0,0.001,0.001,ok,,,,,,1.0,1.0000,true,0.0000
silu,extreme-flat,torch.compile,429.7,317.4,,0.1955,ok,,false,true,0,0,0.001,0.001,ok,,,,,,1.0,0.1955,false,-0.8045
silu,extreme-flat,Arke,84.3,103.4,,0.9964,ok,,false,true,0,0,0.001,0.001,ok,,,,,,1.0,0.9964,false,-0.0036
silu,extreme-flat,FlagGems,82.9,101.4,,1.0133,ok,,false,,,,0.001,0.001,unsupported,runner FlagGems does not implement run_with_inputs for silu,,,,,1.0,1.0133,true,0.0133
silu,extreme-tall,cuBLAS/cuDNN,82.3,100.4,,1.4022,ok,,false,true,0,0,0.001,0.001,ok,,,,,,1.0,1.4022,true,0.4022
silu,extreme-tall,PyTorch-eager,115.4,92.2,,1.0000,ok,,false,true,0,0,0.001,0.001,ok,,,,,,1.0,1.0000,true,0.0000
silu,extreme-tall,torch.compile,396.6,343.0,,0.2910,ok,,false,true,0,0,0.001,0.001,ok,,,,,,1.0,0.2910,false,-0.7090
silu,extreme-tall,Arke,122.2,93.2,,0.9444,ok,,false,true,0,0,0.001,0.001,ok,,,,,,1.0,0.9444,false,-0.0556
silu,extreme-tall,FlagGems,91.8,108.5,,1.2571,ok,,false,,,,0.001,0.001,unsupported,runner FlagGems does not implement run_with_inputs for silu,,,,,1.0,1.2571,true,0.2571
silu,extreme-wide,cuBLAS/cuDNN,115.0,135.2,,0.8843,ok,,false,true,0,0,0.001,0.001,ok,,,,,,1.0,0.8843,false,-0.1157
silu,extreme-wide,PyTorch-eager,101.7,139.3,,1.0000,ok,,false,true,0,0,0.001,0.001,ok,,,,,,1.0,1.0000,true,0.0000
silu,extreme-wide,torch.compile,415.7,364.5,,0.2446,ok,,false,true,0,0,0.001,0.001,ok,,,,,,1.0,0.2446,false,-0.7554
silu,extreme-wide,Arke,111.6,148.5,,0.9113,ok,,false,true,0,0,0.001,0.001,ok,,,,,,1.0,0.9113,false,-0.0887
silu,extreme-wide,FlagGems,100.7,147.5,,1.0099,ok,,false,,,,0.001,0.001,unsupported,runner FlagGems does not implement run_with_inputs for silu,,,,,1.0,1.0099,true,0.0099
softmax,attn-gpt2-128,cuBLAS/cuDNN,63.1,7.2,,0.7338,ok,,false,true,0,0,0.005,0.005,ok,,,,,,1.0,0.7338,false,-0.2662
softmax,attn-gpt2-128,Triton-Tutorial,81.6,58.4,,0.5674,ok,,false,true,0,0,0.005,0.005,ok,,,,,,1.0,0.5674,false,-0.4326
softmax,attn-gpt2-128,PyTorch-eager,46.3,59.4,,1.0000,ok,,false,true,0,0,0.005,0.005,ok,,,,,,1.0,1.0000,true,0.0000
softmax,attn-gpt2-128,torch.compile,276.9,253.0,,0.1672,ok,,false,true,0,0,0.005,0.005,ok,,,,,,1.0,0.1672,false,-0.8328
softmax,attn-gpt2-128,Arke,47.3,32.8,,0.9789,ok,,false,true,0,0,0.005,0.005,ok,,,,,,1.0,0.9789,false,-0.0211
softmax,attn-gpt2-128,FlagGems,41.2,28.7,,1.1238,ok,,false,true,0,0,0.005,0.005,ok,,,,,,1.0,1.1238,true,0.1238
softmax,attn-gpt2-256,cuBLAS/cuDNN,45.0,6.1,,0.9489,ok,,false,true,0,0,0.005,0.005,ok,,,,,,1.0,0.9489,false,-0.0511
softmax,attn-gpt2-256,Triton-Tutorial,66.8,8.0,,0.6392,ok,,false,true,0,0,0.005,0.005,ok,,,,,,1.0,0.6392,false,-0.3608
softmax,attn-gpt2-256,PyTorch-eager,42.7,9.2,,1.0000,ok,,false,true,0,0,0.005,0.005,ok,,,,,,1.0,1.0000,true,0.0000
softmax,attn-gpt2-256,torch.compile,280.5,240.6,,0.1522,ok,,false,true,0,0,0.005,0.005,ok,,,,,,1.0,0.1522,false,-0.8478
softmax,attn-gpt2-256,Arke,42.6,30.6,,1.0023,ok,,false,true,0,0,0.005,0.005,ok,,,,,,1.0,1.0023,true,0.0023
softmax,attn-gpt2-256,FlagGems,40.3,44.0,,1.0596,ok,,false,true,0,0,0.005,0.005,ok,,,,,,1.0,1.0596,true,0.0596
softmax,attn-gpt2-512,cuBLAS/cuDNN,44.5,17.4,,0.9730,ok,,false,true,0,0,0.005,0.005,ok,,,,,,1.0,0.9730,false,-0.0270
softmax,attn-gpt2-512,Triton-Tutorial,64.2,80.7,,0.6745,ok,,false,true,0,0,0.005,0.005,ok,,,,,,1.0,0.6745,false,-0.3255
softmax,attn-gpt2-512,PyTorch-eager,43.3,63.5,,1.0000,ok,,false,true,0,0,0.005,0.005,ok,,,,,,1.0,1.0000,true,0.0000
softmax,attn-gpt2-512,torch.compile,280.5,252.9,,0.1544,ok,,false,true,0,0,0.005,0.005,ok,,,,,,1.0,0.1544,false,-0.8456
softmax,attn-gpt2-512,Arke,44.3,37.0,,0.9774,ok,,false,true,0,0,0.005,0.005,ok,,,,,,1.0,0.9774,false,-0.0226
softmax,attn-gpt2-512,FlagGems,40.6,56.3,,1.0665,ok,,false,true,0,0,0.005,0.005,ok,,,,,,1.0,1.0665,true,0.0665
split,non-align-1,PyTorch-eager,11.3,6.1,,1.0000,ok,,false,true,0,0,0.001,0.001,ok,,,,,,1.0,1.0000,true,0.0000
split,non-align-1,Arke,10.9,4.4,,1.0367,ok,,false,,,,0.001,0.001,unsupported,runner Arke returned non-tensor correctness output for split,,,,,1.0,1.0367,true,0.0367
split,non-align-2,PyTorch-eager,21.5,10.1,,1.0000,ok,,false,true,0,0,0.001,0.001,ok,,,,,,1.0,1.0000,true,0.0000
split,non-align-2,Arke,9.5,27.6,,2.2632,ok,,false,,,,0.001,0.001,unsupported,runner Arke returned non-tensor correctness output for split,,,,,1.0,2.2632,true,1.2632
swiglu,ds-v3-512,PyTorch-eager,48.8,3.1,,1.0000,ok,,false,,,,0.001,0.001,error,integer division or modulo by zero,,,,,1.0,1.0000,true,0.0000
swiglu,ds-v3-512,Arke,61.4,3.1,,0.7948,ok,,false,,,,0.001,0.001,error,integer division or modulo by zero,,,,,1.0,0.7948,false,-0.2052
swiglu,ds-v3-2k,PyTorch-eager,46.1,6.1,,1.0000,ok,,false,,,,0.001,0.001,error,integer division or modulo by zero,,,,,1.0,1.0000,true,0.0000
swiglu,ds-v3-2k,Arke,62.8,89.2,,0.7341,ok,,false,,,,0.001,0.001,error,integer division or modulo by zero,,,,,1.0,0.7341,false,-0.2659
swiglu,qwen25-7b-2k,PyTorch-eager,45.4,75.8,,1.0000,ok,,false,,,,0.001,0.001,error,integer division or modulo by zero,,,,,1.0,1.0000,true,0.0000
swiglu,qwen25-7b-2k,Arke,63.9,87.0,,0.7105,ok,,false,,,,0.001,0.001,error,integer division or modulo by zero,,,,,1.0,0.7105,false,-0.2895
swiglu,non-align-1,PyTorch-eager,55.0,78.8,,1.0000,ok,,false,,,,0.001,0.001,error,integer division or modulo by zero,,,,,1.0,1.0000,true,0.0000
swiglu,non-align-1,Arke,59.7,88.1,,0.9213,ok,,false,,,,0.001,0.001,error,integer division or modulo by zero,,,,,1.0,0.9213,false,-0.0787
swiglu,non-align-2,PyTorch-eager,54.6,76.6,,1.0000,ok,,false,,,,0.001,0.001,error,integer division or modulo by zero,,,,,1.0,1.0000,true,0.0000
swiglu,non-align-2,Arke,60.1,68.6,,0.9085,ok,,false,,,,0.001,0.001,error,integer division or modulo by zero,,,,,1.0,0.9085,false,-0.0915
tanh,micro-tiny,cuBLAS/cuDNN,111.0,37.0,,0.8730,ok,,false,true,0,0,0.001,0.001,ok,,,,,,1.0,0.8730,false,-0.1270
tanh,micro-tiny,PyTorch-eager,96.9,86.0,,1.0000,ok,,false,true,0,0,0.001,0.001,ok,,,,,,1.0,1.0000,true,0.0000
tanh,micro-tiny,Arke,93.5,59.4,,1.0364,ok,,false,true,0,0,0.001,0.001,ok,,,,,,1.0,1.0364,true,0.0364
tanh,micro-tiny,FlagGems,92.6,101.4,,1.0464,ok,,false,,,,0.001,0.001,unsupported,runner FlagGems does not implement run_with_inputs for tanh,,,,,1.0,1.0464,true,0.0464
tanh,micro-small,cuBLAS/cuDNN,98.6,99.3,,0.9970,ok,,false,true,0,0,0.001,0.001,ok,,,,,,1.0,0.9970,false,-0.0030
tanh,micro-small,PyTorch-eager,98.3,91.1,,1.0000,ok,,false,true,0,0,0.001,0.001,ok,,,,,,1.0,1.0000,true,0.0000
tanh,micro-small,Arke,86.4,95.4,,1.1377,ok,,false,true,0,0,0.001,0.001,ok,,,,,,1.0,1.1377,true,0.1377
tanh,micro-small,FlagGems,118.4,8.2,,0.8302,ok,,false,,,,0.001,0.001,unsupported,runner FlagGems does not implement run_with_inputs for tanh,,,,,1.0,0.8302,false,-0.1698
tanh,gpt2-hidden,cuBLAS/cuDNN,90.5,96.3,,0.9768,ok,,false,true,0,0,0.001,0.001,ok,,,,,,1.0,0.9768,false,-0.0232
tanh,gpt2-hidden,PyTorch-eager,88.4,95.2,,1.0000,ok,,false,true,0,0,0.001,0.001,ok,,,,,,1.0,1.0000,true,0.0000
tanh,gpt2-hidden,Arke,96.9,76.8,,0.9123,ok,,false,true,0,0,0.001,0.001,ok,,,,,,1.0,0.9123,false,-0.0877
tanh,gpt2-hidden,FlagGems,85.0,93.0,,1.0400,ok,,false,,,,0.001,0.001,unsupported,runner FlagGems does not implement run_with_inputs for tanh,,,,,1.0,1.0400,true,0.0400
tanh,gpt2-ffn,cuBLAS/cuDNN,89.8,100.4,,0.9354,ok,,false,true,0,0,0.001,0.001,ok,,,,,,1.0,0.9354,false,-0.0646
tanh,gpt2-ffn,PyTorch-eager,84.0,96.3,,1.0000,ok,,false,true,0,0,0.001,0.001,ok,,,,,,1.0,1.0000,true,0.0000
tanh,gpt2-ffn,Arke,92.5,99.3,,0.9081,ok,,false,true,0,0,0.001,0.001,ok,,,,,,1.0,0.9081,false,-0.0919
tanh,gpt2-ffn,FlagGems,100.7,104.3,,0.8342,ok,,false,,,,0.001,0.001,unsupported,runner FlagGems does not implement run_with_inputs for tanh,,,,,1.0,0.8342,false,-0.1658
tanh,square-1k,cuBLAS/cuDNN,90.5,101.4,,1.0066,ok,,false,true,0,0,0.001,0.001,ok,,,,,,1.0,1.0066,true,0.0066
tanh,square-1k,PyTorch-eager,91.1,102.4,,1.0000,ok,,false,true,0,0,0.001,0.001,ok,,,,,,1.0,1.0000,true,0.0000
tanh,square-1k,Arke,89.1,107.5,,1.0224,ok,,false,true,0,0,0.001,0.001,ok,,,,,,1.0,1.0224,true,0.0224
tanh,square-1k,FlagGems,93.9,97.3,,0.9702,ok,,false,,,,0.001,0.001,unsupported,runner FlagGems does not implement run_with_inputs for tanh,,,,,1.0,0.9702,false,-0.0298
tanh,llama-ffn,cuBLAS/cuDNN,120.5,154.6,,0.9685,ok,,false,true,0,0,0.001,0.001,ok,,,,,,1.0,0.9685,false,-0.0315
tanh,llama-ffn,PyTorch-eager,116.7,156.7,,1.0000,ok,,false,true,0,0,0.001,0.001,ok,,,,,,1.0,1.0000,true,0.0000
tanh,llama-ffn,Arke,142.0,165.9,,0.8218,ok,,false,true,0,0,0.001,0.001,ok,,,,,,1.0,0.8218,false,-0.1782
tanh,llama-ffn,FlagGems,101.4,150.5,,1.1509,ok,,false,,,,0.001,0.001,unsupported,runner FlagGems does not implement run_with_inputs for tanh,,,,,1.0,1.1509,true,0.1509
tanh,llama-hidden,cuBLAS/cuDNN,87.0,110.6,,1.0322,ok,,false,true,0,0,0.001,0.001,ok,,,,,,1.0,1.0322,true,0.0322
tanh,llama-hidden,PyTorch-eager,89.8,109.6,,1.0000,ok,,false,true,0,0,0.001,0.001,ok,,,,,,1.0,1.0000,true,0.0000
tanh,llama-hidden,Arke,98.0,80.9,,0.9163,ok,,false,true,0,0,0.001,0.001,ok,,,,,,1.0,0.9163,false,-0.0837
tanh,llama-hidden,FlagGems,84.3,104.4,,1.0652,ok,,false,,,,0.001,0.001,unsupported,runner FlagGems does not implement run_with_inputs for tanh,,,,,1.0,1.0652,true,0.0652
tanh,llama-long,cuBLAS/cuDNN,294.2,255.0,,0.9351,ok,,false,true,0,0,0.001,0.001,ok,,,,,,1.0,0.9351,false,-0.0649
tanh,llama-long,PyTorch-eager,275.1,288.8,,1.0000,ok,,false,true,0,0,0.001,0.001,ok,,,,,,1.0,1.0000,true,0.0000
tanh,llama-long,Arke,278.5,326.7,,0.9878,ok,,false,true,0,0,0.001,0.001,ok,,,,,,1.0,0.9878,false,-0.0122
tanh,llama-long,FlagGems,231.1,219.9,,1.1904,ok,,false,,,,0.001,0.001,unsupported,runner FlagGems does not implement run_with_inputs for tanh,,,,,1.0,1.1904,true,0.1904
tanh,ds-ffn,cuBLAS/cuDNN,128.3,167.9,,0.9735,ok,,false,true,0,0,0.001,0.001,ok,,,,,,1.0,0.9735,false,-0.0265
tanh,ds-ffn,PyTorch-eager,124.9,173.1,,1.0000,ok,,false,true,0,0,0.001,0.001,ok,,,,,,1.0,1.0000,true,0.0000
tanh,ds-ffn,Arke,127.3,174.1,,0.9811,ok,,false,true,0,0,0.001,0.001,ok,,,,,,1.0,0.9811,false,-0.0189
tanh,ds-ffn,FlagGems,115.0,100.4,,1.0861,ok,,false,,,,0.001,0.001,unsupported,runner FlagGems does not implement run_with_inputs for tanh,,,,,1.0,1.0861,true,0.0861
tanh,ds-ffn-large,cuBLAS/cuDNN,179.9,221.2,,0.9466,ok,,false,true,0,0,0.001,0.001,ok,,,,,,1.0,0.9466,false,-0.0534
tanh,ds-ffn-large,PyTorch-eager,170.3,182.3,,1.0000,ok,,false,true,0,0,0.001,0.001,ok,,,,,,1.0,1.0000,true,0.0000
tanh,ds-ffn-large,Arke,169.6,192.5,,1.0041,ok,,false,true,0,0,0.001,0.001,ok,,,,,,1.0,1.0041,true,0.0041
tanh,ds-ffn-large,FlagGems,164.2,190.5,,1.0371,ok,,false,,,,0.001,0.001,unsupported,runner FlagGems does not implement run_with_inputs for tanh,,,,,1.0,1.0371,true,0.0371
tanh,qwen-ffn,cuBLAS/cuDNN,153.6,172.0,,1.1465,ok,,false,true,0,0,0.001,0.001,ok,,,,,,1.0,1.1465,true,0.1465
tanh,qwen-ffn,PyTorch-eager,176.1,153.5,,1.0000,ok,,false,true,0,0,0.001,0.001,ok,,,,,,1.0,1.0000,true,0.0000
tanh,qwen-ffn,Arke,173.0,224.2,,1.0179,ok,,false,true,0,0,0.001,0.001,ok,,,,,,1.0,1.0179,true,0.0179
tanh,qwen-ffn,FlagGems,159.4,196.6,,1.1048,ok,,false,,,,0.001,0.001,unsupported,runner FlagGems does not implement run_with_inputs for tanh,,,,,1.0,1.1048,true,0.1048
tanh,xlarge,cuBLAS/cuDNN,509.3,508.9,,1.0147,ok,,false,true,0,0,0.001,0.001,ok,,,,,,1.0,1.0147,true,0.0147
tanh,xlarge,PyTorch-eager,516.8,502.8,,1.0000,ok,,false,true,0,0,0.001,0.001,ok,,,,,,1.0,1.0000,true,0.0000
tanh,xlarge,Arke,519.9,501.8,,0.9940,ok,,false,true,0,0,0.001,0.001,ok,,,,,,1.0,0.9940,false,-0.0060
tanh,xlarge,FlagGems,459.4,429.1,,1.1249,ok,,false,,,,0.001,0.001,unsupported,runner FlagGems does not implement run_with_inputs for tanh,,,,,1.0,1.1249,true,0.1249
tanh,non-align-1,cuBLAS/cuDNN,105.2,107.5,,0.7918,ok,,false,true,0,0,0.001,0.001,ok,,,,,,1.0,0.7918,false,-0.2082
tanh,non-align-1,PyTorch-eager,83.3,49.2,,1.0000,ok,,false,true,0,0,0.001,0.001,ok,,,,,,1.0,1.0000,true,0.0000
tanh,non-align-1,Arke,109.6,105.5,,0.7600,ok,,false,true,0,0,0.001,0.001,ok,,,,,,1.0,0.7600,false,-0.2400
tanh,non-align-1,FlagGems,84.0,76.0,,0.9917,ok,,false,,,,0.001,0.001,unsupported,runner FlagGems does not implement run_with_inputs for tanh,,,,,1.0,0.9917,false,-0.0083
tanh,non-align-2,cuBLAS/cuDNN,109.6,86.0,,0.8157,ok,,false,true,0,0,0.001,0.001,ok,,,,,,1.0,0.8157,false,-0.1843
tanh,non-align-2,PyTorch-eager,89.4,81.9,,1.0000,ok,,false,true,0,0,0.001,0.001,ok,,,,,,1.0,1.0000,true,0.0000
tanh,non-align-2,Arke,102.1,123.9,,0.8756,ok,,false,true,0,0,0.001,0.001,ok,,,,,,1.0,0.8756,false,-0.1244
tanh,non-align-2,FlagGems,86.4,111.6,,1.0347,ok,,false,,,,0.001,0.001,unsupported,runner FlagGems does not implement run_with_inputs for tanh,,,,,1.0,1.0347,true,0.0347
tanh,non-align-3,cuBLAS/cuDNN,172.4,198.7,,0.9165,ok,,false,true,0,0,0.001,0.001,ok,,,,,,1.0,0.9165,false,-0.0835
tanh,non-align-3,PyTorch-eager,158.0,170.0,,1.0000,ok,,false,true,0,0,0.001,0.001,ok,,,,,,1.0,1.0000,true,0.0000
tanh,non-align-3,Arke,151.2,159.7,,1.0450,ok,,false,true,0,0,0.001,0.001,ok,,,,,,1.0,1.0450,true,0.0450
tanh,non-align-3,FlagGems,135.5,138.2,,1.1661,ok,,false,,,,0.001,0.001,unsupported,runner FlagGems does not implement run_with_inputs for tanh,,,,,1.0,1.1661,true,0.1661
tanh,non-align-4,cuBLAS/cuDNN,109.2,131.1,,0.8690,ok,,false,true,0,0,0.001,0.001,ok,,,,,,1.0,0.8690,false,-0.1310
tanh,non-align-4,PyTorch-eager,94.9,130.0,,1.0000,ok,,false,true,0,0,0.001,0.001,ok,,,,,,1.0,1.0000,true,0.0000
tanh,non-align-4,Arke,106.2,133.1,,0.8936,ok,,false,true,0,0,0.001,0.001,ok,,,,,,1.0,0.8936,false,-0.1064
tanh,non-align-4,FlagGems,111.3,121.9,,0.8527,ok,,false,,,,0.001,0.001,unsupported,runner FlagGems does not implement run_with_inputs for tanh,,,,,1.0,0.8527,false,-0.1473
tanh,non-align-5,cuBLAS/cuDNN,89.4,100.3,,1.0459,ok,,false,true,0,0,0.001,0.001,ok,,,,,,1.0,1.0459,true,0.0459
tanh,non-align-5,PyTorch-eager,93.5,68.6,,1.0000,ok,,false,true,0,0,0.001,0.001,ok,,,,,,1.0,1.0000,true,0.0000
tanh,non-align-5,Arke,93.2,106.7,,1.0032,ok,,false,true,0,0,0.001,0.001,ok,,,,,,1.0,1.0032,true,0.0032
tanh,non-align-5,FlagGems,82.3,82.9,,1.1361,ok,,false,,,,0.001,0.001,unsupported,runner FlagGems does not implement run_with_inputs for tanh,,,,,1.0,1.1361,true,0.1361
tanh,extreme-flat,cuBLAS/cuDNN,98.6,97.3,,0.8966,ok,,false,true,0,0,0.001,0.001,ok,,,,,,1.0,0.8966,false,-0.1034
tanh,extreme-flat,PyTorch-eager,88.4,101.4,,1.0000,ok,,false,true,0,0,0.001,0.001,ok,,,,,,1.0,1.0000,true,0.0000
tanh,extreme-flat,Arke,97.2,17.3,,0.9095,ok,,false,true,0,0,0.001,0.001,ok,,,,,,1.0,0.9095,false,-0.0905
tanh,extreme-flat,FlagGems,81.9,96.0,,1.0794,ok,,false,,,,0.001,0.001,unsupported,runner FlagGems does not implement run_with_inputs for tanh,,,,,1.0,1.0794,true,0.0794
tanh,extreme-tall,cuBLAS/cuDNN,144.8,154.9,,0.6388,ok,,false,true,0,0,0.001,0.001,ok,,,,,,1.0,0.6388,false,-0.3612
tanh,extreme-tall,PyTorch-eager,92.5,82.9,,1.0000,ok,,false,true,0,0,0.001,0.001,ok,,,,,,1.0,1.0000,true,0.0000
tanh,extreme-tall,Arke,104.8,16.4,,0.8826,ok,,false,true,0,0,0.001,0.001,ok,,,,,,1.0,0.8826,false,-0.1174
tanh,extreme-tall,FlagGems,96.6,126.9,,0.9576,ok,,false,,,,0.001,0.001,unsupported,runner FlagGems does not implement run_with_inputs for tanh,,,,,1.0,0.9576,false,-0.0424
tanh,extreme-wide,cuBLAS/cuDNN,103.1,131.1,,0.9564,ok,,false,true,0,0,0.001,0.001,ok,,,,,,1.0,0.9564,false,-0.0436
tanh,extreme-wide,PyTorch-eager,98.6,124.8,,1.0000,ok,,false,true,0,0,0.001,0.001,ok,,,,,,1.0,1.0000,true,0.0000
tanh,extreme-wide,Arke,93.9,136.2,,1.0501,ok,,false,true,0,0,0.001,0.001,ok,,,,,,1.0,1.0501,true,0.0501
tanh,extreme-wide,FlagGems,91.8,130.0,,1.0741,ok,,false,,,,0.001,0.001,unsupported,runner FlagGems does not implement run_with_inputs for tanh,,,,,1.0,1.0741,true,0.0741
topk,moe-top2-small,PyTorch-eager,114.3,151.5,,1.0000,ok,,false,true,0,0,0.001,0.001,ok,,,,,,1.0,1.0000,true,0.0000
topk,moe-top2-small,Arke,92.6,99.3,,1.2343,ok,,false,true,0,0,0.001,0.001,ok,,,,,,1.0,1.2343,true,0.2343
topk,moe-top2-gpt2,PyTorch-eager,908.2,746.5,,1.0000,ok,,false,true,0,0,0.001,0.001,ok,,,,,,1.0,1.0000,true,0.0000
topk,moe-top2-gpt2,Arke,96.2,133.1,,9.4407,ok,,false,true,0,0,0.001,0.001,ok,,,,,,1.0,9.4407,true,8.4407
transpose,small,cuBLAS/cuDNN,31.1,26.8,,0.7235,ok,,false,true,0,0,0.001,0.001,ok,,,,,,1.0,0.7235,false,-0.2765
transpose,small,PyTorch-eager,22.5,43.0,,1.0000,ok,,false,true,0,0,0.001,0.001,ok,,,,,,1.0,1.0000,true,0.0000
transpose,small,Arke,71.7,95.2,,0.3138,ok,,false,true,0,0,0.001,0.001,ok,,,,,,1.0,0.3138,false,-0.6862
transpose,small,FlagGems,145.0,129.0,,0.1552,ok,,false,,,,0.001,0.001,unsupported,runner FlagGems does not implement run_with_inputs for transpose,,,,,1.0,0.1552,false,-0.8448
transpose,square-1k,cuBLAS/cuDNN,53.8,42.8,,0.2751,ok,,false,true,0,0,0.001,0.001,ok,,,,,,1.0,0.2751,false,-0.7249
transpose,square-1k,PyTorch-eager,14.8,28.7,,1.0000,ok,,false,true,0,0,0.001,0.001,ok,,,,,,1.0,1.0000,true,0.0000
transpose,square-1k,Arke,53.2,67.4,,0.2782,ok,,false,true,0,0,0.001,0.001,ok,,,,,,1.0,0.2782,false,-0.7218
transpose,square-1k,FlagGems,151.6,153.6,,0.0976,ok,,false,,,,0.001,0.001,unsupported,runner FlagGems does not implement run_with_inputs for transpose,,,,,1.0,0.0976,false,-0.9024
transpose,llama-kv,cuBLAS/cuDNN,114.2,107.5,,0.1839,ok,,false,true,0,0,0.001,0.001,ok,,,,,,1.0,0.1839,false,-0.8161
transpose,llama-kv,PyTorch-eager,21.0,40.2,,1.0000,ok,,false,true,0,0,0.001,0.001,ok,,,,,,1.0,1.0000,true,0.0000
transpose,llama-kv,Arke,115.7,137.2,,0.1815,ok,,false,true,0,0,0.001,0.001,ok,,,,,,1.0,0.1815,false,-0.8185
transpose,llama-kv,FlagGems,145.4,194.6,,0.1444,ok,,false,,,,0.001,0.001,unsupported,runner FlagGems does not implement run_with_inputs for transpose,,,,,1.0,0.1444,false,-0.8556
transpose,wide,cuBLAS/cuDNN,63.0,65.8,,0.1063,ok,,false,true,0,0,0.001,0.001,ok,,,,,,1.0,0.1063,false,-0.8937
transpose,wide,PyTorch-eager,6.7,41.0,,1.0000,ok,,false,true,0,0,0.001,0.001,ok,,,,,,1.0,1.0000,true,0.0000
transpose,wide,Arke,67.5,70.6,,0.0993,ok,,false,true,0,0,0.001,0.001,ok,,,,,,1.0,0.0993,false,-0.9007
transpose,wide,FlagGems,124.9,102.7,,0.0536,ok,,false,,,,0.001,0.001,unsupported,runner FlagGems does not implement run_with_inputs for transpose,,,,,1.0,0.0536,false,-0.9464
transpose,non-align-1,cuBLAS/cuDNN,68.6,91.1,,0.3586,ok,,false,true,0,0,0.001,0.001,ok,,,,,,1.0,0.3586,false,-0.6414
transpose,non-align-1,PyTorch-eager,24.6,41.0,,1.0000,ok,,false,true,0,0,0.001,0.001,ok,,,,,,1.0,1.0000,true,0.0000
transpose,non-align-1,Arke,71.7,96.3,,0.3431,ok,,false,true,0,0,0.001,0.001,ok,,,,,,1.0,0.3431,false,-0.6569
transpose,non-align-1,FlagGems,87.1,98.6,,0.2824,ok,,false,,,,0.001,0.001,unsupported,runner FlagGems does not implement run_with_inputs for transpose,,,,,1.0,0.2824,false,-0.7176
transpose,extreme-tall,cuBLAS/cuDNN,405.0,402.4,,0.0546,ok,,false,true,0,0,0.001,0.001,ok,,,,,,1.0,0.0546,false,-0.9454
transpose,extreme-tall,PyTorch-eager,22.1,41.0,,1.0000,ok,,false,true,0,0,0.001,0.001,ok,,,,,,1.0,1.0000,true,0.0000
transpose,extreme-tall,Arke,405.5,406.3,,0.0545,ok,,false,true,0,0,0.001,0.001,ok,,,,,,1.0,0.0545,false,-0.9455
transpose,extreme-tall,FlagGems,374.3,378.7,,0.0590,ok,,false,,,,0.001,0.001,unsupported,runner FlagGems does not implement run_with_inputs for transpose,,,,,1.0,0.0590,false,-0.9410
where_,micro-tiny,PyTorch-eager,127.9,105.8,,1.0000,ok,,false,true,0,0,0.001,0.001,ok,,,,,,1.0,1.0000,true,0.0000
where_,micro-tiny,Arke,109.9,132.1,,1.1638,ok,,false,true,0,0,0.001,0.001,ok,,,,,,1.0,1.1638,true,0.1638
where_,micro-tiny,FlagGems,129.0,118.6,,0.9915,ok,,false,,,,0.001,0.001,unsupported,runner FlagGems does not implement run_with_inputs for where_,,,,,1.0,0.9915,false,-0.0085
where_,micro-small,PyTorch-eager,123.9,130.0,,1.0000,ok,,false,true,0,0,0.001,0.001,ok,,,,,,1.0,1.0000,true,0.0000
where_,micro-small,Arke,123.9,130.0,,1.0000,ok,,false,true,0,0,0.001,0.001,ok,,,,,,1.0,1.0000,true,0.0000
where_,micro-small,FlagGems,107.9,125.2,,1.1483,ok,,false,,,,0.001,0.001,unsupported,runner FlagGems does not implement run_with_inputs for where_,,,,,1.0,1.1483,true,0.1483
where_,gpt2-hidden,PyTorch-eager,122.2,116.7,,1.0000,ok,,false,true,0,0,0.001,0.001,ok,,,,,,1.0,1.0000,true,0.0000
where_,gpt2-hidden,Arke,149.2,130.0,,0.8190,ok,,false,true,0,0,0.001,0.001,ok,,,,,,1.0,0.8190,false,-0.1810
where_,gpt2-hidden,FlagGems,111.4,82.8,,1.0969,ok,,false,,,,0.001,0.001,unsupported,runner FlagGems does not implement run_with_inputs for where_,,,,,1.0,1.0969,true,0.0969
where_,gpt2-ffn,PyTorch-eager,138.9,108.5,,1.0000,ok,,false,true,0,0,0.001,0.001,ok,,,,,,1.0,1.0000,true,0.0000
where_,gpt2-ffn,Arke,119.1,134.0,,1.1662,ok,,false,true,0,0,0.001,0.001,ok,,,,,,1.0,1.1662,true,0.1662
where_,gpt2-ffn,FlagGems,175.1,126.0,,0.7933,ok,,false,,,,0.001,0.001,unsupported,runner FlagGems does not implement run_with_inputs for where_,,,,,1.0,0.7933,false,-0.2067
where_,square-1k,PyTorch-eager,99.0,113.7,,1.0000,ok,,false,true,0,0,0.001,0.001,ok,,,,,,1.0,1.0000,true,0.0000
where_,square-1k,Arke,120.5,124.0,,0.8216,ok,,false,true,0,0,0.001,0.001,ok,,,,,,1.0,0.8216,false,-0.1784
where_,square-1k,FlagGems,104.4,87.0,,0.9483,ok,,false,,,,0.001,0.001,unsupported,runner FlagGems does not implement run_with_inputs for where_,,,,,1.0,0.9483,false,-0.0517
where_,llama-ffn,PyTorch-eager,173.4,137.1,,1.0000,ok,,false,true,0,0,0.001,0.001,ok,,,,,,1.0,1.0000,true,0.0000
where_,llama-ffn,Arke,162.5,131.8,,1.0671,ok,,false,true,0,0,0.001,0.001,ok,,,,,,1.0,1.0671,true,0.0671
where_,llama-ffn,FlagGems,163.8,215.0,,1.0586,ok,,false,,,,0.001,0.001,unsupported,runner FlagGems does not implement run_with_inputs for where_,,,,,1.0,1.0586,true,0.0586
where_,llama-hidden,PyTorch-eager,151.2,155.4,,1.0000,ok,,false,true,0,0,0.001,0.001,ok,,,,,,1.0,1.0000,true,0.0000
where_,llama-hidden,Arke,124.9,151.6,,1.2106,ok,,false,true,0,0,0.001,0.001,ok,,,,,,1.0,1.2106,true,0.2106
where_,llama-hidden,FlagGems,123.9,137.2,,1.2203,ok,,false,,,,0.001,0.001,unsupported,runner FlagGems does not implement run_with_inputs for where_,,,,,1.0,1.2203,true,0.2203
where_,llama-long,PyTorch-eager,399.0,374.7,,1.0000,ok,,false,true,0,0,0.001,0.001,ok,,,,,,1.0,1.0000,true,0.0000
where_,llama-long,Arke,399.4,375.8,,0.9990,ok,,false,true,0,0,0.001,0.001,ok,,,,,,1.0,0.9990,false,-0.0010
where_,llama-long,FlagGems,411.3,370.7,,0.9701,ok,,false,,,,0.001,0.001,unsupported,runner FlagGems does not implement run_with_inputs for where_,,,,,1.0,0.9701,false,-0.0299
where_,ds-ffn,PyTorch-eager,178.2,186.4,,1.0000,ok,,false,true,0,0,0.001,0.001,ok,,,,,,1.0,1.0000,true,0.0000
where_,ds-ffn,Arke,177.8,176.1,,1.0022,ok,,false,true,0,0,0.001,0.001,ok,,,,,,1.0,1.0022,true,0.0022
where_,ds-ffn,FlagGems,174.4,236.5,,1.0218,ok,,false,,,,0.001,0.001,unsupported,runner FlagGems does not implement run_with_inputs for where_,,,,,1.0,1.0218,true,0.0218
where_,ds-ffn-large,PyTorch-eager,251.5,308.2,,1.0000,ok,,false,true,0,0,0.001,0.001,ok,,,,,,1.0,1.0000,true,0.0000
where_,ds-ffn-large,Arke,245.8,225.2,,1.0232,ok,,false,true,0,0,0.001,0.001,ok,,,,,,1.0,1.0232,true,0.0232
where_,ds-ffn-large,FlagGems,242.3,277.2,,1.0380,ok,,false,,,,0.001,0.001,unsupported,runner FlagGems does not implement run_with_inputs for where_,,,,,1.0,1.0380,true,0.0380
where_,qwen-ffn,PyTorch-eager,270.3,324.6,,1.0000,ok,,false,true,0,0,0.001,0.001,ok,,,,,,1.0,1.0000,true,0.0000
where_,qwen-ffn,Arke,285.0,297.0,,0.9484,ok,,false,true,0,0,0.001,0.001,ok,,,,,,1.0,0.9484,false,-0.0516
where_,qwen-ffn,FlagGems,251.2,308.2,,1.0760,ok,,false,,,,0.001,0.001,unsupported,runner FlagGems does not implement run_with_inputs for where_,,,,,1.0,1.0760,true,0.0760
where_,xlarge,PyTorch-eager,736.3,738.3,,1.0000,ok,,false,true,0,0,0.001,0.001,ok,,,,,,1.0,1.0000,true,0.0000
where_,xlarge,Arke,775.8,805.6,,0.9491,ok,,false,true,0,0,0.001,0.001,ok,,,,,,1.0,0.9491,false,-0.0509
where_,xlarge,FlagGems,787.8,810.0,,0.9346,ok,,false,,,,0.001,0.001,unsupported,runner FlagGems does not implement run_with_inputs for where_,,,,,1.0,0.9346,false,-0.0654
where_,non-align-1,PyTorch-eager,113.4,115.7,,1.0000,ok,,false,true,0,0,0.001,0.001,ok,,,,,,1.0,1.0000,true,0.0000
where_,non-align-1,Arke,109.3,134.3,,1.0375,ok,,false,true,0,0,0.001,0.001,ok,,,,,,1.0,1.0375,true,0.0375
where_,non-align-1,FlagGems,109.6,125.8,,1.0347,ok,,false,,,,0.001,0.001,unsupported,runner FlagGems does not implement run_with_inputs for where_,,,,,1.0,1.0347,true,0.0347
where_,non-align-2,PyTorch-eager,151.6,109.4,,1.0000,ok,,false,true,0,0,0.001,0.001,ok,,,,,,1.0,1.0000,true,0.0000
where_,non-align-2,Arke,124.2,140.1,,1.2206,ok,,false,true,0,0,0.001,0.001,ok,,,,,,1.0,1.2206,true,0.2206
where_,non-align-2,FlagGems,127.3,166.9,,1.1909,ok,,false,,,,0.001,0.001,unsupported,runner FlagGems does not implement run_with_inputs for where_,,,,,1.0,1.1909,true,0.1909
where_,non-align-3,PyTorch-eager,220.8,194.6,,1.0000,ok,,false,true,0,0,0.001,0.001,ok,,,,,,1.0,1.0000,true,0.0000
where_,non-align-3,Arke,217.0,254.0,,1.0175,ok,,false,true,0,0,0.001,0.001,ok,,,,,,1.0,1.0175,true,0.0175
where_,non-align-3,FlagGems,223.9,286.7,,0.9862,ok,,false,,,,0.001,0.001,unsupported,runner FlagGems does not implement run_with_inputs for where_,,,,,1.0,0.9862,false,-0.0138
where_,non-align-4,PyTorch-eager,130.4,147.5,,1.0000,ok,,false,true,0,0,0.001,0.001,ok,,,,,,1.0,1.0000,true,0.0000
where_,non-align-4,Arke,157.4,183.3,,0.8285,ok,,false,true,0,0,0.001,0.001,ok,,,,,,1.0,0.8285,false,-0.1715
where_,non-align-4,FlagGems,132.0,178.2,,0.9879,ok,,false,,,,0.001,0.001,unsupported,runner FlagGems does not implement run_with_inputs for where_,,,,,1.0,0.9879,false,-0.0121
where_,non-align-5,PyTorch-eager,147.5,112.7,,1.0000,ok,,false,true,0,0,0.001,0.001,ok,,,,,,1.0,1.0000,true,0.0000
where_,non-align-5,Arke,108.5,128.0,,1.3594,ok,,false,true,0,0,0.001,0.001,ok,,,,,,1.0,1.3594,true,0.3594
where_,non-align-5,FlagGems,104.9,118.8,,1.4061,ok,,false,,,,0.001,0.001,unsupported,runner FlagGems does not implement run_with_inputs for where_,,,,,1.0,1.4061,true,0.4061
where_,extreme-flat,PyTorch-eager,105.1,89.1,,1.0000,ok,,false,true,0,0,0.001,0.001,ok,,,,,,1.0,1.0000,true,0.0000
where_,extreme-flat,Arke,116.1,136.2,,0.9053,ok,,false,true,0,0,0.001,0.001,ok,,,,,,1.0,0.9053,false,-0.0947
where_,extreme-flat,FlagGems,122.2,114.6,,0.8601,ok,,false,,,,0.001,0.001,unsupported,runner FlagGems does not implement run_with_inputs for where_,,,,,1.0,0.8601,false,-0.1399
where_,extreme-tall,PyTorch-eager,117.0,124.9,,1.0000,ok,,false,true,0,0,0.001,0.001,ok,,,,,,1.0,1.0000,true,0.0000
where_,extreme-tall,Arke,111.2,126.8,,1.0522,ok,,false,true,0,0,0.001,0.001,ok,,,,,,1.0,1.0522,true,0.0522
where_,extreme-tall,FlagGems,114.3,108.5,,1.0236,ok,,false,,,,0.001,0.001,unsupported,runner FlagGems does not implement run_with_inputs for where_,,,,,1.0,1.0236,true,0.0236
where_,extreme-wide,PyTorch-eager,153.6,98.2,,1.0000,ok,,false,true,0,0,0.001,0.001,ok,,,,,,1.0,1.0000,true,0.0000
where_,extreme-wide,Arke,157.0,197.6,,0.9783,ok,,false,true,0,0,0.001,0.001,ok,,,,,,1.0,0.9783,false,-0.0217
where_,extreme-wide,FlagGems,142.3,188.4,,1.0794,ok,,false,,,,0.001,0.001,unsupported,runner FlagGems does not implement run_with_inputs for where_,,,,,1.0,1.0794,true,0.0794
