operator,shape_tag,baseline,latency_us,latency_min_us,tflops,ratio_vs_baseline,status,reason,retryable,allclose,max_abs_diff,mean_abs_diff,rtol,atol,correctness_status,correctness_reason,memory_bytes_required,memory_bytes_budget,memory_ratio,memory_policy,perf_target,perf_actual,perf_pass,perf_gap
add,micro-tiny,cuBLAS/cuDNN,83.3,29.7,,1.0732,ok,,false,true,0,0,0.001,0.001,ok,,,,,,1.0,1.0732,true,0.0732
add,micro-tiny,PyTorch-eager,89.4,104.4,,1.0000,ok,,false,true,0,0,0.001,0.001,ok,,,,,,1.0,1.0000,true,0.0000
add,micro-tiny,Arke,92.7,86.0,,0.9644,ok,,false,true,0,0,0.001,0.001,ok,,,,,,1.0,0.9644,false,-0.0356
add,micro-tiny,FlagGems,124.6,102.4,,0.7175,ok,,false,true,0,0,0.001,0.001,ok,,,,,,1.0,0.7175,false,-0.2825
add,micro-small,cuBLAS/cuDNN,85.3,52.2,,1.0469,ok,,false,true,0,0,0.001,0.001,ok,,,,,,1.0,1.0469,true,0.0469
add,micro-small,PyTorch-eager,89.3,108.5,,1.0000,ok,,false,true,0,0,0.001,0.001,ok,,,,,,1.0,1.0000,true,0.0000
add,micro-small,Arke,85.6,97.3,,1.0432,ok,,false,true,0,0,0.001,0.001,ok,,,,,,1.0,1.0432,true,0.0432
add,micro-small,FlagGems,101.4,104.5,,0.8807,ok,,false,true,0,0,0.001,0.001,ok,,,,,,1.0,0.8807,false,-0.1193
add,gpt2-hidden,cuBLAS/cuDNN,90.1,104.4,,1.0388,ok,,false,true,0,0,0.001,0.001,ok,,,,,,1.0,1.0388,true,0.0388
add,gpt2-hidden,PyTorch-eager,93.6,80.9,,1.0000,ok,,false,true,0,0,0.001,0.001,ok,,,,,,1.0,1.0000,true,0.0000
add,gpt2-hidden,Arke,93.2,18.4,,1.0043,ok,,false,true,0,0,0.001,0.001,ok,,,,,,1.0,1.0043,true,0.0043
add,gpt2-hidden,FlagGems,101.5,98.3,,0.9222,ok,,false,true,0,0,0.001,0.001,ok,,,,,,1.0,0.9222,false,-0.0778
add,gpt2-ffn,cuBLAS/cuDNN,91.6,79.9,,1.1769,ok,,false,true,0,0,0.001,0.001,ok,,,,,,1.0,1.1769,true,0.1769
add,gpt2-ffn,PyTorch-eager,107.8,20.5,,1.0000,ok,,false,true,0,0,0.001,0.001,ok,,,,,,1.0,1.0000,true,0.0000
add,gpt2-ffn,Arke,99.6,102.4,,1.0823,ok,,false,true,0,0,0.001,0.001,ok,,,,,,1.0,1.0823,true,0.0823
add,gpt2-ffn,FlagGems,96.0,106.5,,1.1229,ok,,false,true,0,0,0.001,0.001,ok,,,,,,1.0,1.1229,true,0.1229
add,square-1k,cuBLAS/cuDNN,97.2,115.7,,1.0370,ok,,false,true,0,0,0.001,0.001,ok,,,,,,1.0,1.0370,true,0.0370
add,square-1k,PyTorch-eager,100.8,97.3,,1.0000,ok,,false,true,0,0,0.001,0.001,ok,,,,,,1.0,1.0000,true,0.0000
add,square-1k,Arke,101.3,116.7,,0.9951,ok,,false,true,0,0,0.001,0.001,ok,,,,,,1.0,0.9951,false,-0.0049
add,square-1k,FlagGems,113.0,98.3,,0.8920,ok,,false,true,0,0,0.001,0.001,ok,,,,,,1.0,0.8920,false,-0.1080
add,llama-ffn,cuBLAS/cuDNN,132.4,136.1,,0.8980,ok,,false,true,0,0,0.001,0.001,ok,,,,,,1.0,0.8980,false,-0.1020
add,llama-ffn,PyTorch-eager,118.9,189.4,,1.0000,ok,,false,true,0,0,0.001,0.001,ok,,,,,,1.0,1.0000,true,0.0000
add,llama-ffn,Arke,117.9,122.9,,1.0085,ok,,false,true,0,0,0.001,0.001,ok,,,,,,1.0,1.0085,true,0.0085
add,llama-ffn,FlagGems,122.2,152.6,,0.9730,ok,,false,true,0,0,0.001,0.001,ok,,,,,,1.0,0.9730,false,-0.0270
add,llama-hidden,cuBLAS/cuDNN,90.7,110.6,,0.9294,ok,,false,true,0,0,0.001,0.001,ok,,,,,,1.0,0.9294,false,-0.0706
add,llama-hidden,PyTorch-eager,84.3,122.9,,1.0000,ok,,false,true,0,0,0.001,0.001,ok,,,,,,1.0,1.0000,true,0.0000
add,llama-hidden,Arke,85.8,126.9,,0.9825,ok,,false,true,0,0,0.001,0.001,ok,,,,,,1.0,0.9825,false,-0.0175
add,llama-hidden,FlagGems,89.4,106.5,,0.9430,ok,,false,true,0,0,0.001,0.001,ok,,,,,,1.0,0.9430,false,-0.0570
add,llama-long,cuBLAS/cuDNN,373.2,340.0,,1.0772,ok,,false,true,0,0,0.001,0.001,ok,,,,,,1.0,1.0772,true,0.0772
add,llama-long,PyTorch-eager,402.0,384.0,,1.0000,ok,,false,true,0,0,0.001,0.001,ok,,,,,,1.0,1.0000,true,0.0000
add,llama-long,Arke,401.3,375.8,,1.0017,ok,,false,true,0,0,0.001,0.001,ok,,,,,,1.0,1.0017,true,0.0017
add,llama-long,FlagGems,374.7,324.6,,1.0729,ok,,false,true,0,0,0.001,0.001,ok,,,,,,1.0,1.0729,true,0.0729
add,ds-ffn,cuBLAS/cuDNN,131.6,145.4,,1.0091,ok,,false,true,0,0,0.001,0.001,ok,,,,,,1.0,1.0091,true,0.0091
add,ds-ffn,PyTorch-eager,132.8,219.1,,1.0000,ok,,false,true,0,0,0.001,0.001,ok,,,,,,1.0,1.0000,true,0.0000
add,ds-ffn,Arke,130.5,143.4,,1.0176,ok,,false,true,0,0,0.001,0.001,ok,,,,,,1.0,1.0176,true,0.0176
add,ds-ffn,FlagGems,129.3,194.6,,1.0271,ok,,false,true,0,0,0.001,0.001,ok,,,,,,1.0,1.0271,true,0.0271
add,ds-ffn-large,cuBLAS/cuDNN,192.2,210.9,,1.1259,ok,,false,true,0,0,0.001,0.001,ok,,,,,,1.0,1.1259,true,0.1259
add,ds-ffn-large,PyTorch-eager,216.4,230.4,,1.0000,ok,,false,true,0,0,0.001,0.001,ok,,,,,,1.0,1.0000,true,0.0000
add,ds-ffn-large,Arke,196.2,214.0,,1.1030,ok,,false,true,0,0,0.001,0.001,ok,,,,,,1.0,1.1030,true,0.1030
add,ds-ffn-large,FlagGems,184.2,186.4,,1.1748,ok,,false,true,0,0,0.001,0.001,ok,,,,,,1.0,1.1748,true,0.1748
add,qwen-ffn,cuBLAS/cuDNN,191.2,237.6,,1.0010,ok,,false,true,0,0,0.001,0.001,ok,,,,,,1.0,1.0010,true,0.0010
add,qwen-ffn,PyTorch-eager,191.4,196.6,,1.0000,ok,,false,true,0,0,0.001,0.001,ok,,,,,,1.0,1.0000,true,0.0000
add,qwen-ffn,Arke,189.7,210.9,,1.0090,ok,,false,true,0,0,0.001,0.001,ok,,,,,,1.0,1.0090,true,0.0090
add,qwen-ffn,FlagGems,190.2,221.2,,1.0063,ok,,false,true,0,0,0.001,0.001,ok,,,,,,1.0,1.0063,true,0.0063
add,xlarge,cuBLAS/cuDNN,638.9,635.9,,0.9997,ok,,false,true,0,0,0.001,0.001,ok,,,,,,1.0,0.9997,false,-0.0003
add,xlarge,PyTorch-eager,638.7,670.7,,1.0000,ok,,false,true,0,0,0.001,0.001,ok,,,,,,1.0,1.0000,true,0.0000
add,xlarge,Arke,637.7,640.0,,1.0016,ok,,false,true,0,0,0.001,0.001,ok,,,,,,1.0,1.0016,true,0.0016
add,xlarge,FlagGems,638.9,634.9,,0.9997,ok,,false,true,0,0,0.001,0.001,ok,,,,,,1.0,0.9997,false,-0.0003
argmax,small,PyTorch-eager,48.5,38.9,,1.0000,ok,,false,true,0,0,0.001,0.001,ok,,,,,,1.0,1.0000,true,0.0000
argmax,small,Arke,50.6,22.5,,0.9585,ok,,false,true,0,0,0.001,0.001,ok,,,,,,1.0,0.9585,false,-0.0415
argmax,medium,PyTorch-eager,76.0,72.7,,1.0000,ok,,false,true,0,0,0.001,0.001,ok,,,,,,1.0,1.0000,true,0.0000
argmax,medium,Arke,68.3,67.6,,1.1127,ok,,false,true,0,0,0.001,0.001,ok,,,,,,1.0,1.1127,true,0.1127
argmax,large,PyTorch-eager,50.0,54.3,,1.0000,ok,,false,true,0,0,0.001,0.001,ok,,,,,,1.0,1.0000,true,0.0000
argmax,large,Arke,49.5,80.9,,1.0101,ok,,false,true,0,0,0.001,0.001,ok,,,,,,1.0,1.0101,true,0.0101
argmax,wide,PyTorch-eager,56.5,69.6,,1.0000,ok,,false,true,0,0,0.001,0.001,ok,,,,,,1.0,1.0000,true,0.0000
argmax,wide,Arke,59.3,33.8,,0.9528,ok,,false,true,0,0,0.001,0.001,ok,,,,,,1.0,0.9528,false,-0.0472
argmax,llama3-wide,PyTorch-eager,70.2,116.7,,1.0000,ok,,false,true,0,0,0.001,0.001,ok,,,,,,1.0,1.0000,true,0.0000
argmax,llama3-wide,Arke,76.2,93.2,,0.9213,ok,,false,true,0,0,0.001,0.001,ok,,,,,,1.0,0.9213,false,-0.0787
argmax,qwen25-wide,PyTorch-eager,83.9,82.9,,1.0000,ok,,false,true,0,0,0.001,0.001,ok,,,,,,1.0,1.0000,true,0.0000
argmax,qwen25-wide,Arke,81.2,109.6,,1.0333,ok,,false,true,0,0,0.001,0.001,ok,,,,,,1.0,1.0333,true,0.0333
batch_matmul,gpt2-attn-128,cuBLAS/cuDNN,57.2,75.8,0.002,1.0157,ok,,false,true,0,0,0.01,0.01,ok,,409600,3542771302,0.0001,dense_matmul,1.0,1.0157,true,0.0157
batch_matmul,gpt2-attn-128,PyTorch-eager,58.1,15.4,0.002,1.0000,ok,,false,true,0,0,0.01,0.01,ok,,409600,3542771302,0.0001,dense_matmul,1.0,1.0000,true,0.0000
batch_matmul,gpt2-attn-128,Arke,75.1,57.3,0.002,0.7736,ok,,false,true,0,0,0.01,0.01,ok,,409600,3542771302,0.0001,dense_matmul,1.0,0.7736,false,-0.2264
batch_matmul,gpt2-attn-128,FlagGems,59.2,53.2,0.002,0.9814,ok,,false,true,0,0,0.01,0.01,ok,,409600,3542771302,0.0001,dense_matmul,1.0,0.9814,false,-0.0186
batch_matmul,gpt2-attn-512,cuBLAS/cuDNN,59.4,69.6,0.013,0.9798,ok,,false,true,0,0,0.01,0.01,ok,,7143424,3542771302,0.0020,dense_matmul,1.0,0.9798,false,-0.0202
batch_matmul,gpt2-attn-512,PyTorch-eager,58.2,66.6,0.014,1.0000,ok,,false,true,0,0,0.01,0.01,ok,,7143424,3542771302,0.0020,dense_matmul,1.0,1.0000,true,0.0000
batch_matmul,gpt2-attn-512,Arke,167.9,132.1,0.005,0.3466,ok,,false,true,0,0,0.01,0.01,ok,,7143424,3542771302,0.0020,dense_matmul,1.0,0.3466,false,-0.6534
batch_matmul,gpt2-attn-512,FlagGems,58.5,64.5,0.013,0.9949,ok,,false,true,0,0,0.01,0.01,ok,,7143424,3542771302,0.0020,dense_matmul,1.0,0.9949,false,-0.0051
batch_matmul,llama-attn-512,cuBLAS/cuDNN,211.5,217.1,0.020,0.2851,ok,,false,true,0,0,0.01,0.01,ok,,21102592,3542771302,0.0060,dense_matmul,1.0,0.2851,false,-0.7149
batch_matmul,llama-attn-512,PyTorch-eager,60.3,38.9,0.070,1.0000,ok,,false,true,0,0,0.01,0.01,ok,,21102592,3542771302,0.0060,dense_matmul,1.0,1.0000,true,0.0000
batch_matmul,llama-attn-512,Arke,389.8,254.0,0.011,0.1547,ok,,false,true,0,0,0.01,0.01,ok,,21102592,3542771302,0.0060,dense_matmul,1.0,0.1547,false,-0.8453
batch_matmul,llama-attn-512,FlagGems,210.8,219.1,0.020,0.2861,ok,,false,true,0,0,0.01,0.01,ok,,21102592,3542771302,0.0060,dense_matmul,1.0,0.2861,false,-0.7139
batch_matmul,llama-attn-2k,cuBLAS/cuDNN,2031.0,1926.1,0.008,0.0536,ok,,false,true,0,0,0.01,0.01,ok,,285736960,3542771302,0.0807,dense_matmul,1.0,0.0536,false,-0.9464
batch_matmul,llama-attn-2k,PyTorch-eager,108.8,130.0,0.154,1.0000,ok,,false,true,0,0,0.01,0.01,ok,,285736960,3542771302,0.0807,dense_matmul,1.0,1.0000,true,0.0000
batch_matmul,llama-attn-2k,Arke,5045.2,3855.4,0.003,0.0216,ok,,false,true,0,0,0.01,0.01,ok,,285736960,3542771302,0.0807,dense_matmul,1.0,0.0216,false,-0.9784
batch_matmul,llama-attn-2k,FlagGems,2139.4,1987.6,0.008,0.0509,ok,,false,true,0,0,0.01,0.01,ok,,285736960,3542771302,0.0807,dense_matmul,1.0,0.0509,false,-0.9491
batch_matmul,batched-8,cuBLAS/cuDNN,90.9,90.1,0.001,0.7668,ok,,false,true,0,0,0.01,0.01,ok,,139264,3542771302,0.0000,dense_matmul,1.0,0.7668,false,-0.2332
batch_matmul,batched-8,PyTorch-eager,69.7,43.0,0.001,1.0000,ok,,false,true,0,0,0.01,0.01,ok,,139264,3542771302,0.0000,dense_matmul,1.0,1.0000,true,0.0000
batch_matmul,batched-8,Arke,71.0,97.3,0.001,0.9817,ok,,false,true,0,0,0.01,0.01,ok,,139264,3542771302,0.0000,dense_matmul,1.0,0.9817,false,-0.0183
batch_matmul,batched-8,FlagGems,67.5,81.0,0.001,1.0326,ok,,false,true,0,0,0.01,0.01,ok,,139264,3542771302,0.0000,dense_matmul,1.0,1.0326,true,0.0326
batch_matmul,batched-32,cuBLAS/cuDNN,58.6,70.7,0.018,1.0205,ok,,false,true,0,0,0.01,0.01,ok,,2129920,3542771302,0.0006,dense_matmul,1.0,1.0205,true,0.0205
batch_matmul,batched-32,PyTorch-eager,59.8,13.3,0.018,1.0000,ok,,false,true,0,0,0.01,0.01,ok,,2129920,3542771302,0.0006,dense_matmul,1.0,1.0000,true,0.0000
batch_matmul,batched-32,Arke,72.6,54.3,0.014,0.8237,ok,,false,true,0,0,0.01,0.01,ok,,2129920,3542771302,0.0006,dense_matmul,1.0,0.8237,false,-0.1763
batch_matmul,batched-32,FlagGems,65.7,74.8,0.016,0.9102,ok,,false,true,0,0,0.01,0.01,ok,,2129920,3542771302,0.0006,dense_matmul,1.0,0.9102,false,-0.0898
cast,micro-tiny,PyTorch-eager,84.1,11.3,,1.0000,ok,,false,true,0,0,0.001,0.001,ok,,,,,,1.0,1.0000,true,0.0000
cast,micro-tiny,Arke,1.6,2.0,,52.5625,ok,,false,true,0,0,0.001,0.001,ok,,,,,,1.0,52.5625,true,51.5625
cast,micro-tiny,FlagGems,80.1,37.9,,1.0499,ok,,false,true,0,0,0.001,0.001,ok,,,,,,1.0,1.0499,true,0.0499
cast,micro-small,PyTorch-eager,97.6,110.8,,1.0000,ok,,false,true,0,0,0.001,0.001,ok,,,,,,1.0,1.0000,true,0.0000
cast,micro-small,Arke,1.6,2.0,,61.0000,ok,,false,true,0,0,0.001,0.001,ok,,,,,,1.0,61.0000,true,60.0000
cast,micro-small,FlagGems,83.5,18.4,,1.1689,ok,,false,true,0,0,0.001,0.001,ok,,,,,,1.0,1.1689,true,0.1689
cast,gpt2-hidden,PyTorch-eager,88.8,98.3,,1.0000,ok,,false,true,0,0,0.001,0.001,ok,,,,,,1.0,1.0000,true,0.0000
cast,gpt2-hidden,Arke,1.6,2.0,,55.5000,ok,,false,true,0,0,0.001,0.001,ok,,,,,,1.0,55.5000,true,54.5000
cast,gpt2-hidden,FlagGems,85.5,99.3,,1.0386,ok,,false,true,0,0,0.001,0.001,ok,,,,,,1.0,1.0386,true,0.0386
cast,gpt2-ffn,PyTorch-eager,76.4,91.1,,1.0000,ok,,false,true,0,0,0.001,0.001,ok,,,,,,1.0,1.0000,true,0.0000
cast,gpt2-ffn,Arke,1.5,2.0,,50.9333,ok,,false,true,0,0,0.001,0.001,ok,,,,,,1.0,50.9333,true,49.9333
cast,gpt2-ffn,FlagGems,85.5,86.0,,0.8936,ok,,false,true,0,0,0.001,0.001,ok,,,,,,1.0,0.8936,false,-0.1064
cast,square-1k,PyTorch-eager,100.9,82.1,,1.0000,ok,,false,true,0,0,0.001,0.001,ok,,,,,,1.0,1.0000,true,0.0000
cast,square-1k,Arke,1.4,4.1,,72.0714,ok,,false,true,0,0,0.001,0.001,ok,,,,,,1.0,72.0714,true,71.0714
cast,square-1k,FlagGems,81.5,95.2,,1.2380,ok,,false,true,0,0,0.001,0.001,ok,,,,,,1.0,1.2380,true,0.2380
cast,llama-ffn,PyTorch-eager,121.1,175.1,,1.0000,ok,,false,true,0,0,0.001,0.001,ok,,,,,,1.0,1.0000,true,0.0000
cast,llama-ffn,Arke,1.5,4.1,,80.7333,ok,,false,true,0,0,0.001,0.001,ok,,,,,,1.0,80.7333,true,79.7333
cast,llama-ffn,FlagGems,113.3,129.0,,1.0688,ok,,false,true,0,0,0.001,0.001,ok,,,,,,1.0,1.0688,true,0.0688
cast,llama-hidden,PyTorch-eager,98.1,81.9,,1.0000,ok,,false,true,0,0,0.001,0.001,ok,,,,,,1.0,1.0000,true,0.0000
cast,llama-hidden,Arke,1.4,3.1,,70.0714,ok,,false,true,0,0,0.001,0.001,ok,,,,,,1.0,70.0714,true,69.0714
cast,llama-hidden,FlagGems,80.8,118.8,,1.2141,ok,,false,true,0,0,0.001,0.001,ok,,,,,,1.0,1.2141,true,0.2141
cast,llama-long,PyTorch-eager,323.1,323.6,,1.0000,ok,,false,true,0,0,0.001,0.001,ok,,,,,,1.0,1.0000,true,0.0000
cast,llama-long,Arke,1.6,7.4,,201.9375,ok,,false,true,0,0,0.001,0.001,ok,,,,,,1.0,201.9375,true,200.9375
cast,llama-long,FlagGems,370.9,353.3,,0.8711,ok,,false,true,0,0,0.001,0.001,ok,,,,,,1.0,0.8711,false,-0.1289
cast,ds-ffn,PyTorch-eager,125.1,136.2,,1.0000,ok,,false,true,0,0,0.001,0.001,ok,,,,,,1.0,1.0000,true,0.0000
cast,ds-ffn,Arke,1.4,2.0,,89.3571,ok,,false,true,0,0,0.001,0.001,ok,,,,,,1.0,89.3571,true,88.3571
cast,ds-ffn,FlagGems,131.3,191.5,,0.9528,ok,,false,true,0,0,0.001,0.001,ok,,,,,,1.0,0.9528,false,-0.0472
cast,ds-ffn-large,PyTorch-eager,184.7,219.1,,1.0000,ok,,false,true,0,0,0.001,0.001,ok,,,,,,1.0,1.0000,true,0.0000
cast,ds-ffn-large,Arke,1.5,5.1,,123.1333,ok,,false,true,0,0,0.001,0.001,ok,,,,,,1.0,123.1333,true,122.1333
cast,ds-ffn-large,FlagGems,184.7,186.4,,1.0000,ok,,false,true,0,0,0.001,0.001,ok,,,,,,1.0,1.0000,true,0.0000
cast,qwen-ffn,PyTorch-eager,227.5,236.5,,1.0000,ok,,false,true,0,0,0.001,0.001,ok,,,,,,1.0,1.0000,true,0.0000
cast,qwen-ffn,Arke,1.5,3.1,,151.6667,ok,,false,true,0,0,0.001,0.001,ok,,,,,,1.0,151.6667,true,150.6667
cast,qwen-ffn,FlagGems,188.8,261.1,,1.2050,ok,,false,true,0,0,0.001,0.001,ok,,,,,,1.0,1.2050,true,0.2050
cast,xlarge,PyTorch-eager,769.8,655.4,,1.0000,ok,,false,true,0,0,0.001,0.001,ok,,,,,,1.0,1.0000,true,0.0000
cast,xlarge,Arke,1.5,2.0,,513.2000,ok,,false,true,0,0,0.001,0.001,ok,,,,,,1.0,513.2000,true,512.2000
cast,xlarge,FlagGems,638.6,631.8,,1.2054,ok,,false,true,0,0,0.001,0.001,ok,,,,,,1.0,1.2054,true,0.2054
concat,tiny-2,PyTorch-eager,49.9,38.9,,1.0000,ok,,false,true,0,0,0.001,0.001,ok,,,,,,1.0,1.0000,true,0.0000
concat,tiny-2,Arke,50.8,72.8,,0.9823,ok,,false,true,0,0,0.001,0.001,ok,,,,,,1.0,0.9823,false,-0.0177
concat,gpt2-qkv-merge,PyTorch-eager,51.7,2.0,,1.0000,ok,,false,true,0,0,0.001,0.001,ok,,,,,,1.0,1.0000,true,0.0000
concat,gpt2-qkv-merge,Arke,46.8,3.5,,1.1047,ok,,false,true,0,0,0.001,0.001,ok,,,,,,1.0,1.1047,true,0.1047
concat,llama-qkv-merge,PyTorch-eager,47.0,52.3,,1.0000,ok,,false,true,0,0,0.001,0.001,ok,,,,,,1.0,1.0000,true,0.0000
concat,llama-qkv-merge,Arke,47.3,61.2,,0.9937,ok,,false,true,0,0,0.001,0.001,ok,,,,,,1.0,0.9937,false,-0.0063
concat,llama3-qkv-gqa,PyTorch-eager,46.2,4.6,,1.0000,ok,,false,true,0,0,0.001,0.001,ok,,,,,,1.0,1.0000,true,0.0000
concat,llama3-qkv-gqa,Arke,47.2,2.9,,0.9788,ok,,false,true,0,0,0.001,0.001,ok,,,,,,1.0,0.9788,false,-0.0212
concat,kvcache-append-512,PyTorch-eager,47.8,63.9,,1.0000,ok,,false,true,0,0,0.001,0.001,ok,,,,,,1.0,1.0000,true,0.0000
concat,kvcache-append-512,Arke,49.7,3.0,,0.9618,ok,,false,true,0,0,0.001,0.001,ok,,,,,,1.0,0.9618,false,-0.0382
concat,kvcache-append-2k,PyTorch-eager,45.6,7.3,,1.0000,ok,,false,true,0,0,0.001,0.001,ok,,,,,,1.0,1.0000,true,0.0000
concat,kvcache-append-2k,Arke,48.9,37.5,,0.9325,ok,,false,true,0,0,0.001,0.001,ok,,,,,,1.0,0.9325,false,-0.0675
concat,batch-concat-4,PyTorch-eager,47.8,8.0,,1.0000,ok,,false,true,0,0,0.001,0.001,ok,,,,,,1.0,1.0000,true,0.0000
concat,batch-concat-4,Arke,55.2,48.6,,0.8659,ok,,false,true,0,0,0.001,0.001,ok,,,,,,1.0,0.8659,false,-0.1341
copy_,micro-tiny,PyTorch-eager,86.1,7.2,,1.0000,ok,,false,true,0,0,0.001,0.001,ok,,,,,,1.0,1.0000,true,0.0000
copy_,micro-tiny,Arke,88.5,74.8,,0.9729,ok,,false,true,0,0,0.001,0.001,ok,,,,,,1.0,0.9729,false,-0.0271
copy_,micro-small,PyTorch-eager,81.1,71.7,,1.0000,ok,,false,true,0,0,0.001,0.001,ok,,,,,,1.0,1.0000,true,0.0000
copy_,micro-small,Arke,85.3,71.7,,0.9508,ok,,false,true,0,0,0.001,0.001,ok,,,,,,1.0,0.9508,false,-0.0492
copy_,gpt2-hidden,PyTorch-eager,80.6,60.4,,1.0000,ok,,false,true,0,0,0.001,0.001,ok,,,,,,1.0,1.0000,true,0.0000
copy_,gpt2-hidden,Arke,90.5,15.4,,0.8906,ok,,false,true,0,0,0.001,0.001,ok,,,,,,1.0,0.8906,false,-0.1094
copy_,gpt2-ffn,PyTorch-eager,76.8,25.6,,1.0000,ok,,false,true,0,0,0.001,0.001,ok,,,,,,1.0,1.0000,true,0.0000
copy_,gpt2-ffn,Arke,78.1,19.5,,0.9834,ok,,false,true,0,0,0.001,0.001,ok,,,,,,1.0,0.9834,false,-0.0166
copy_,square-1k,PyTorch-eager,170.2,90.1,,1.0000,ok,,false,true,0,0,0.001,0.001,ok,,,,,,1.0,1.0000,true,0.0000
copy_,square-1k,Arke,74.0,94.2,,2.3000,ok,,false,true,0,0,0.001,0.001,ok,,,,,,1.0,2.3000,true,1.3000
copy_,llama-ffn,PyTorch-eager,81.1,96.3,,1.0000,ok,,false,true,0,0,0.001,0.001,ok,,,,,,1.0,1.0000,true,0.0000
copy_,llama-ffn,Arke,82.4,92.2,,0.9842,ok,,false,true,0,0,0.001,0.001,ok,,,,,,1.0,0.9842,false,-0.0158
copy_,llama-hidden,PyTorch-eager,86.3,77.8,,1.0000,ok,,false,true,0,0,0.001,0.001,ok,,,,,,1.0,1.0000,true,0.0000
copy_,llama-hidden,Arke,78.3,81.9,,1.1022,ok,,false,true,0,0,0.001,0.001,ok,,,,,,1.0,1.1022,true,0.1022
copy_,llama-long,PyTorch-eager,254.3,248.7,,1.0000,ok,,false,true,0,0,0.001,0.001,ok,,,,,,1.0,1.0000,true,0.0000
copy_,llama-long,Arke,238.3,250.9,,1.0671,ok,,false,true,0,0,0.001,0.001,ok,,,,,,1.0,1.0671,true,0.0671
copy_,ds-ffn,PyTorch-eager,86.9,113.7,,1.0000,ok,,false,true,0,0,0.001,0.001,ok,,,,,,1.0,1.0000,true,0.0000
copy_,ds-ffn,Arke,94.9,113.7,,0.9157,ok,,false,true,0,0,0.001,0.001,ok,,,,,,1.0,0.9157,false,-0.0843
copy_,ds-ffn-large,PyTorch-eager,124.4,190.5,,1.0000,ok,,false,true,0,0,0.001,0.001,ok,,,,,,1.0,1.0000,true,0.0000
copy_,ds-ffn-large,Arke,129.9,186.4,,0.9577,ok,,false,true,0,0,0.001,0.001,ok,,,,,,1.0,0.9577,false,-0.0423
copy_,qwen-ffn,PyTorch-eager,144.9,180.2,,1.0000,ok,,false,true,0,0,0.001,0.001,ok,,,,,,1.0,1.0000,true,0.0000
copy_,qwen-ffn,Arke,144.1,150.5,,1.0056,ok,,false,true,0,0,0.001,0.001,ok,,,,,,1.0,1.0056,true,0.0056
copy_,xlarge,PyTorch-eager,568.2,433.2,,1.0000,ok,,false,true,0,0,0.001,0.001,ok,,,,,,1.0,1.0000,true,0.0000
copy_,xlarge,Arke,469.1,454.7,,1.2113,ok,,false,true,0,0,0.001,0.001,ok,,,,,,1.0,1.2113,true,0.2113
cross_attention,tiny,PyTorch-eager,144.0,151.6,,1.0000,ok,,false,true,0,0,0.001,0.001,ok,,73728,3542771302,0.0000,attention,1.0,1.0000,true,0.0000
cross_attention,whisper-enc-dec,PyTorch-eager,3577.8,3445.6,,1.0000,ok,,false,true,0,0,0.001,0.001,ok,,42144000,3542771302,0.0119,attention,1.0,1.0000,true,0.0000
cross_attention,whisper-decode-1,PyTorch-eager,169.4,181.2,,1.0000,ok,,false,true,0,0,0.001,0.001,ok,,4112,3542771302,0.0000,attention,1.0,1.0000,true,0.0000
cross_attention,t5-small-enc128,PyTorch-eager,184.5,180.4,,1.0000,ok,,false,true,0,0,0.001,0.001,ok,,786432,3542771302,0.0002,attention,1.0,1.0000,true,0.0000
cross_attention,t5-small-dec128,PyTorch-eager,199.4,203.6,,1.0000,ok,,false,true,0,0,0.001,0.001,ok,,786432,3542771302,0.0002,attention,1.0,1.0000,true,0.0000
cross_attention,t5-base-dec512,PyTorch-eager,654.2,653.2,,1.0000,ok,,false,true,0,0,0.001,0.001,ok,,9437184,3542771302,0.0027,attention,1.0,1.0000,true,0.0000
cross_attention,sdxl-unet-64,PyTorch-eager,1461.9,1351.7,,1.0000,ok,,false,true,0,0,0.001,0.001,ok,,570425344,3542771302,0.1610,attention,1.0,1.0000,true,0.0000
cross_attention,sdxl-unet-128,PyTorch-eager,inf,inf,,,skipped,memory preflight: estimated attention footprint 8724152320 bytes > budget 3542771302 bytes,true,,,,,,skipped,memory preflight: estimated attention footprint 8724152320 bytes > budget 3542771302 bytes,8724152320,3542771302,2.4625,attention,1.0,N/A,false,N/A
cross_attention,llava-vision,PyTorch-eager,2445.0,2394.1,,1.0000,ok,,false,true,0,0,0.001,0.001,ok,,40108032,3542771302,0.0113,attention,1.0,1.0000,true,0.0000
cross_attention,batch4-cross,PyTorch-eager,1556.0,1521.7,,1.0000,ok,,false,true,0,0,0.001,0.001,ok,,25165824,3542771302,0.0071,attention,1.0,1.0000,true,0.0000
cross_attention,non-align-1,PyTorch-eager,188.6,163.8,,1.0000,ok,,false,true,0,0,0.001,0.001,ok,,688086,3542771302,0.0002,attention,1.0,1.0000,true,0.0000
cross_attention,non-align-2,PyTorch-eager,2397.0,2318.1,,1.0000,ok,,false,true,0,0,0.001,0.001,ok,,10129860,3542771302,0.0029,attention,1.0,1.0000,true,0.0000
cross_attention,tiny,Arke,20.5,34.8,,7.0244,ok,,false,true,0,0,0.001,0.001,ok,,73728,3542771302,0.0000,attention,1.0,7.0244,true,6.0244
cross_attention,whisper-enc-dec,Arke,251.3,252.9,,14.2372,ok,,false,true,0,0,0.001,0.001,ok,,42144000,3542771302,0.0119,attention,1.0,14.2372,true,13.2372
cross_attention,whisper-decode-1,Arke,28.7,34.8,,5.9024,ok,,false,true,0,0,0.001,0.001,ok,,4112,3542771302,0.0000,attention,1.0,5.9024,true,4.9024
cross_attention,t5-small-enc128,Arke,19.9,34.1,,9.2714,ok,,false,true,0,0,0.001,0.001,ok,,786432,3542771302,0.0002,attention,1.0,9.2714,true,8.2714
cross_attention,t5-small-dec128,Arke,27.5,29.9,,7.2509,ok,,false,true,0,0,0.001,0.001,ok,,786432,3542771302,0.0002,attention,1.0,7.2509,true,6.2509
cross_attention,t5-base-dec512,Arke,52.2,57.2,,12.5326,ok,,false,true,0,0,0.001,0.001,ok,,9437184,3542771302,0.0027,attention,1.0,12.5326,true,11.5326
cross_attention,sdxl-unet-64,Arke,129.0,136.1,,11.3326,ok,,false,true,0,0,0.001,0.001,ok,,570425344,3542771302,0.1610,attention,1.0,11.3326,true,10.3326
cross_attention,sdxl-unet-128,Arke,inf,inf,,,skipped,memory preflight: estimated attention footprint 8724152320 bytes > budget 3542771302 bytes,true,,,,,,skipped,memory preflight: estimated attention footprint 8724152320 bytes > budget 3542771302 bytes,8724152320,3542771302,2.4625,attention,1.0,N/A,false,N/A
cross_attention,llava-vision,Arke,309.8,310.3,,7.8922,ok,,false,true,0,0,0.001,0.001,ok,,40108032,3542771302,0.0113,attention,1.0,7.8922,true,6.8922
cross_attention,batch4-cross,Arke,118.2,120.8,,13.1641,ok,,false,true,0,0,0.001,0.001,ok,,25165824,3542771302,0.0071,attention,1.0,13.1641,true,12.1641
cross_attention,non-align-1,Arke,91.7,102.4,,2.0567,ok,,false,true,0,0,0.001,0.001,ok,,688086,3542771302,0.0002,attention,1.0,2.0567,true,1.0567
cross_attention,non-align-2,Arke,248.8,250.9,,9.6342,ok,,false,true,0,0,0.001,0.001,ok,,10129860,3542771302,0.0029,attention,1.0,9.6342,true,8.6342
cross_entropy,tiny,PyTorch-eager,191.8,201.7,,1.0000,ok,,false,true,0,0,0.01,0.01,ok,,,,,,1.0,1.0000,true,0.0000
cross_entropy,tiny,Arke,314.8,291.9,,0.6093,ok,,false,true,0,0,0.01,0.01,ok,,,,,,1.0,0.6093,false,-0.3907
cross_entropy,gpt2-seq128,PyTorch-eager,529.5,493.6,,1.0000,ok,,false,true,0,0,0.01,0.01,ok,,,,,,1.0,1.0000,true,0.0000
cross_entropy,gpt2-seq128,Arke,570.5,550.9,,0.9281,ok,,false,true,0,0,0.01,0.01,ok,,,,,,1.0,0.9281,false,-0.0719
cross_entropy,gpt2-seq512,PyTorch-eager,1188.2,1161.2,,1.0000,ok,,false,true,0,0,0.01,0.01,ok,,,,,,1.0,1.0000,true,0.0000
cross_entropy,gpt2-seq512,Arke,1628.3,1630.2,,0.7297,ok,,false,true,9.53674e-07,9.53674e-07,0.01,0.01,ok,,,,,,1.0,0.7297,false,-0.2703
cross_entropy,llama2-seq512,PyTorch-eager,646.5,658.3,,1.0000,ok,,false,true,0,0,0.01,0.01,ok,,,,,,1.0,1.0000,true,0.0000
cross_entropy,llama2-seq512,Arke,953.1,956.4,,0.6783,ok,,false,true,0,0,0.01,0.01,ok,,,,,,1.0,0.6783,false,-0.3217
cross_entropy,llama2-seq2k,PyTorch-eager,2553.9,2544.6,,1.0000,ok,,false,true,1.90735e-06,1.90735e-06,0.01,0.01,ok,,,,,,1.0,1.0000,true,0.0000
cross_entropy,llama2-seq2k,Arke,3786.0,3835.9,,0.6746,ok,,false,true,9.53674e-07,9.53674e-07,0.01,0.01,ok,,,,,,1.0,0.6746,false,-0.3254
cross_entropy,llama3-seq512,PyTorch-eager,2684.2,2667.5,,1.0000,ok,,false,true,0,0,0.01,0.01,ok,,,,,,1.0,1.0000,true,0.0000
cross_entropy,llama3-seq512,Arke,3909.8,3909.5,,0.6865,ok,,false,true,0,0,0.01,0.01,ok,,,,,,1.0,0.6865,false,-0.3135
cross_entropy,qwen25-seq512,PyTorch-eager,3050.5,3026.9,,1.0000,ok,,false,true,0,0,0.01,0.01,ok,,,,,,1.0,1.0000,true,0.0000
cross_entropy,qwen25-seq512,Arke,4496.4,4536.3,,0.6784,ok,,false,true,0,0,0.01,0.01,ok,,,,,,1.0,0.6784,false,-0.3216
cross_entropy,ds-v2-seq512,PyTorch-eager,2050.1,2043.9,,1.0000,ok,,false,true,9.53674e-07,9.53674e-07,0.01,0.01,ok,,,,,,1.0,1.0000,true,0.0000
cross_entropy,ds-v2-seq512,Arke,3031.9,3089.4,,0.6762,ok,,false,true,0,0,0.01,0.01,ok,,,,,,1.0,0.6762,false,-0.3238
cross_entropy,batch4-seq512,PyTorch-eager,4702.9,4629.5,,1.0000,ok,,false,true,0,0,0.01,0.01,ok,,,,,,1.0,1.0000,true,0.0000
cross_entropy,batch4-seq512,Arke,6649.4,6575.9,,0.7073,ok,,false,true,9.53674e-07,9.53674e-07,0.01,0.01,ok,,,,,,1.0,0.7073,false,-0.2927
cumsum,small-row,PyTorch-eager,52.6,71.7,,1.0000,ok,,false,true,0,0,0.001,0.001,ok,,,,,,1.0,1.0000,true,0.0000
cumsum,small-row,Arke,52.7,73.7,,0.9981,ok,,false,true,0,0,0.001,0.001,ok,,,,,,1.0,0.9981,false,-0.0019
cumsum,small-row,FlagGems,51.3,11.3,,1.0253,ok,,false,true,0,0,0.001,0.001,ok,,,,,,1.0,1.0253,true,0.0253
cumsum,gpt2-row,PyTorch-eager,49.8,67.6,,1.0000,ok,,false,true,0,0,0.001,0.001,ok,,,,,,1.0,1.0000,true,0.0000
cumsum,gpt2-row,Arke,50.8,35.8,,0.9803,ok,,false,true,0,0,0.001,0.001,ok,,,,,,1.0,0.9803,false,-0.0197
cumsum,gpt2-row,FlagGems,48.7,12.3,,1.0226,ok,,false,true,0,0,0.001,0.001,ok,,,,,,1.0,1.0226,true,0.0226
cumsum,llama-row,PyTorch-eager,49.7,39.9,,1.0000,ok,,false,true,0,0,0.001,0.001,ok,,,,,,1.0,1.0000,true,0.0000
cumsum,llama-row,Arke,113.6,52.2,,0.4375,ok,,false,true,0,0,0.001,0.001,ok,,,,,,1.0,0.4375,false,-0.5625
cumsum,llama-row,FlagGems,97.4,66.6,,0.5103,ok,,false,true,0,0,0.001,0.001,ok,,,,,,1.0,0.5103,false,-0.4897
cumsum,llama-col,PyTorch-eager,48.0,32.8,,1.0000,ok,,false,true,0,0,0.001,0.001,ok,,,,,,1.0,1.0000,true,0.0000
cumsum,llama-col,Arke,53.4,52.2,,0.8989,ok,,false,true,0,0,0.001,0.001,ok,,,,,,1.0,0.8989,false,-0.1011
cumsum,llama-col,FlagGems,46.5,37.9,,1.0323,ok,,false,true,0,0,0.001,0.001,ok,,,,,,1.0,1.0323,true,0.0323
cumsum,sampling-probs,PyTorch-eager,139.2,154.6,,1.0000,ok,,false,true,0,0,0.001,0.001,ok,,,,,,1.0,1.0000,true,0.0000
cumsum,sampling-probs,Arke,141.1,136.2,,0.9865,ok,,false,true,0,0,0.001,0.001,ok,,,,,,1.0,0.9865,false,-0.0135
cumsum,sampling-probs,FlagGems,137.2,160.8,,1.0146,ok,,false,true,0,0,0.001,0.001,ok,,,,,,1.0,1.0146,true,0.0146
cumsum,sampling-probs-llama3,PyTorch-eager,141.1,29.7,,1.0000,ok,,false,true,0,0,0.001,0.001,ok,,,,,,1.0,1.0000,true,0.0000
cumsum,sampling-probs-llama3,Arke,145.0,36.9,,0.9731,ok,,false,true,0,0,0.001,0.001,ok,,,,,,1.0,0.9731,false,-0.0269
cumsum,sampling-probs-llama3,FlagGems,136.6,120.8,,1.0329,ok,,false,true,0,0,0.001,0.001,ok,,,,,,1.0,1.0329,true,0.0329
dequantize_per_channel,tiny-int8,PyTorch-eager,213.2,43.0,,1.0000,ok,,false,true,0,0,0.001,0.001,ok,,,,,,1.0,1.0000,true,0.0000
dequantize_per_channel,tiny-int8,Arke,447.1,307.2,,0.4769,ok,,false,true,0,0,0.001,0.001,ok,,,,,,1.0,0.4769,false,-0.5231
dequantize_per_channel,gpt2-int8,PyTorch-eager,222.3,228.3,,1.0000,ok,,false,true,0,0,0.001,0.001,ok,,,,,,1.0,1.0000,true,0.0000
dequantize_per_channel,gpt2-int8,Arke,419.2,246.8,,0.5303,ok,,false,true,0,0,0.001,0.001,ok,,,,,,1.0,0.5303,false,-0.4697
dequantize_per_channel,llama2-int4-ffn,PyTorch-eager,220.6,219.1,,1.0000,ok,,false,true,0,0,0.001,0.001,ok,,,,,,1.0,1.0000,true,0.0000
dequantize_per_channel,llama2-int4-ffn,Arke,425.1,400.4,,0.5189,ok,,false,true,0,0,0.001,0.001,ok,,,,,,1.0,0.5189,false,-0.4811
dequantize_per_channel,llama2-int8-hidden,PyTorch-eager,214.9,124.9,,1.0000,ok,,false,true,0,0,0.001,0.001,ok,,,,,,1.0,1.0000,true,0.0000
dequantize_per_channel,llama2-int8-hidden,Arke,423.9,415.7,,0.5070,ok,,false,true,0,0,0.001,0.001,ok,,,,,,1.0,0.5070,false,-0.4930
dequantize_per_channel,llama3-int4-ffn,PyTorch-eager,208.3,179.2,,1.0000,ok,,false,true,0,0,0.001,0.001,ok,,,,,,1.0,1.0000,true,0.0000
dequantize_per_channel,llama3-int4-ffn,Arke,519.8,636.9,,0.4007,ok,,false,true,0,0,0.001,0.001,ok,,,,,,1.0,0.4007,false,-0.5993
dequantize_per_channel,ds-v2-int4,PyTorch-eager,209.7,274.4,,1.0000,ok,,false,true,0,0,0.001,0.001,ok,,,,,,1.0,1.0000,true,0.0000
dequantize_per_channel,ds-v2-int4,Arke,451.5,491.5,,0.4645,ok,,false,true,0,0,0.001,0.001,ok,,,,,,1.0,0.4645,false,-0.5355
dequantize_per_channel,ds-v3-int4,PyTorch-eager,236.5,269.3,,1.0000,ok,,false,true,0,0,0.001,0.001,ok,,,,,,1.0,1.0000,true,0.0000
dequantize_per_channel,ds-v3-int4,Arke,646.4,712.7,,0.3659,ok,,false,true,0,0,0.001,0.001,ok,,,,,,1.0,0.3659,false,-0.6341
dequantize_per_channel,qwen25-int4-ffn,PyTorch-eager,241.7,277.5,,1.0000,ok,,false,true,0,0,0.001,0.001,ok,,,,,,1.0,1.0000,true,0.0000
dequantize_per_channel,qwen25-int4-ffn,Arke,662.7,733.1,,0.3647,ok,,false,true,0,0,0.001,0.001,ok,,,,,,1.0,0.3647,false,-0.6353
embedding,tiny,PyTorch-eager,43.6,48.1,,1.0000,ok,,false,true,0,0,0.001,0.001,ok,,,,,,1.0,1.0000,true,0.0000
embedding,tiny,Arke,46.1,55.3,,0.9458,ok,,false,true,0,0,0.001,0.001,ok,,,,,,1.0,0.9458,false,-0.0542
embedding,tiny,FlagGems,43.9,52.3,,0.9932,ok,,false,true,0,0,0.001,0.001,ok,,,,,,1.0,0.9932,false,-0.0068
embedding,gpt2-small,PyTorch-eager,139.4,143.4,,1.0000,ok,,false,true,0,0,0.001,0.001,ok,,,,,,1.0,1.0000,true,0.0000
embedding,gpt2-small,Arke,47.7,46.1,,2.9224,ok,,false,true,0,0,0.001,0.001,ok,,,,,,1.0,2.9224,true,1.9224
embedding,gpt2-small,FlagGems,46.6,28.7,,2.9914,ok,,false,true,0,0,0.001,0.001,ok,,,,,,1.0,2.9914,true,1.9914
embedding,gpt2-medium,PyTorch-eager,131.5,129.0,,1.0000,ok,,false,true,0,0,0.001,0.001,ok,,,,,,1.0,1.0000,true,0.0000
embedding,gpt2-medium,Arke,46.0,19.5,,2.8587,ok,,false,true,0,0,0.001,0.001,ok,,,,,,1.0,2.8587,true,1.8587
embedding,gpt2-medium,FlagGems,46.7,69.6,,2.8158,ok,,false,true,0,0,0.001,0.001,ok,,,,,,1.0,2.8158,true,1.8158
embedding,llama2-seq512,PyTorch-eager,85.2,115.7,,1.0000,ok,,false,true,0,0,0.001,0.001,ok,,,,,,1.0,1.0000,true,0.0000
embedding,llama2-seq512,Arke,47.9,60.4,,1.7787,ok,,false,true,0,0,0.001,0.001,ok,,,,,,1.0,1.7787,true,0.7787
embedding,llama2-seq512,FlagGems,52.4,11.2,,1.6260,ok,,false,true,0,0,0.001,0.001,ok,,,,,,1.0,1.6260,true,0.6260
embedding,llama2-seq2k,PyTorch-eager,83.5,91.1,,1.0000,ok,,false,true,0,0,0.001,0.001,ok,,,,,,1.0,1.0000,true,0.0000
embedding,llama2-seq2k,Arke,43.8,7.2,,1.9064,ok,,false,true,0,0,0.001,0.001,ok,,,,,,1.0,1.9064,true,0.9064
embedding,llama2-seq2k,FlagGems,46.7,54.3,,1.7880,ok,,false,true,0,0,0.001,0.001,ok,,,,,,1.0,1.7880,true,0.7880
embedding,llama3-seq512,PyTorch-eager,320.2,314.4,,1.0000,ok,,false,true,0,0,0.001,0.001,ok,,,,,,1.0,1.0000,true,0.0000
embedding,llama3-seq512,Arke,51.9,59.4,,6.1696,ok,,false,true,0,0,0.001,0.001,ok,,,,,,1.0,6.1696,true,5.1696
embedding,llama3-seq512,FlagGems,80.6,115.7,,3.9727,ok,,false,true,0,0,0.001,0.001,ok,,,,,,1.0,3.9727,true,2.9727
embedding,llama3-seq2k,PyTorch-eager,319.3,308.2,,1.0000,ok,,false,true,0,0,0.001,0.001,ok,,,,,,1.0,1.0000,true,0.0000
embedding,llama3-seq2k,Arke,47.6,65.6,,6.7080,ok,,false,true,0,0,0.001,0.001,ok,,,,,,1.0,6.7080,true,5.7080
embedding,llama3-seq2k,FlagGems,74.7,103.4,,4.2744,ok,,false,true,0,0,0.001,0.001,ok,,,,,,1.0,4.2744,true,3.2744
embedding,qwen25-seq512,PyTorch-eager,371.3,357.4,,1.0000,ok,,false,true,0,0,0.001,0.001,ok,,,,,,1.0,1.0000,true,0.0000
embedding,qwen25-seq512,Arke,46.6,52.2,,7.9678,ok,,false,true,0,0,0.001,0.001,ok,,,,,,1.0,7.9678,true,6.9678
embedding,qwen25-seq512,FlagGems,89.7,94.2,,4.1394,ok,,false,true,0,0,0.001,0.001,ok,,,,,,1.0,4.1394,true,3.1394
embedding,batched-b4,PyTorch-eager,129.5,131.1,,1.0000,ok,,false,true,0,0,0.001,0.001,ok,,,,,,1.0,1.0000,true,0.0000
embedding,batched-b4,Arke,46.9,56.3,,2.7612,ok,,false,true,0,0,0.001,0.001,ok,,,,,,1.0,2.7612,true,1.7612
embedding,batched-b4,FlagGems,44.0,31.7,,2.9432,ok,,false,true,0,0,0.001,0.001,ok,,,,,,1.0,2.9432,true,1.9432
exp,micro-tiny,cuBLAS/cuDNN,74.1,95.0,,1.1525,ok,,false,true,0,0,0.001,0.001,ok,,,,,,1.0,1.1525,true,0.1525
exp,micro-tiny,PyTorch-eager,85.4,74.8,,1.0000,ok,,false,true,0,0,0.001,0.001,ok,,,,,,1.0,1.0000,true,0.0000
exp,micro-tiny,Arke,96.5,92.2,,0.8850,ok,,false,true,0,0,0.001,0.001,ok,,,,,,1.0,0.8850,false,-0.1150
exp,micro-tiny,FlagGems,84.1,92.2,,1.0155,ok,,false,true,0,0,0.001,0.001,ok,,,,,,1.0,1.0155,true,0.0155
exp,micro-small,cuBLAS/cuDNN,86.6,86.0,,0.9238,ok,,false,true,0,0,0.001,0.001,ok,,,,,,1.0,0.9238,false,-0.0762
exp,micro-small,PyTorch-eager,80.0,83.0,,1.0000,ok,,false,true,0,0,0.001,0.001,ok,,,,,,1.0,1.0000,true,0.0000
exp,micro-small,Arke,81.6,74.8,,0.9804,ok,,false,true,0,0,0.001,0.001,ok,,,,,,1.0,0.9804,false,-0.0196
exp,micro-small,FlagGems,79.8,65.7,,1.0025,ok,,false,true,0,0,0.001,0.001,ok,,,,,,1.0,1.0025,true,0.0025
exp,gpt2-hidden,cuBLAS/cuDNN,73.1,72.6,,1.0848,ok,,false,true,0,0,0.001,0.001,ok,,,,,,1.0,1.0848,true,0.0848
exp,gpt2-hidden,PyTorch-eager,79.3,90.1,,1.0000,ok,,false,true,0,0,0.001,0.001,ok,,,,,,1.0,1.0000,true,0.0000
exp,gpt2-hidden,Arke,85.5,67.6,,0.9275,ok,,false,true,0,0,0.001,0.001,ok,,,,,,1.0,0.9275,false,-0.0725
exp,gpt2-hidden,FlagGems,75.1,43.9,,1.0559,ok,,false,true,0,0,0.001,0.001,ok,,,,,,1.0,1.0559,true,0.0559
exp,gpt2-ffn,cuBLAS/cuDNN,79.9,90.0,,1.0088,ok,,false,true,0,0,0.001,0.001,ok,,,,,,1.0,1.0088,true,0.0088
exp,gpt2-ffn,PyTorch-eager,80.6,89.1,,1.0000,ok,,false,true,0,0,0.001,0.001,ok,,,,,,1.0,1.0000,true,0.0000
exp,gpt2-ffn,Arke,90.8,56.3,,0.8877,ok,,false,true,0,0,0.001,0.001,ok,,,,,,1.0,0.8877,false,-0.1123
exp,gpt2-ffn,FlagGems,73.0,94.2,,1.1041,ok,,false,true,0,0,0.001,0.001,ok,,,,,,1.0,1.1041,true,0.1041
exp,square-1k,cuBLAS/cuDNN,76.1,93.2,,0.9803,ok,,false,true,0,0,0.001,0.001,ok,,,,,,1.0,0.9803,false,-0.0197
exp,square-1k,PyTorch-eager,74.6,96.3,,1.0000,ok,,false,true,0,0,0.001,0.001,ok,,,,,,1.0,1.0000,true,0.0000
exp,square-1k,Arke,80.0,73.7,,0.9325,ok,,false,true,0,0,0.001,0.001,ok,,,,,,1.0,0.9325,false,-0.0675
exp,square-1k,FlagGems,73.7,90.1,,1.0122,ok,,false,true,0,0,0.001,0.001,ok,,,,,,1.0,1.0122,true,0.0122
exp,llama-ffn,cuBLAS/cuDNN,85.0,148.5,,0.9424,ok,,false,true,0,0,0.001,0.001,ok,,,,,,1.0,0.9424,false,-0.0576
exp,llama-ffn,PyTorch-eager,80.1,143.4,,1.0000,ok,,false,true,0,0,0.001,0.001,ok,,,,,,1.0,1.0000,true,0.0000
exp,llama-ffn,Arke,78.9,151.6,,1.0152,ok,,false,true,0,0,0.001,0.001,ok,,,,,,1.0,1.0152,true,0.0152
exp,llama-ffn,FlagGems,76.5,130.0,,1.0471,ok,,false,true,0,0,0.001,0.001,ok,,,,,,1.0,1.0471,true,0.0471
exp,llama-hidden,cuBLAS/cuDNN,71.9,69.6,,1.0056,ok,,false,true,0,0,0.001,0.001,ok,,,,,,1.0,1.0056,true,0.0056
exp,llama-hidden,PyTorch-eager,72.3,102.4,,1.0000,ok,,false,true,0,0,0.001,0.001,ok,,,,,,1.0,1.0000,true,0.0000
exp,llama-hidden,Arke,75.0,58.4,,0.9640,ok,,false,true,0,0,0.001,0.001,ok,,,,,,1.0,0.9640,false,-0.0360
exp,llama-hidden,FlagGems,73.6,103.4,,0.9823,ok,,false,true,0,0,0.001,0.001,ok,,,,,,1.0,0.9823,false,-0.0177
exp,llama-long,cuBLAS/cuDNN,269.7,262.1,,1.0445,ok,,false,true,0,0,0.001,0.001,ok,,,,,,1.0,1.0445,true,0.0445
exp,llama-long,PyTorch-eager,281.7,262.0,,1.0000,ok,,false,true,0,0,0.001,0.001,ok,,,,,,1.0,1.0000,true,0.0000
exp,llama-long,Arke,249.4,241.7,,1.1295,ok,,false,true,0,0,0.001,0.001,ok,,,,,,1.0,1.1295,true,0.1295
exp,llama-long,FlagGems,217.6,277.5,,1.2946,ok,,false,true,0,0,0.001,0.001,ok,,,,,,1.0,1.2946,true,0.2946
exp,ds-ffn,cuBLAS/cuDNN,85.5,143.4,,1.1497,ok,,false,true,0,0,0.001,0.001,ok,,,,,,1.0,1.1497,true,0.1497
exp,ds-ffn,PyTorch-eager,98.3,154.6,,1.0000,ok,,false,true,0,0,0.001,0.001,ok,,,,,,1.0,1.0000,true,0.0000
exp,ds-ffn,Arke,93.4,160.8,,1.0525,ok,,false,true,0,0,0.001,0.001,ok,,,,,,1.0,1.0525,true,0.0525
exp,ds-ffn,FlagGems,85.0,149.5,,1.1565,ok,,false,true,0,0,0.001,0.001,ok,,,,,,1.0,1.1565,true,0.1565
exp,ds-ffn-large,cuBLAS/cuDNN,139.2,201.7,,0.9806,ok,,false,true,0,0,0.001,0.001,ok,,,,,,1.0,0.9806,false,-0.0194
exp,ds-ffn-large,PyTorch-eager,136.5,172.0,,1.0000,ok,,false,true,0,0,0.001,0.001,ok,,,,,,1.0,1.0000,true,0.0000
exp,ds-ffn-large,Arke,139.8,187.4,,0.9764,ok,,false,true,0,0,0.001,0.001,ok,,,,,,1.0,0.9764,false,-0.0236
exp,ds-ffn-large,FlagGems,124.5,190.5,,1.0964,ok,,false,true,0,0,0.001,0.001,ok,,,,,,1.0,1.0964,true,0.0964
exp,qwen-ffn,cuBLAS/cuDNN,131.1,212.8,,0.9756,ok,,false,true,0,0,0.001,0.001,ok,,,,,,1.0,0.9756,false,-0.0244
exp,qwen-ffn,PyTorch-eager,127.9,182.3,,1.0000,ok,,false,true,0,0,0.001,0.001,ok,,,,,,1.0,1.0000,true,0.0000
exp,qwen-ffn,Arke,128.2,165.9,,0.9977,ok,,false,true,0,0,0.001,0.001,ok,,,,,,1.0,0.9977,false,-0.0023
exp,qwen-ffn,FlagGems,128.7,130.0,,0.9938,ok,,false,true,0,0,0.001,0.001,ok,,,,,,1.0,0.9938,false,-0.0062
exp,xlarge,cuBLAS/cuDNN,429.6,428.0,,0.9984,ok,,false,true,0,0,0.001,0.001,ok,,,,,,1.0,0.9984,false,-0.0016
exp,xlarge,PyTorch-eager,428.9,430.1,,1.0000,ok,,false,true,0,0,0.001,0.001,ok,,,,,,1.0,1.0000,true,0.0000
exp,xlarge,Arke,428.3,428.0,,1.0014,ok,,false,true,0,0,0.001,0.001,ok,,,,,,1.0,1.0014,true,0.0014
exp,xlarge,FlagGems,455.6,430.1,,0.9414,ok,,false,true,0,0,0.001,0.001,ok,,,,,,1.0,0.9414,false,-0.0586
flash_attention,gpt2-sm-128,cuBLAS/cuDNN,173.5,176.1,,9.2444,ok,,false,true,0,0,0.001,0.001,ok,,1179648,3542771302,0.0003,attention,1.0,9.2444,true,8.2444
flash_attention,gpt2-sm-128,PyTorch-eager,1603.9,1378.3,,1.0000,ok,,false,true,0,0,0.001,0.001,ok,,1179648,3542771302,0.0003,attention,1.0,1.0000,true,0.0000
flash_attention,gpt2-sm-128,Arke,171.5,128.0,,9.3522,ok,,false,true,0,0,0.001,0.001,ok,,1179648,3542771302,0.0003,attention,1.0,9.3522,true,8.3522
flash_attention,gpt2-sm-512,cuBLAS/cuDNN,172.0,155.6,,9.2442,ok,,false,true,0,0,0.001,0.001,ok,,9437184,3542771302,0.0027,attention,1.0,9.2442,true,8.2442
flash_attention,gpt2-sm-512,PyTorch-eager,1590.0,1602.6,,1.0000,ok,,false,true,0,0,0.001,0.001,ok,,9437184,3542771302,0.0027,attention,1.0,1.0000,true,0.0000
flash_attention,gpt2-sm-512,Arke,166.7,180.2,,9.5381,ok,,false,true,0,0,0.001,0.001,ok,,9437184,3542771302,0.0027,attention,1.0,9.5381,true,8.5381
flash_attention,gpt2-sm-1k,cuBLAS/cuDNN,202.1,330.8,,10.1771,ok,,false,true,0,0,0.001,0.001,ok,,31457280,3542771302,0.0089,attention,1.0,10.1771,true,9.1771
flash_attention,gpt2-sm-1k,PyTorch-eager,2056.8,2848.8,,1.0000,ok,,false,true,0,0,0.001,0.001,ok,,31457280,3542771302,0.0089,attention,1.0,1.0000,true,0.0000
flash_attention,gpt2-sm-1k,Arke,184.6,315.4,,11.1419,ok,,false,true,0,0,0.001,0.001,ok,,31457280,3542771302,0.0089,attention,1.0,11.1419,true,10.1419
flash_attention,gpt2-md-2k,cuBLAS/cuDNN,864.9,739.3,,10.7337,ok,,false,true,0,0,0.001,0.001,ok,,150994944,3542771302,0.0426,attention,1.0,10.7337,true,9.7337
flash_attention,gpt2-md-2k,PyTorch-eager,9283.6,9832.4,,1.0000,ok,,false,true,0,0,0.001,0.001,ok,,150994944,3542771302,0.0426,attention,1.0,1.0000,true,0.0000
flash_attention,gpt2-md-2k,Arke,876.9,753.7,,10.5868,ok,,false,true,0,0,0.001,0.001,ok,,150994944,3542771302,0.0426,attention,1.0,10.5868,true,9.5868
flash_attention,llama2-7b-512,cuBLAS/cuDNN,321.6,366.6,,6.4098,ok,,false,true,0,0,0.001,0.001,ok,,33554432,3542771302,0.0095,attention,1.0,6.4098,true,5.4098
flash_attention,llama2-7b-512,PyTorch-eager,2061.4,2415.6,,1.0000,ok,,false,true,0,0,0.001,0.001,ok,,33554432,3542771302,0.0095,attention,1.0,1.0000,true,0.0000
flash_attention,llama2-7b-512,Arke,356.9,421.8,,5.7758,ok,,false,true,0,0,0.001,0.001,ok,,33554432,3542771302,0.0095,attention,1.0,5.7758,true,4.7758
flash_attention,llama2-7b-2k,cuBLAS/cuDNN,1884.3,1849.3,,12.9741,ok,,false,true,0,0,0.001,0.001,ok,,335544320,3542771302,0.0947,attention,1.0,12.9741,true,11.9741
flash_attention,llama2-7b-2k,PyTorch-eager,24447.1,24476.7,,1.0000,ok,,false,true,0,0,0.001,0.001,ok,,335544320,3542771302,0.0947,attention,1.0,1.0000,true,0.0000
flash_attention,llama2-7b-2k,Arke,1853.6,1849.2,,13.1890,ok,,false,true,0,0,0.001,0.001,ok,,335544320,3542771302,0.0947,attention,1.0,13.1890,true,12.1890
flash_attention,llama2-7b-4k,cuBLAS/cuDNN,6655.6,6459.4,,235.9790,ok,,false,true,0,0,0.001,0.001,ok,,1207959552,3542771302,0.3410,attention,1.0,235.9790,true,234.9790
flash_attention,llama2-7b-4k,PyTorch-eager,1570581.8,1496776.6,,1.0000,ok,,false,true,0,0,0.001,0.001,ok,,1207959552,3542771302,0.3410,attention,1.0,1.0000,true,0.0000
flash_attention,llama2-7b-4k,Arke,6597.7,6451.2,,238.0499,ok,,false,true,0,0,0.001,0.001,ok,,1207959552,3542771302,0.3410,attention,1.0,238.0499,true,237.0499
flash_attention,llama2-7b-batch,cuBLAS/cuDNN,896.5,827.3,,7.9254,ok,,false,true,0,0,0.001,0.001,ok,,134217728,3542771302,0.0379,attention,1.0,7.9254,true,6.9254
flash_attention,llama2-7b-batch,PyTorch-eager,7105.1,7079.7,,1.0000,ok,,false,true,0,0,0.001,0.001,ok,,134217728,3542771302,0.0379,attention,1.0,1.0000,true,0.0000
flash_attention,llama2-7b-batch,Arke,911.8,869.4,,7.7924,ok,,false,true,0,0,0.001,0.001,ok,,134217728,3542771302,0.0379,attention,1.0,7.7924,true,6.7924
flash_attention,ds-v2-512,cuBLAS/cuDNN,672.2,674.8,,10.5777,ok,,false,true,0,0,0.001,0.001,ok,,134217728,3542771302,0.0379,attention,1.0,10.5777,true,9.5777
flash_attention,ds-v2-512,PyTorch-eager,7110.3,7138.1,,1.0000,ok,,false,true,0,0,0.001,0.001,ok,,134217728,3542771302,0.0379,attention,1.0,1.0000,true,0.0000
flash_attention,ds-v2-512,Arke,632.7,707.6,,11.2380,ok,,false,true,0,0,0.001,0.001,ok,,134217728,3542771302,0.0379,attention,1.0,11.2380,true,10.2380
flash_attention,ds-v2-2k,cuBLAS/cuDNN,6979.1,6834.2,,261.4603,ok,,false,true,0,0,0.001,0.001,ok,,1342177280,3542771302,0.3788,attention,1.0,261.4603,true,260.4603
flash_attention,ds-v2-2k,PyTorch-eager,1824757.8,1769937.9,,1.0000,ok,,false,true,0,0,0.001,0.001,ok,,1342177280,3542771302,0.3788,attention,1.0,1.0000,true,0.0000
flash_attention,ds-v2-2k,Arke,7190.2,6930.4,,253.7840,ok,,false,true,0,0,0.001,0.001,ok,,1342177280,3542771302,0.3788,attention,1.0,253.7840,true,252.7840
flash_attention,ds-v2-4k,cuBLAS/cuDNN,inf,inf,,,skipped,memory preflight: estimated attention footprint 4831838208 bytes > budget 3542771302 bytes,true,,,,,,skipped,memory preflight: estimated attention footprint 4831838208 bytes > budget 3542771302 bytes,4831838208,3542771302,1.3639,attention,1.0,N/A,false,N/A
flash_attention,ds-v2-4k,PyTorch-eager,inf,inf,,,skipped,memory preflight: estimated attention footprint 4831838208 bytes > budget 3542771302 bytes,true,,,,,,skipped,memory preflight: estimated attention footprint 4831838208 bytes > budget 3542771302 bytes,4831838208,3542771302,1.3639,attention,1.0,N/A,false,N/A
flash_attention,ds-v2-4k,Arke,inf,inf,,,skipped,memory preflight: estimated attention footprint 4831838208 bytes > budget 3542771302 bytes,true,,,,,,skipped,memory preflight: estimated attention footprint 4831838208 bytes > budget 3542771302 bytes,4831838208,3542771302,1.3639,attention,1.0,N/A,false,N/A
flash_attention,ds-v2-8k,cuBLAS/cuDNN,inf,inf,,,skipped,memory preflight: estimated attention footprint 18253611008 bytes > budget 3542771302 bytes,true,,,,,,skipped,memory preflight: estimated attention footprint 18253611008 bytes > budget 3542771302 bytes,18253611008,3542771302,5.1524,attention,1.0,N/A,false,N/A
flash_attention,ds-v2-8k,PyTorch-eager,inf,inf,,,skipped,memory preflight: estimated attention footprint 18253611008 bytes > budget 3542771302 bytes,true,,,,,,skipped,memory preflight: estimated attention footprint 18253611008 bytes > budget 3542771302 bytes,18253611008,3542771302,5.1524,attention,1.0,N/A,false,N/A
flash_attention,ds-v2-8k,Arke,inf,inf,,,skipped,memory preflight: estimated attention footprint 18253611008 bytes > budget 3542771302 bytes,true,,,,,,skipped,memory preflight: estimated attention footprint 18253611008 bytes > budget 3542771302 bytes,18253611008,3542771302,5.1524,attention,1.0,N/A,false,N/A
flash_attention,ds-v2-16k,cuBLAS/cuDNN,inf,inf,,,skipped,memory preflight: estimated attention footprint 70866960384 bytes > budget 3542771302 bytes,true,,,,,,skipped,memory preflight: estimated attention footprint 70866960384 bytes > budget 3542771302 bytes,70866960384,3542771302,20.0033,attention,1.0,N/A,false,N/A
flash_attention,ds-v2-16k,PyTorch-eager,inf,inf,,,skipped,memory preflight: estimated attention footprint 70866960384 bytes > budget 3542771302 bytes,true,,,,,,skipped,memory preflight: estimated attention footprint 70866960384 bytes > budget 3542771302 bytes,70866960384,3542771302,20.0033,attention,1.0,N/A,false,N/A
flash_attention,ds-v2-16k,Arke,inf,inf,,,skipped,memory preflight: estimated attention footprint 70866960384 bytes > budget 3542771302 bytes,true,,,,,,skipped,memory preflight: estimated attention footprint 70866960384 bytes > budget 3542771302 bytes,70866960384,3542771302,20.0033,attention,1.0,N/A,false,N/A
flash_attention,ds-v3-32k,cuBLAS/cuDNN,inf,inf,,,skipped,memory preflight: estimated attention footprint 279172874240 bytes > budget 3542771302 bytes,true,,,,,,skipped,memory preflight: estimated attention footprint 279172874240 bytes > budget 3542771302 bytes,279172874240,3542771302,78.8007,attention,1.0,N/A,false,N/A
flash_attention,ds-v3-32k,PyTorch-eager,inf,inf,,,skipped,memory preflight: estimated attention footprint 279172874240 bytes > budget 3542771302 bytes,true,,,,,,skipped,memory preflight: estimated attention footprint 279172874240 bytes > budget 3542771302 bytes,279172874240,3542771302,78.8007,attention,1.0,N/A,false,N/A
flash_attention,ds-v3-32k,Arke,inf,inf,,,skipped,memory preflight: estimated attention footprint 279172874240 bytes > budget 3542771302 bytes,true,,,,,,skipped,memory preflight: estimated attention footprint 279172874240 bytes > budget 3542771302 bytes,279172874240,3542771302,78.8007,attention,1.0,N/A,false,N/A
flash_attention,ds-v3-163k,cuBLAS/cuDNN,inf,inf,,,skipped,memory preflight: estimated attention footprint 6893422510080 bytes > budget 3542771302 bytes,true,,,,,,skipped,memory preflight: estimated attention footprint 6893422510080 bytes > budget 3542771302 bytes,6893422510080,3542771302,1945.7712,attention,1.0,N/A,false,N/A
flash_attention,ds-v3-163k,PyTorch-eager,inf,inf,,,skipped,memory preflight: estimated attention footprint 6893422510080 bytes > budget 3542771302 bytes,true,,,,,,skipped,memory preflight: estimated attention footprint 6893422510080 bytes > budget 3542771302 bytes,6893422510080,3542771302,1945.7712,attention,1.0,N/A,false,N/A
flash_attention,ds-v3-163k,Arke,inf,inf,,,skipped,memory preflight: estimated attention footprint 6893422510080 bytes > budget 3542771302 bytes,true,,,,,,skipped,memory preflight: estimated attention footprint 6893422510080 bytes > budget 3542771302 bytes,6893422510080,3542771302,1945.7712,attention,1.0,N/A,false,N/A
flash_attention,ds-batch-8,cuBLAS/cuDNN,5020.6,4713.5,,143.2425,ok,,false,true,0,0,0.001,0.001,ok,,1073741824,3542771302,0.3031,attention,1.0,143.2425,true,142.2425
flash_attention,ds-batch-8,PyTorch-eager,719163.1,671047.7,,1.0000,ok,,false,true,0,0,0.001,0.001,ok,,1073741824,3542771302,0.3031,attention,1.0,1.0000,true,0.0000
flash_attention,ds-batch-8,Arke,4897.6,4855.8,,146.8399,ok,,false,true,0,0,0.001,0.001,ok,,1073741824,3542771302,0.3031,attention,1.0,146.8399,true,145.8399
fused_linear_cross_entropy,gpt2-seq128,PyTorch-eager,494.7,353.3,,1.0000,ok,,false,true,0,0,0.01,0.01,ok,,103123968,3542771302,0.0291,linear_ce,1.0,1.0000,true,0.0000
fused_linear_cross_entropy,gpt2-seq128,Arke,510.0,356.4,,0.9700,ok,,false,true,0,0,0.01,0.01,ok,,103123968,3542771302,0.0291,linear_ce,1.0,0.9700,false,-0.0300
fused_linear_cross_entropy,gpt2-seq512,PyTorch-eager,500.1,427.0,,1.0000,ok,,false,true,0,0,0.01,0.01,ok,,180911616,3542771302,0.0511,linear_ce,1.0,1.0000,true,0.0000
fused_linear_cross_entropy,gpt2-seq512,Arke,520.9,475.1,,0.9601,ok,,false,true,0,0,0.01,0.01,ok,,180911616,3542771302,0.0511,linear_ce,1.0,0.9601,false,-0.0399
fused_linear_cross_entropy,llama2-seq512,PyTorch-eager,499.6,576.4,,1.0000,ok,,false,true,0,0,0.01,0.01,ok,,331878400,3542771302,0.0937,linear_ce,1.0,1.0000,true,0.0000
fused_linear_cross_entropy,llama2-seq512,Arke,481.9,479.2,,1.0367,ok,,false,true,0,0,0.01,0.01,ok,,331878400,3542771302,0.0937,linear_ce,1.0,1.0367,true,0.0367
fused_linear_cross_entropy,llama2-seq2k,PyTorch-eager,1289.3,1286.1,,1.0000,ok,,false,true,0,0,0.01,0.01,ok,,541081600,3542771302,0.1527,linear_ce,1.0,1.0000,true,0.0000
fused_linear_cross_entropy,llama2-seq2k,Arke,772.3,915.4,,1.6694,ok,,false,true,1.52588e-05,1.52588e-05,0.01,0.01,ok,,541081600,3542771302,0.1527,linear_ce,1.0,1.6694,true,0.6694
fused_linear_cross_entropy,llama3-seq512,PyTorch-eager,477.5,672.8,,1.0000,ok,,false,true,0,0,0.01,0.01,ok,,1317539840,3542771302,0.3719,linear_ce,1.0,1.0000,true,0.0000
fused_linear_cross_entropy,llama3-seq512,Arke,500.4,458.8,,0.9542,ok,,false,true,0,0,0.01,0.01,ok,,1317539840,3542771302,0.3719,linear_ce,1.0,0.9542,false,-0.0458
gather,tiny,PyTorch-eager,57.6,43.0,,1.0000,ok,,false,true,0,0,0.001,0.001,ok,,,,,,1.0,1.0000,true,0.0000
gather,tiny,Arke,59.9,60.4,,0.9616,ok,,false,true,0,0,0.001,0.001,ok,,,,,,1.0,0.9616,false,-0.0384
gather,moe-dispatch-top2,PyTorch-eager,87.8,94.2,,1.0000,ok,,false,true,0,0,0.001,0.001,ok,,,,,,1.0,1.0000,true,0.0000
gather,moe-dispatch-top2,Arke,60.1,75.8,,1.4609,ok,,false,true,0,0,0.001,0.001,ok,,,,,,1.0,1.4609,true,0.4609
gather,moe-dispatch-top4,PyTorch-eager,88.5,142.3,,1.0000,ok,,false,true,0,0,0.001,0.001,ok,,,,,,1.0,1.0000,true,0.0000
gather,moe-dispatch-top4,Arke,56.9,66.6,,1.5554,ok,,false,true,0,0,0.001,0.001,ok,,,,,,1.0,1.5554,true,0.5554
gather,kvcache-read-256,PyTorch-eager,57.0,92.2,,1.0000,ok,,false,true,0,0,0.001,0.001,ok,,,,,,1.0,1.0000,true,0.0000
gather,kvcache-read-256,Arke,59.1,61.6,,0.9645,ok,,false,true,0,0,0.001,0.001,ok,,,,,,1.0,0.9645,false,-0.0355
gather,kvcache-read-2k,PyTorch-eager,392.7,341.0,,1.0000,ok,,false,true,0,0,0.001,0.001,ok,,,,,,1.0,1.0000,true,0.0000
gather,kvcache-read-2k,Arke,57.9,72.8,,6.7824,ok,,false,true,0,0,0.001,0.001,ok,,,,,,1.0,6.7824,true,5.7824
gather,ds-moe-top2,PyTorch-eager,118.1,163.8,,1.0000,ok,,false,true,0,0,0.001,0.001,ok,,,,,,1.0,1.0000,true,0.0000
gather,ds-moe-top2,Arke,59.2,33.8,,1.9949,ok,,false,true,0,0,0.001,0.001,ok,,,,,,1.0,1.9949,true,0.9949
gather,embed-lookup-512,PyTorch-eager,3648.6,3460.1,,1.0000,ok,,false,true,0,0,0.001,0.001,ok,,,,,,1.0,1.0000,true,0.0000
gather,embed-lookup-512,Arke,66.3,83.8,,55.0317,ok,,false,true,0,0,0.001,0.001,ok,,,,,,1.0,55.0317,true,54.0317
geglu,gpt2-sm,PyTorch-eager,39.4,4.4,,1.0000,ok,,false,true,0,0,0.001,0.001,ok,,,,,,1.0,1.0000,true,0.0000
geglu,gpt2-sm,Arke,48.5,6.1,,0.8124,ok,,false,true,0,0,0.001,0.001,ok,,,,,,1.0,0.8124,false,-0.1876
geglu,llama-7b-512,PyTorch-eager,42.0,3.1,,1.0000,ok,,false,true,0,0,0.001,0.001,ok,,,,,,1.0,1.0000,true,0.0000
geglu,llama-7b-512,Arke,50.6,76.9,,0.8300,ok,,false,true,0,0,0.001,0.001,ok,,,,,,1.0,0.8300,false,-0.1700
geglu,llama-7b-2k,PyTorch-eager,39.7,1.9,,1.0000,ok,,false,true,0,0,0.001,0.001,ok,,,,,,1.0,1.0000,true,0.0000
geglu,llama-7b-2k,Arke,49.9,83.6,,0.7956,ok,,false,true,0,0,0.001,0.001,ok,,,,,,1.0,0.7956,false,-0.2044
geglu,llama3-8b,PyTorch-eager,39.6,6.6,,1.0000,ok,,false,true,0,0,0.001,0.001,ok,,,,,,1.0,1.0000,true,0.0000
geglu,llama3-8b,Arke,45.7,3.1,,0.8665,ok,,false,true,0,0,0.001,0.001,ok,,,,,,1.0,0.8665,false,-0.1335
gelu,micro-tiny,cuBLAS/cuDNN,78.2,86.0,,1.2289,ok,,false,true,0,0,0.001,0.001,ok,,,,,,1.0,1.2289,true,0.2289
gelu,micro-tiny,Liger-Kernel,65.3,64.6,,1.4717,ok,,false,true,0.00195312,8.87672e-05,0.001,0.001,ok,,,,,,1.0,1.4717,true,0.4717
gelu,micro-tiny,PyTorch-eager,96.1,95.2,,1.0000,ok,,false,true,0,0,0.001,0.001,ok,,,,,,1.0,1.0000,true,0.0000
gelu,micro-tiny,torch.compile,267.0,259.1,,0.3599,ok,,false,true,0,0,0.001,0.001,ok,,,,,,1.0,0.3599,false,-0.6401
gelu,micro-tiny,Arke,97.3,93.2,,0.9877,ok,,false,true,0,0,0.001,0.001,ok,,,,,,1.0,0.9877,false,-0.0123
gelu,micro-tiny,FlagGems,78.2,6.1,,1.2289,ok,,false,true,0,0,0.001,0.001,ok,,,,,,1.0,1.2289,true,0.2289
gelu,micro-small,cuBLAS/cuDNN,76.4,91.1,,0.9935,ok,,false,true,0,0,0.001,0.001,ok,,,,,,1.0,0.9935,false,-0.0065
gelu,micro-small,Liger-Kernel,63.1,78.8,,1.2029,ok,,false,true,0.00195312,8.43242e-05,0.001,0.001,ok,,,,,,1.0,1.2029,true,0.2029
gelu,micro-small,PyTorch-eager,75.9,87.1,,1.0000,ok,,false,true,0,0,0.001,0.001,ok,,,,,,1.0,1.0000,true,0.0000
gelu,micro-small,torch.compile,304.1,279.6,,0.2496,ok,,false,true,5.96046e-08,1.81899e-12,0.001,0.001,ok,,,,,,1.0,0.2496,false,-0.7504
gelu,micro-small,Arke,87.3,90.1,,0.8694,ok,,false,true,0,0,0.001,0.001,ok,,,,,,1.0,0.8694,false,-0.1306
gelu,micro-small,FlagGems,79.3,7.2,,0.9571,ok,,false,true,0,0,0.001,0.001,ok,,,,,,1.0,0.9571,false,-0.0429
gelu,gpt2-hidden,cuBLAS/cuDNN,91.1,16.4,,0.8167,ok,,false,true,0,0,0.001,0.001,ok,,,,,,1.0,0.8167,false,-0.1833
gelu,gpt2-hidden,Liger-Kernel,65.6,20.5,,1.1341,ok,,false,true,0.00195312,8.51848e-05,0.001,0.001,ok,,,,,,1.0,1.1341,true,0.1341
gelu,gpt2-hidden,PyTorch-eager,74.4,15.4,,1.0000,ok,,false,true,0,0,0.001,0.001,ok,,,,,,1.0,1.0000,true,0.0000
gelu,gpt2-hidden,torch.compile,304.9,164.9,,0.2440,ok,,false,true,5.96046e-08,6.0633e-13,0.001,0.001,ok,,,,,,1.0,0.2440,false,-0.7560
gelu,gpt2-hidden,Arke,96.0,11.3,,0.7750,ok,,false,true,0,0,0.001,0.001,ok,,,,,,1.0,0.7750,false,-0.2250
gelu,gpt2-hidden,FlagGems,74.2,92.2,,1.0027,ok,,false,true,0,0,0.001,0.001,ok,,,,,,1.0,1.0027,true,0.0027
gelu,gpt2-ffn,cuBLAS/cuDNN,100.4,21.5,,0.8127,ok,,false,true,0,0,0.001,0.001,ok,,,,,,1.0,0.8127,false,-0.1873
gelu,gpt2-ffn,Liger-Kernel,76.7,28.7,,1.0639,ok,,false,true,0.00195312,8.47543e-05,0.001,0.001,ok,,,,,,1.0,1.0639,true,0.0639
gelu,gpt2-ffn,PyTorch-eager,81.6,16.4,,1.0000,ok,,false,true,0,0,0.001,0.001,ok,,,,,,1.0,1.0000,true,0.0000
gelu,gpt2-ffn,torch.compile,301.7,221.2,,0.2705,ok,,false,true,5.96046e-08,1.81899e-12,0.001,0.001,ok,,,,,,1.0,0.2705,false,-0.7295
gelu,gpt2-ffn,Arke,80.2,16.4,,1.0175,ok,,false,true,0,0,0.001,0.001,ok,,,,,,1.0,1.0175,true,0.0175
gelu,gpt2-ffn,FlagGems,70.6,11.3,,1.1558,ok,,false,true,0,0,0.001,0.001,ok,,,,,,1.0,1.1558,true,0.1558
gelu,square-1k,cuBLAS/cuDNN,76.1,97.3,,1.0972,ok,,false,true,0,0,0.001,0.001,ok,,,,,,1.0,1.0972,true,0.0972
gelu,square-1k,Liger-Kernel,65.6,74.8,,1.2729,ok,,false,true,0.00195312,8.45361e-05,0.001,0.001,ok,,,,,,1.0,1.2729,true,0.2729
gelu,square-1k,PyTorch-eager,83.5,24.6,,1.0000,ok,,false,true,0,0,0.001,0.001,ok,,,,,,1.0,1.0000,true,0.0000
gelu,square-1k,torch.compile,306.5,293.9,,0.2724,ok,,false,true,5.96046e-08,2.04636e-12,0.001,0.001,ok,,,,,,1.0,0.2724,false,-0.7276
gelu,square-1k,Arke,87.0,27.6,,0.9598,ok,,false,true,0,0,0.001,0.001,ok,,,,,,1.0,0.9598,false,-0.0402
gelu,square-1k,FlagGems,74.3,23.6,,1.1238,ok,,false,true,0,0,0.001,0.001,ok,,,,,,1.0,1.1238,true,0.1238
gelu,llama-ffn,cuBLAS/cuDNN,101.4,110.6,,1.0049,ok,,false,true,0,0,0.001,0.001,ok,,,,,,1.0,1.0049,true,0.0049
gelu,llama-ffn,Liger-Kernel,162.1,198.7,,0.6286,ok,,false,true,0.00195312,8.44685e-05,0.001,0.001,ok,,,,,,1.0,0.6286,false,-0.3714
gelu,llama-ffn,PyTorch-eager,101.9,104.4,,1.0000,ok,,false,true,0,0,0.001,0.001,ok,,,,,,1.0,1.0000,true,0.0000
gelu,llama-ffn,torch.compile,314.5,203.8,,0.3240,ok,,false,true,5.96046e-08,1.76611e-12,0.001,0.001,ok,,,,,,1.0,0.3240,false,-0.6760
gelu,llama-ffn,Arke,111.9,154.6,,0.9106,ok,,false,true,0,0,0.001,0.001,ok,,,,,,1.0,0.9106,false,-0.0894
gelu,llama-ffn,FlagGems,91.9,94.2,,1.1088,ok,,false,true,0,0,0.001,0.001,ok,,,,,,1.0,1.1088,true,0.1088
gelu,llama-hidden,cuBLAS/cuDNN,77.0,107.5,,0.9805,ok,,false,true,0,0,0.001,0.001,ok,,,,,,1.0,0.9805,false,-0.0195
gelu,llama-hidden,Liger-Kernel,83.8,50.1,,0.9010,ok,,false,true,0.00195312,8.42323e-05,0.001,0.001,ok,,,,,,1.0,0.9010,false,-0.0990
gelu,llama-hidden,PyTorch-eager,75.5,42.0,,1.0000,ok,,false,true,0,0,0.001,0.001,ok,,,,,,1.0,1.0000,true,0.0000
gelu,llama-hidden,torch.compile,299.5,98.3,,0.2521,ok,,false,true,5.96046e-08,1.73372e-12,0.001,0.001,ok,,,,,,1.0,0.2521,false,-0.7479
gelu,llama-hidden,Arke,81.8,109.6,,0.9230,ok,,false,true,0,0,0.001,0.001,ok,,,,,,1.0,0.9230,false,-0.0770
gelu,llama-hidden,FlagGems,70.8,76.8,,1.0664,ok,,false,true,0,0,0.001,0.001,ok,,,,,,1.0,1.0664,true,0.0664
gelu,llama-long,cuBLAS/cuDNN,352.1,297.0,,0.9335,ok,,false,true,0,0,0.001,0.001,ok,,,,,,1.0,0.9335,false,-0.0665
gelu,llama-long,Liger-Kernel,443.5,345.1,,0.7411,ok,,false,true,0.00195312,8.44127e-05,0.001,0.001,ok,,,,,,1.0,0.7411,false,-0.2589
gelu,llama-long,PyTorch-eager,328.7,313.3,,1.0000,ok,,false,true,0,0,0.001,0.001,ok,,,,,,1.0,1.0000,true,0.0000
gelu,llama-long,torch.compile,634.7,613.4,,0.5179,ok,,false,true,5.96046e-08,1.79057e-12,0.001,0.001,ok,,,,,,1.0,0.5179,false,-0.4821
gelu,llama-long,Arke,328.5,310.3,,1.0006,ok,,false,true,0,0,0.001,0.001,ok,,,,,,1.0,1.0006,true,0.0006
gelu,llama-long,FlagGems,287.4,288.8,,1.1437,ok,,false,true,0,0,0.001,0.001,ok,,,,,,1.0,1.1437,true,0.1437
gelu,ds-ffn,cuBLAS/cuDNN,110.3,126.0,,1.0027,ok,,false,true,0,0,0.001,0.001,ok,,,,,,1.0,1.0027,true,0.0027
gelu,ds-ffn,Liger-Kernel,158.6,212.0,,0.6974,ok,,false,true,0.00195312,8.43228e-05,0.001,0.001,ok,,,,,,1.0,0.6974,false,-0.3026
gelu,ds-ffn,PyTorch-eager,110.6,121.9,,1.0000,ok,,false,true,0,0,0.001,0.001,ok,,,,,,1.0,1.0000,true,0.0000
gelu,ds-ffn,torch.compile,288.0,337.9,,0.3840,ok,,false,true,5.96046e-08,1.68635e-12,0.001,0.001,ok,,,,,,1.0,0.3840,false,-0.6160
gelu,ds-ffn,Arke,110.9,117.8,,0.9973,ok,,false,true,0,0,0.001,0.001,ok,,,,,,1.0,0.9973,false,-0.0027
gelu,ds-ffn,FlagGems,102.1,175.1,,1.0833,ok,,false,true,0,0,0.001,0.001,ok,,,,,,1.0,1.0833,true,0.0833
gelu,ds-ffn-large,cuBLAS/cuDNN,167.6,171.0,,0.9481,ok,,false,true,0,0,0.001,0.001,ok,,,,,,1.0,0.9481,false,-0.0519
gelu,ds-ffn-large,Liger-Kernel,239.6,261.1,,0.6632,ok,,false,true,0.00195312,8.44306e-05,0.001,0.001,ok,,,,,,1.0,0.6632,false,-0.3368
gelu,ds-ffn-large,PyTorch-eager,158.9,183.3,,1.0000,ok,,false,true,0,0,0.001,0.001,ok,,,,,,1.0,1.0000,true,0.0000
gelu,ds-ffn-large,torch.compile,350.1,348.2,,0.4539,ok,,false,true,5.96046e-08,1.59793e-12,0.001,0.001,ok,,,,,,1.0,0.4539,false,-0.5461
gelu,ds-ffn-large,Arke,197.3,204.8,,0.8054,ok,,false,true,0,0,0.001,0.001,ok,,,,,,1.0,0.8054,false,-0.1946
gelu,ds-ffn-large,FlagGems,167.1,171.0,,0.9509,ok,,false,true,0,0,0.001,0.001,ok,,,,,,1.0,0.9509,false,-0.0491
gelu,qwen-ffn,cuBLAS/cuDNN,209.1,230.4,,0.8575,ok,,false,true,0,0,0.001,0.001,ok,,,,,,1.0,0.8575,false,-0.1425
gelu,qwen-ffn,Liger-Kernel,274.6,272.4,,0.6529,ok,,false,true,0.00195312,8.43611e-05,0.001,0.001,ok,,,,,,1.0,0.6529,false,-0.3471
gelu,qwen-ffn,PyTorch-eager,179.3,180.2,,1.0000,ok,,false,true,0,0,0.001,0.001,ok,,,,,,1.0,1.0000,true,0.0000
gelu,qwen-ffn,torch.compile,331.3,338.9,,0.5412,ok,,false,true,5.96046e-08,1.72067e-12,0.001,0.001,ok,,,,,,1.0,0.5412,false,-0.4588
gelu,qwen-ffn,Arke,179.2,171.0,,1.0006,ok,,false,true,0,0,0.001,0.001,ok,,,,,,1.0,1.0006,true,0.0006
gelu,qwen-ffn,FlagGems,169.8,236.5,,1.0559,ok,,false,true,0,0,0.001,0.001,ok,,,,,,1.0,1.0559,true,0.0559
gelu,xlarge,cuBLAS/cuDNN,616.5,577.5,,0.8401,ok,,false,true,0,0,0.001,0.001,ok,,,,,,1.0,0.8401,false,-0.1599
gelu,xlarge,Liger-Kernel,717.7,634.9,,0.7216,ok,,false,true,0.00195312,8.44422e-05,0.001,0.001,ok,,,,,,1.0,0.7216,false,-0.2784
gelu,xlarge,PyTorch-eager,517.9,482.3,,1.0000,ok,,false,true,0,0,0.001,0.001,ok,,,,,,1.0,1.0000,true,0.0000
gelu,xlarge,torch.compile,1081.6,996.4,,0.4788,ok,,false,true,5.96046e-08,1.71418e-12,0.001,0.001,ok,,,,,,1.0,0.4788,false,-0.5212
gelu,xlarge,Arke,540.5,454.7,,0.9582,ok,,false,true,0,0,0.001,0.001,ok,,,,,,1.0,0.9582,false,-0.0418
gelu,xlarge,FlagGems,562.4,471.0,,0.9209,ok,,false,true,0,0,0.001,0.001,ok,,,,,,1.0,0.9209,false,-0.0791
grouped_matmul,moe-tiny,PyTorch-eager,70.4,20.5,,1.0000,ok,,false,true,0,0,0.01,0.01,ok,,180224,3542771302,0.0001,dense_matmul,1.0,1.0000,true,0.0000
grouped_matmul,moe-tiny,Arke,657.9,534.5,,0.1070,ok,,false,true,0,0,0.01,0.01,ok,,180224,3542771302,0.0001,dense_matmul,1.0,0.1070,false,-0.8930
grouped_matmul,moe-small,PyTorch-eager,238.1,230.4,,1.0000,ok,,false,true,0,0,0.01,0.01,ok,,1572864,3542771302,0.0004,dense_matmul,1.0,1.0000,true,0.0000
grouped_matmul,moe-small,Arke,7796.5,1257.5,,0.0305,ok,,false,true,0,0,0.01,0.01,ok,,1572864,3542771302,0.0004,dense_matmul,1.0,0.0305,false,-0.9695
grouped_matmul,moe-medium,PyTorch-eager,455.3,355.3,,1.0000,ok,,false,true,0,0,0.01,0.01,ok,,53477376,3542771302,0.0151,dense_matmul,1.0,1.0000,true,0.0000
grouped_matmul,moe-medium,Arke,28013.0,26580.0,,0.0163,ok,,false,true,0,0,0.01,0.01,ok,,53477376,3542771302,0.0151,dense_matmul,1.0,0.0163,false,-0.9837
grouped_query_attention,llama3-8b-512,PyTorch-eager,2275.8,2657.3,,1.0000,ok,,false,true,0,0,0.001,0.001,ok,,33554432,3542771302,0.0095,attention,1.0,1.0000,true,0.0000
grouped_query_attention,llama3-8b-512,Arke,590.4,547.8,,3.8547,ok,,false,true,0,0,0.001,0.001,ok,,33554432,3542771302,0.0095,attention,1.0,3.8547,true,2.8547
grouped_query_attention,llama3-8b-2k,PyTorch-eager,25879.8,24890.3,,1.0000,ok,,false,true,0,0,0.001,0.001,ok,,335544320,3542771302,0.0947,attention,1.0,1.0000,true,0.0000
grouped_query_attention,llama3-8b-2k,Arke,2662.2,2390.0,,9.7212,ok,,false,true,0,0,0.001,0.001,ok,,335544320,3542771302,0.0947,attention,1.0,9.7212,true,8.7212
grouped_query_attention,llama3-8b-8k,PyTorch-eager,inf,inf,,,skipped,memory preflight: estimated attention footprint 4563402752 bytes > budget 3542771302 bytes,true,,,,,,skipped,memory preflight: estimated attention footprint 4563402752 bytes > budget 3542771302 bytes,4563402752,3542771302,1.2881,attention,1.0,N/A,false,N/A
grouped_query_attention,llama3-8b-8k,Arke,inf,inf,,,skipped,memory preflight: estimated attention footprint 4563402752 bytes > budget 3542771302 bytes,true,,,,,,skipped,memory preflight: estimated attention footprint 4563402752 bytes > budget 3542771302 bytes,4563402752,3542771302,1.2881,attention,1.0,N/A,false,N/A
grouped_query_attention,mistral-7b-512,PyTorch-eager,2301.7,2754.6,,1.0000,ok,,false,true,0,0,0.001,0.001,ok,,33554432,3542771302,0.0095,attention,1.0,1.0000,true,0.0000
grouped_query_attention,mistral-7b-512,Arke,492.3,565.2,,4.6754,ok,,false,true,0,0,0.001,0.001,ok,,33554432,3542771302,0.0095,attention,1.0,4.6754,true,3.6754
grouped_query_attention,qwen25-7b-512,PyTorch-eager,2049.5,2641.9,,1.0000,ok,,false,true,0,0,0.001,0.001,ok,,29360128,3542771302,0.0083,attention,1.0,1.0000,true,0.0000
grouped_query_attention,qwen25-7b-512,Arke,556.3,489.5,,3.6842,ok,,false,true,0,0,0.001,0.001,ok,,29360128,3542771302,0.0083,attention,1.0,3.6842,true,2.6842
grouped_query_attention,qwen25-7b-2k,PyTorch-eager,23041.4,22379.5,,1.0000,ok,,false,true,0,0,0.001,0.001,ok,,293601280,3542771302,0.0829,attention,1.0,1.0000,true,0.0000
grouped_query_attention,qwen25-7b-2k,Arke,2374.9,2132.0,,9.7021,ok,,false,true,0,0,0.001,0.001,ok,,293601280,3542771302,0.0829,attention,1.0,9.7021,true,8.7021
grouped_query_attention,qwen25-7b-8k,PyTorch-eager,inf,inf,,,skipped,memory preflight: estimated attention footprint 3992977408 bytes > budget 3542771302 bytes,true,,,,,,skipped,memory preflight: estimated attention footprint 3992977408 bytes > budget 3542771302 bytes,3992977408,3542771302,1.1271,attention,1.0,N/A,false,N/A
grouped_query_attention,qwen25-7b-8k,Arke,inf,inf,,,skipped,memory preflight: estimated attention footprint 3992977408 bytes > budget 3542771302 bytes,true,,,,,,skipped,memory preflight: estimated attention footprint 3992977408 bytes > budget 3542771302 bytes,3992977408,3542771302,1.1271,attention,1.0,N/A,false,N/A
grouped_query_attention,qwen25-7b-32k,PyTorch-eager,inf,inf,,,skipped,memory preflight: estimated attention footprint 61069066240 bytes > budget 3542771302 bytes,true,,,,,,skipped,memory preflight: estimated attention footprint 61069066240 bytes > budget 3542771302 bytes,61069066240,3542771302,17.2377,attention,1.0,N/A,false,N/A
grouped_query_attention,qwen25-7b-32k,Arke,inf,inf,,,skipped,memory preflight: estimated attention footprint 61069066240 bytes > budget 3542771302 bytes,true,,,,,,skipped,memory preflight: estimated attention footprint 61069066240 bytes > budget 3542771302 bytes,61069066240,3542771302,17.2377,attention,1.0,N/A,false,N/A
grouped_query_attention,ds-v2-mha-512,PyTorch-eager,7627.9,7601.1,,1.0000,ok,,false,true,0,0,0.001,0.001,ok,,134217728,3542771302,0.0379,attention,1.0,1.0000,true,0.0000
grouped_query_attention,ds-v2-mha-512,Arke,1431.7,1307.6,,5.3279,ok,,false,true,0,0,0.001,0.001,ok,,134217728,3542771302,0.0379,attention,1.0,5.3279,true,4.3279
grouped_query_attention,llama3-batch4,PyTorch-eager,7259.6,7338.0,,1.0000,ok,,false,true,0,0,0.001,0.001,ok,,134217728,3542771302,0.0379,attention,1.0,1.0000,true,0.0000
grouped_query_attention,llama3-batch4,Arke,1266.3,1215.5,,5.7329,ok,,false,true,0,0,0.001,0.001,ok,,134217728,3542771302,0.0379,attention,1.0,5.7329,true,4.7329
layernorm,gpt2-small,cuBLAS/cuDNN,58.6,65.5,,1.0239,ok,,false,true,0,0,0.005,0.005,ok,,,,,,1.0,1.0239,true,0.0239
layernorm,gpt2-small,PyTorch-eager,60.0,65.5,,1.0000,ok,,false,true,0,0,0.005,0.005,ok,,,,,,1.0,1.0000,true,0.0000
layernorm,gpt2-small,torch.compile,263.8,240.6,,0.2274,ok,,false,true,0.000488281,1.00893e-08,0.005,0.005,ok,,,,,,1.0,0.2274,false,-0.7726
layernorm,gpt2-small,Arke,351.1,337.9,,0.1709,ok,,false,true,0.00189924,0.000140737,0.005,0.005,ok,,,,,,1.0,0.1709,false,-0.8291
layernorm,gpt2-small,FlagGems,60.4,80.9,,0.9934,ok,,false,true,0,0,0.005,0.005,ok,,,,,,1.0,0.9934,false,-0.0066
layernorm,gpt2-ffn,cuBLAS/cuDNN,59.5,70.7,,1.0202,ok,,false,true,0,0,0.005,0.005,ok,,,,,,1.0,1.0202,true,0.0202
layernorm,gpt2-ffn,PyTorch-eager,60.7,52.2,,1.0000,ok,,false,true,0,0,0.005,0.005,ok,,,,,,1.0,1.0000,true,0.0000
layernorm,gpt2-ffn,torch.compile,293.4,295.9,,0.2069,ok,,false,true,0.000976562,2.25294e-08,0.005,0.005,ok,,,,,,1.0,0.2069,false,-0.7931
layernorm,gpt2-ffn,Arke,338.9,332.8,,0.1791,ok,,false,true,0.00178957,0.000140174,0.005,0.005,ok,,,,,,1.0,0.1791,false,-0.8209
layernorm,gpt2-ffn,FlagGems,60.9,80.9,,0.9967,ok,,false,true,0,0,0.005,0.005,ok,,,,,,1.0,0.9967,false,-0.0033
layernorm,gpt2-medium,cuBLAS/cuDNN,58.4,52.2,,0.9983,ok,,false,true,0,0,0.005,0.005,ok,,,,,,1.0,0.9983,false,-0.0017
layernorm,gpt2-medium,PyTorch-eager,58.3,69.6,,1.0000,ok,,false,true,0,0,0.005,0.005,ok,,,,,,1.0,1.0000,true,0.0000
layernorm,gpt2-medium,torch.compile,292.8,300.0,,0.1991,ok,,false,true,0.000976562,2.32835e-08,0.005,0.005,ok,,,,,,1.0,0.1991,false,-0.8009
layernorm,gpt2-medium,Arke,355.1,305.2,,0.1642,ok,,false,true,0.00190115,0.000139992,0.005,0.005,ok,,,,,,1.0,0.1642,false,-0.8358
layernorm,gpt2-medium,FlagGems,68.8,42.9,,0.8474,ok,,false,true,0,0,0.005,0.005,ok,,,,,,1.0,0.8474,false,-0.1526
layernorm,llama-7b,cuBLAS/cuDNN,60.5,49.2,,0.9868,ok,,false,true,0,0,0.005,0.005,ok,,,,,,1.0,0.9868,false,-0.0132
layernorm,llama-7b,PyTorch-eager,59.7,82.9,,1.0000,ok,,false,true,0,0,0.005,0.005,ok,,,,,,1.0,1.0000,true,0.0000
layernorm,llama-7b,torch.compile,286.9,241.7,,0.2081,ok,,false,true,0.000976562,1.43392e-08,0.005,0.005,ok,,,,,,1.0,0.2081,false,-0.7919
layernorm,llama-7b,Arke,355.8,308.2,,0.1678,ok,,false,true,0.00192165,0.000140752,0.005,0.005,ok,,,,,,1.0,0.1678,false,-0.8322
layernorm,llama-7b,FlagGems,56.4,80.0,,1.0585,ok,,false,true,0,0,0.005,0.005,ok,,,,,,1.0,1.0585,true,0.0585
layernorm,llama-13b,cuBLAS/cuDNN,57.7,70.7,,1.0052,ok,,false,true,0,0,0.005,0.005,ok,,,,,,1.0,1.0052,true,0.0052
layernorm,llama-13b,PyTorch-eager,58.0,70.7,,1.0000,ok,,false,true,0,0,0.005,0.005,ok,,,,,,1.0,1.0000,true,0.0000
layernorm,llama-13b,torch.compile,293.6,288.8,,0.1975,ok,,false,true,0.000976562,1.83975e-08,0.005,0.005,ok,,,,,,1.0,0.1975,false,-0.8025
layernorm,llama-13b,Arke,354.6,323.6,,0.1636,ok,,false,true,0.00193262,0.000140803,0.005,0.005,ok,,,,,,1.0,0.1636,false,-0.8364
layernorm,llama-13b,FlagGems,58.7,72.7,,0.9881,ok,,false,true,0,0,0.005,0.005,ok,,,,,,1.0,0.9881,false,-0.0119
layernorm,llama-long,cuBLAS/cuDNN,113.7,159.7,,1.0193,ok,,false,true,0,0,0.005,0.005,ok,,,,,,1.0,1.0193,true,0.0193
layernorm,llama-long,PyTorch-eager,115.9,123.9,,1.0000,ok,,false,true,0,0,0.005,0.005,ok,,,,,,1.0,1.0000,true,0.0000
layernorm,llama-long,torch.compile,463.8,503.8,,0.2499,ok,,false,true,0.00195312,1.92432e-08,0.005,0.005,ok,,,,,,1.0,0.2499,false,-0.7501
layernorm,llama-long,Arke,387.2,390.1,,0.2993,ok,,false,true,0.00194836,0.000140551,0.005,0.005,ok,,,,,,1.0,0.2993,false,-0.7007
layernorm,llama-long,FlagGems,119.9,130.0,,0.9666,ok,,false,true,0,0,0.005,0.005,ok,,,,,,1.0,0.9666,false,-0.0334
layernorm,ds-v2,cuBLAS/cuDNN,61.5,76.8,,0.9138,ok,,false,true,0,0,0.005,0.005,ok,,,,,,1.0,0.9138,false,-0.0862
layernorm,ds-v2,PyTorch-eager,56.2,66.6,,1.0000,ok,,false,true,0,0,0.005,0.005,ok,,,,,,1.0,1.0000,true,0.0000
layernorm,ds-v2,torch.compile,315.4,295.9,,0.1782,ok,,false,true,0.00195312,2.4414e-08,0.005,0.005,ok,,,,,,1.0,0.1782,false,-0.8218
layernorm,ds-v2,Arke,350.4,250.9,,0.1604,ok,,false,true,0.00194311,0.00014032,0.005,0.005,ok,,,,,,1.0,0.1604,false,-0.8396
layernorm,ds-v2,FlagGems,58.8,81.1,,0.9558,ok,,false,true,0,0,0.005,0.005,ok,,,,,,1.0,0.9558,false,-0.0442
layernorm,ds-v3,cuBLAS/cuDNN,57.6,50.2,,1.0781,ok,,false,true,0,0,0.005,0.005,ok,,,,,,1.0,1.0781,true,0.0781
layernorm,ds-v3,PyTorch-eager,62.1,66.7,,1.0000,ok,,false,true,0,0,0.005,0.005,ok,,,,,,1.0,1.0000,true,0.0000
layernorm,ds-v3,torch.compile,317.7,312.3,,0.1955,ok,,false,true,0.00195312,3.75061e-08,0.005,0.005,ok,,,,,,1.0,0.1955,false,-0.8045
layernorm,ds-v3,Arke,339.6,338.9,,0.1829,ok,,false,true,0.00181961,0.00014053,0.005,0.005,ok,,,,,,1.0,0.1829,false,-0.8171
layernorm,ds-v3,FlagGems,61.2,74.8,,1.0147,ok,,false,true,0,0,0.005,0.005,ok,,,,,,1.0,1.0147,true,0.0147
layernorm,mixtral-ffn,cuBLAS/cuDNN,58.2,79.9,,1.0378,ok,,false,true,0,0,0.005,0.005,ok,,,,,,1.0,1.0378,true,0.0378
layernorm,mixtral-ffn,PyTorch-eager,60.4,81.9,,1.0000,ok,,false,true,0,0,0.005,0.005,ok,,,,,,1.0,1.0000,true,0.0000
layernorm,mixtral-ffn,torch.compile,319.7,339.8,,0.1889,ok,,false,true,0.000976562,1.08631e-08,0.005,0.005,ok,,,,,,1.0,0.1889,false,-0.8111
layernorm,mixtral-ffn,Arke,339.0,385.0,,0.1782,ok,,false,true,0.00194693,0.00014037,0.005,0.005,ok,,,,,,1.0,0.1782,false,-0.8218
layernorm,mixtral-ffn,FlagGems,83.9,88.1,,0.7199,ok,,false,true,0,0,0.005,0.005,ok,,,,,,1.0,0.7199,false,-0.2801
matmul,tiny,cuBLAS/cuDNN,56.7,55.3,0.074,1.0000,ok,,false,true,0,0,0.01,0.01,ok,,98304,3542771302,0.0000,dense_matmul,1.0,1.0000,true,0.0000
matmul,tiny,Triton-Tutorial,66.5,63.5,0.063,0.8526,ok,,false,true,0,0,0.01,0.01,ok,,98304,3542771302,0.0000,dense_matmul,1.0,0.8526,false,-0.1474
matmul,tiny,PyTorch-eager,56.7,78.8,0.074,1.0000,ok,,false,true,0,0,0.01,0.01,ok,,98304,3542771302,0.0000,dense_matmul,1.0,1.0000,true,0.0000
matmul,tiny,torch.compile,267.6,276.5,0.016,0.2119,ok,,false,true,0,0,0.01,0.01,ok,,98304,3542771302,0.0000,dense_matmul,1.0,0.2119,false,-0.7881
matmul,tiny,Arke,60.3,70.7,0.070,0.9403,ok,,false,true,0,0,0.01,0.01,ok,,98304,3542771302,0.0000,dense_matmul,1.0,0.9403,false,-0.0597
matmul,tiny,FlagGems,55.3,39.9,0.076,1.0253,ok,,false,true,0,0,0.01,0.01,ok,,98304,3542771302,0.0000,dense_matmul,1.0,1.0253,true,0.0253
matmul,gpt2-c_proj,cuBLAS/cuDNN,65.8,69.6,2.296,0.8860,ok,,false,true,0,0,0.01,0.01,ok,,1572864,3542771302,0.0004,dense_matmul,1.0,0.8860,false,-0.1140
matmul,gpt2-c_proj,Triton-Tutorial,69.1,82.8,2.184,0.8437,ok,,false,true,0,0,0.01,0.01,ok,,1572864,3542771302,0.0004,dense_matmul,1.0,0.8437,false,-0.1563
matmul,gpt2-c_proj,PyTorch-eager,58.3,76.8,2.591,1.0000,ok,,false,true,0,0,0.01,0.01,ok,,1572864,3542771302,0.0004,dense_matmul,1.0,1.0000,true,0.0000
matmul,gpt2-c_proj,torch.compile,314.9,309.2,0.479,0.1851,ok,,false,true,0,0,0.01,0.01,ok,,1572864,3542771302,0.0004,dense_matmul,1.0,0.1851,false,-0.8149
matmul,gpt2-c_proj,Arke,62.2,63.5,2.429,0.9373,ok,,false,true,0,0,0.01,0.01,ok,,1572864,3542771302,0.0004,dense_matmul,1.0,0.9373,false,-0.0627
matmul,gpt2-c_proj,FlagGems,61.1,84.0,2.470,0.9542,ok,,false,true,0,0,0.01,0.01,ok,,1572864,3542771302,0.0004,dense_matmul,1.0,0.9542,false,-0.0458
matmul,gpt2-c_attn,cuBLAS/cuDNN,63.3,65.5,7.156,1.0047,ok,,false,true,0,0,0.01,0.01,ok,,4325376,3542771302,0.0012,dense_matmul,1.0,1.0047,true,0.0047
matmul,gpt2-c_attn,Triton-Tutorial,65.8,115.7,6.889,0.9666,ok,,false,true,0,0,0.01,0.01,ok,,4325376,3542771302,0.0012,dense_matmul,1.0,0.9666,false,-0.0334
matmul,gpt2-c_attn,PyTorch-eager,63.6,113.6,7.118,1.0000,ok,,false,true,0,0,0.01,0.01,ok,,4325376,3542771302,0.0012,dense_matmul,1.0,1.0000,true,0.0000
matmul,gpt2-c_attn,torch.compile,311.6,276.5,1.454,0.2041,ok,,false,true,0,0,0.01,0.01,ok,,4325376,3542771302,0.0012,dense_matmul,1.0,0.2041,false,-0.7959
matmul,gpt2-c_attn,Arke,65.2,99.3,6.950,0.9755,ok,,false,true,0,0,0.01,0.01,ok,,4325376,3542771302,0.0012,dense_matmul,1.0,0.9755,false,-0.0245
matmul,gpt2-c_attn,FlagGems,64.2,82.9,7.051,0.9907,ok,,false,true,0,0,0.01,0.01,ok,,4325376,3542771302,0.0012,dense_matmul,1.0,0.9907,false,-0.0093
matmul,square-1k,cuBLAS/cuDNN,221.6,214.0,9.690,0.8123,ok,,false,true,0,0,0.01,0.01,ok,,6291456,3542771302,0.0018,dense_matmul,1.0,0.8123,false,-0.1877
matmul,square-1k,Triton-Tutorial,171.6,181.2,12.511,1.0490,ok,,false,true,0,0,0.01,0.01,ok,,6291456,3542771302,0.0018,dense_matmul,1.0,1.0490,true,0.0490
matmul,square-1k,PyTorch-eager,180.0,182.3,11.930,1.0000,ok,,false,true,0,0,0.01,0.01,ok,,6291456,3542771302,0.0018,dense_matmul,1.0,1.0000,true,0.0000
matmul,square-1k,torch.compile,321.8,474.1,6.673,0.5594,ok,,false,true,0,0,0.01,0.01,ok,,6291456,3542771302,0.0018,dense_matmul,1.0,0.5594,false,-0.4406
matmul,square-1k,Arke,221.2,221.1,9.710,0.8137,ok,,false,true,0,0,0.01,0.01,ok,,6291456,3542771302,0.0018,dense_matmul,1.0,0.8137,false,-0.1863
matmul,square-1k,FlagGems,219.1,226.3,9.801,0.8215,ok,,false,true,0,0,0.01,0.01,ok,,6291456,3542771302,0.0018,dense_matmul,1.0,0.8215,false,-0.1785
matmul,square-2k,cuBLAS/cuDNN,1113.5,958.5,15.429,0.8405,ok,,false,true,0,0,0.01,0.01,ok,,25165824,3542771302,0.0071,dense_matmul,1.0,0.8405,false,-0.1595
matmul,square-2k,Triton-Tutorial,901.1,847.9,19.065,1.0386,ok,,false,true,0,0,0.01,0.01,ok,,25165824,3542771302,0.0071,dense_matmul,1.0,1.0386,true,0.0386
matmul,square-2k,PyTorch-eager,935.9,892.9,18.356,1.0000,ok,,false,true,0,0,0.01,0.01,ok,,25165824,3542771302,0.0071,dense_matmul,1.0,1.0000,true,0.0000
matmul,square-2k,torch.compile,1256.6,1130.5,13.672,0.7448,ok,,false,true,0,0,0.01,0.01,ok,,25165824,3542771302,0.0071,dense_matmul,1.0,0.7448,false,-0.2552
matmul,square-2k,Arke,993.1,942.1,17.300,0.9424,ok,,false,true,0,0,0.01,0.01,ok,,25165824,3542771302,0.0071,dense_matmul,1.0,0.9424,false,-0.0576
matmul,square-2k,FlagGems,1092.7,993.3,15.722,0.8565,ok,,false,true,0,0,0.01,0.01,ok,,25165824,3542771302,0.0071,dense_matmul,1.0,0.8565,false,-0.1435
matmul,square-4k,cuBLAS/cuDNN,6170.1,6027.3,22.275,1.0037,ok,,false,true,0,0,0.01,0.01,ok,,100663296,3542771302,0.0284,dense_matmul,1.0,1.0037,true,0.0037
matmul,square-4k,Triton-Tutorial,6060.5,5876.7,22.678,1.0218,ok,,false,true,0,0,0.01,0.01,ok,,100663296,3542771302,0.0284,dense_matmul,1.0,1.0218,true,0.0218
matmul,square-4k,PyTorch-eager,6192.9,6032.3,22.193,1.0000,ok,,false,true,0,0,0.01,0.01,ok,,100663296,3542771302,0.0284,dense_matmul,1.0,1.0000,true,0.0000
matmul,square-4k,torch.compile,6765.3,6672.4,20.315,0.9154,ok,,false,true,0,0,0.01,0.01,ok,,100663296,3542771302,0.0284,dense_matmul,1.0,0.9154,false,-0.0846
matmul,square-4k,Arke,6215.6,6038.5,22.112,0.9963,ok,,false,true,0,0,0.01,0.01,ok,,100663296,3542771302,0.0284,dense_matmul,1.0,0.9963,false,-0.0037
matmul,square-4k,FlagGems,6246.8,6112.1,22.002,0.9914,ok,,false,true,0,0,0.01,0.01,ok,,100663296,3542771302,0.0284,dense_matmul,1.0,0.9914,false,-0.0086
matmul,rect-wide,cuBLAS/cuDNN,711.4,618.4,12.074,0.6951,ok,,false,true,0,0,0.01,0.01,ok,,18874368,3542771302,0.0053,dense_matmul,1.0,0.6951,false,-0.3049
matmul,rect-wide,Triton-Tutorial,510.6,495.5,16.824,0.9685,ok,,false,true,0,0,0.01,0.01,ok,,18874368,3542771302,0.0053,dense_matmul,1.0,0.9685,false,-0.0315
matmul,rect-wide,PyTorch-eager,494.5,460.8,17.370,1.0000,ok,,false,true,0,0,0.01,0.01,ok,,18874368,3542771302,0.0053,dense_matmul,1.0,1.0000,true,0.0000
matmul,rect-wide,torch.compile,780.1,833.5,11.012,0.6339,ok,,false,true,0,0,0.01,0.01,ok,,18874368,3542771302,0.0053,dense_matmul,1.0,0.6339,false,-0.3661
matmul,rect-wide,Arke,696.8,621.6,12.328,0.7097,ok,,false,true,0,0,0.01,0.01,ok,,18874368,3542771302,0.0053,dense_matmul,1.0,0.7097,false,-0.2903
matmul,rect-wide,FlagGems,445.3,438.1,19.292,1.1105,ok,,false,true,0,0,0.01,0.01,ok,,18874368,3542771302,0.0053,dense_matmul,1.0,1.1105,true,0.1105
matmul,rect-tall,cuBLAS/cuDNN,719.3,639.9,11.941,0.7306,ok,,false,true,0,0,0.01,0.01,ok,,18874368,3542771302,0.0053,dense_matmul,1.0,0.7306,false,-0.2694
matmul,rect-tall,Triton-Tutorial,530.5,504.8,16.192,0.9906,ok,,false,true,0,0,0.01,0.01,ok,,18874368,3542771302,0.0053,dense_matmul,1.0,0.9906,false,-0.0094
matmul,rect-tall,PyTorch-eager,525.5,481.3,16.346,1.0000,ok,,false,true,0,0,0.01,0.01,ok,,18874368,3542771302,0.0053,dense_matmul,1.0,1.0000,true,0.0000
matmul,rect-tall,torch.compile,793.2,771.1,10.830,0.6625,ok,,false,true,0,0,0.01,0.01,ok,,18874368,3542771302,0.0053,dense_matmul,1.0,0.6625,false,-0.3375
matmul,rect-tall,Arke,737.0,641.0,11.656,0.7130,ok,,false,true,0,0,0.01,0.01,ok,,18874368,3542771302,0.0053,dense_matmul,1.0,0.7130,false,-0.2870
matmul,rect-tall,FlagGems,451.1,453.6,19.043,1.1649,ok,,false,true,0,0,0.01,0.01,ok,,18874368,3542771302,0.0053,dense_matmul,1.0,1.1649,true,0.1649
matmul,lm-head-gpt2,cuBLAS/cuDNN,1105.6,957.4,8.937,0.8330,ok,,false,true,0,0,0.01,0.01,ok,,90257152,3542771302,0.0255,dense_matmul,1.0,0.8330,false,-0.1670
matmul,lm-head-gpt2,Triton-Tutorial,1016.7,879.6,9.718,0.9059,ok,,false,true,0,0,0.01,0.01,ok,,90257152,3542771302,0.0255,dense_matmul,1.0,0.9059,false,-0.0941
matmul,lm-head-gpt2,PyTorch-eager,921.0,872.4,10.728,1.0000,ok,,false,true,0,0,0.01,0.01,ok,,90257152,3542771302,0.0255,dense_matmul,1.0,1.0000,true,0.0000
matmul,lm-head-gpt2,torch.compile,1471.6,1421.3,6.714,0.6258,ok,,false,true,0,0,0.01,0.01,ok,,90257152,3542771302,0.0255,dense_matmul,1.0,0.6258,false,-0.3742
matmul,lm-head-gpt2,Arke,921.5,863.2,10.723,0.9995,ok,,false,true,0,0,0.01,0.01,ok,,90257152,3542771302,0.0255,dense_matmul,1.0,0.9995,false,-0.0005
matmul,lm-head-gpt2,FlagGems,900.4,854.0,10.974,1.0229,ok,,false,true,0,0,0.01,0.01,ok,,90257152,3542771302,0.0255,dense_matmul,1.0,1.0229,true,0.0229
matmul,llama-q,cuBLAS/cuDNN,6207.0,6059.7,22.142,1.0021,ok,,false,true,0,0,0.01,0.01,ok,,100663296,3542771302,0.0284,dense_matmul,1.0,1.0021,true,0.0021
matmul,llama-q,Triton-Tutorial,6088.6,5941.2,22.573,1.0216,ok,,false,true,0,0,0.01,0.01,ok,,100663296,3542771302,0.0284,dense_matmul,1.0,1.0216,true,0.0216
matmul,llama-q,PyTorch-eager,6220.0,6109.2,22.096,1.0000,ok,,false,true,0,0,0.01,0.01,ok,,100663296,3542771302,0.0284,dense_matmul,1.0,1.0000,true,0.0000
matmul,llama-q,torch.compile,6687.2,6508.5,20.553,0.9301,ok,,false,true,0,0,0.01,0.01,ok,,100663296,3542771302,0.0284,dense_matmul,1.0,0.9301,false,-0.0699
matmul,llama-q,Arke,6226.7,6107.1,22.073,0.9989,ok,,false,true,0,0,0.01,0.01,ok,,100663296,3542771302,0.0284,dense_matmul,1.0,0.9989,false,-0.0011
matmul,llama-q,FlagGems,6252.0,6113.3,21.983,0.9949,ok,,false,true,0,0,0.01,0.01,ok,,100663296,3542771302,0.0284,dense_matmul,1.0,0.9949,false,-0.0051
matmul,llama-ffn,cuBLAS/cuDNN,16157.5,15915.0,22.860,1.0013,ok,,false,true,0,0,0.01,0.01,ok,,213909504,3542771302,0.0604,dense_matmul,1.0,1.0013,true,0.0013
matmul,llama-ffn,Triton-Tutorial,23324.3,22481.9,15.836,0.6937,ok,,false,true,0,0,0.01,0.01,ok,,213909504,3542771302,0.0604,dense_matmul,1.0,0.6937,false,-0.3063
matmul,llama-ffn,PyTorch-eager,16179.3,15987.7,22.830,1.0000,ok,,false,true,0,0,0.01,0.01,ok,,213909504,3542771302,0.0604,dense_matmul,1.0,1.0000,true,0.0000
matmul,llama-ffn,torch.compile,17008.3,16948.2,21.717,0.9513,ok,,false,true,0,0,0.01,0.01,ok,,213909504,3542771302,0.0604,dense_matmul,1.0,0.9513,false,-0.0487
matmul,llama-ffn,Arke,16170.3,15935.5,22.842,1.0006,ok,,false,true,0,0,0.01,0.01,ok,,213909504,3542771302,0.0604,dense_matmul,1.0,1.0006,true,0.0006
matmul,llama-ffn,FlagGems,16186.8,16027.6,22.819,0.9995,ok,,false,true,0,0,0.01,0.01,ok,,213909504,3542771302,0.0604,dense_matmul,1.0,0.9995,false,-0.0005
matmul,seq512,cuBLAS/cuDNN,97.8,105.5,18.531,1.0787,ok,,false,true,0,0,0.01,0.01,ok,,6684672,3542771302,0.0019,dense_matmul,1.0,1.0787,true,0.0787
matmul,seq512,Triton-Tutorial,95.3,170.0,19.016,1.1070,ok,,false,true,0,0,0.01,0.01,ok,,6684672,3542771302,0.0019,dense_matmul,1.0,1.1070,true,0.1070
matmul,seq512,PyTorch-eager,105.5,143.4,17.180,1.0000,ok,,false,true,0,0,0.01,0.01,ok,,6684672,3542771302,0.0019,dense_matmul,1.0,1.0000,true,0.0000
matmul,seq512,torch.compile,311.4,375.8,5.818,0.3388,ok,,false,true,0,0,0.01,0.01,ok,,6684672,3542771302,0.0019,dense_matmul,1.0,0.3388,false,-0.6612
matmul,seq512,Arke,188.3,187.4,9.625,0.5603,ok,,false,true,0,0,0.01,0.01,ok,,6684672,3542771302,0.0019,dense_matmul,1.0,0.5603,false,-0.4397
matmul,seq512,FlagGems,98.5,153.5,18.398,1.0711,ok,,false,true,0,0,0.01,0.01,ok,,6684672,3542771302,0.0019,dense_matmul,1.0,1.0711,true,0.0711
mul,micro-tiny,cuBLAS/cuDNN,88.4,95.2,,1.0090,ok,,false,true,0,0,0.001,0.001,ok,,,,,,1.0,1.0090,true,0.0090
mul,micro-tiny,PyTorch-eager,89.2,70.7,,1.0000,ok,,false,true,0,0,0.001,0.001,ok,,,,,,1.0,1.0000,true,0.0000
mul,micro-tiny,Arke,102.3,64.5,,0.8719,ok,,false,true,0,0,0.001,0.001,ok,,,,,,1.0,0.8719,false,-0.1281
mul,micro-tiny,FlagGems,114.0,104.4,,0.7825,ok,,false,true,0,0,0.001,0.001,ok,,,,,,1.0,0.7825,false,-0.2175
mul,micro-small,cuBLAS/cuDNN,94.2,110.6,,1.0117,ok,,false,true,0,0,0.001,0.001,ok,,,,,,1.0,1.0117,true,0.0117
mul,micro-small,PyTorch-eager,95.3,10.2,,1.0000,ok,,false,true,0,0,0.001,0.001,ok,,,,,,1.0,1.0000,true,0.0000
mul,micro-small,Arke,88.6,103.4,,1.0756,ok,,false,true,0,0,0.001,0.001,ok,,,,,,1.0,1.0756,true,0.0756
mul,micro-small,FlagGems,99.8,109.7,,0.9549,ok,,false,true,0,0,0.001,0.001,ok,,,,,,1.0,0.9549,false,-0.0451
mul,gpt2-hidden,cuBLAS/cuDNN,91.6,113.7,,0.9290,ok,,false,true,0,0,0.001,0.001,ok,,,,,,1.0,0.9290,false,-0.0710
mul,gpt2-hidden,PyTorch-eager,85.1,66.6,,1.0000,ok,,false,true,0,0,0.001,0.001,ok,,,,,,1.0,1.0000,true,0.0000
mul,gpt2-hidden,Arke,88.6,97.3,,0.9605,ok,,false,true,0,0,0.001,0.001,ok,,,,,,1.0,0.9605,false,-0.0395
mul,gpt2-hidden,FlagGems,89.9,104.5,,0.9466,ok,,false,true,0,0,0.001,0.001,ok,,,,,,1.0,0.9466,false,-0.0534
mul,gpt2-ffn,cuBLAS/cuDNN,81.4,97.3,,1.2187,ok,,false,true,0,0,0.001,0.001,ok,,,,,,1.0,1.2187,true,0.2187
mul,gpt2-ffn,PyTorch-eager,99.2,103.4,,1.0000,ok,,false,true,0,0,0.001,0.001,ok,,,,,,1.0,1.0000,true,0.0000
mul,gpt2-ffn,Arke,96.5,73.7,,1.0280,ok,,false,true,0,0,0.001,0.001,ok,,,,,,1.0,1.0280,true,0.0280
mul,gpt2-ffn,FlagGems,122.3,78.8,,0.8111,ok,,false,true,0,0,0.001,0.001,ok,,,,,,1.0,0.8111,false,-0.1889
mul,square-1k,cuBLAS/cuDNN,97.0,49.2,,1.0289,ok,,false,true,0,0,0.001,0.001,ok,,,,,,1.0,1.0289,true,0.0289
mul,square-1k,PyTorch-eager,99.8,92.2,,1.0000,ok,,false,true,0,0,0.001,0.001,ok,,,,,,1.0,1.0000,true,0.0000
mul,square-1k,Arke,99.4,110.6,,1.0040,ok,,false,true,0,0,0.001,0.001,ok,,,,,,1.0,1.0040,true,0.0040
mul,square-1k,FlagGems,84.5,78.8,,1.1811,ok,,false,true,0,0,0.001,0.001,ok,,,,,,1.0,1.1811,true,0.1811
mul,llama-ffn,cuBLAS/cuDNN,138.9,147.5,,0.8452,ok,,false,true,0,0,0.001,0.001,ok,,,,,,1.0,0.8452,false,-0.1548
mul,llama-ffn,PyTorch-eager,117.4,114.7,,1.0000,ok,,false,true,0,0,0.001,0.001,ok,,,,,,1.0,1.0000,true,0.0000
mul,llama-ffn,Arke,113.5,161.7,,1.0344,ok,,false,true,0,0,0.001,0.001,ok,,,,,,1.0,1.0344,true,0.0344
mul,llama-ffn,FlagGems,114.6,177.2,,1.0244,ok,,false,true,0,0,0.001,0.001,ok,,,,,,1.0,1.0244,true,0.0244
mul,llama-hidden,cuBLAS/cuDNN,83.5,118.8,,1.1150,ok,,false,true,0,0,0.001,0.001,ok,,,,,,1.0,1.1150,true,0.1150
mul,llama-hidden,PyTorch-eager,93.1,121.9,,1.0000,ok,,false,true,0,0,0.001,0.001,ok,,,,,,1.0,1.0000,true,0.0000
mul,llama-hidden,Arke,98.0,127.0,,0.9500,ok,,false,true,0,0,0.001,0.001,ok,,,,,,1.0,0.9500,false,-0.0500
mul,llama-hidden,FlagGems,101.0,118.8,,0.9218,ok,,false,true,0,0,0.001,0.001,ok,,,,,,1.0,0.9218,false,-0.0782
mul,llama-long,cuBLAS/cuDNN,379.3,382.0,,1.0401,ok,,false,true,0,0,0.001,0.001,ok,,,,,,1.0,1.0401,true,0.0401
mul,llama-long,PyTorch-eager,394.5,355.3,,1.0000,ok,,false,true,0,0,0.001,0.001,ok,,,,,,1.0,1.0000,true,0.0000
mul,llama-long,Arke,350.8,357.4,,1.1246,ok,,false,true,0,0,0.001,0.001,ok,,,,,,1.0,1.1246,true,0.1246
mul,llama-long,FlagGems,323.5,322.6,,1.2195,ok,,false,true,0,0,0.001,0.001,ok,,,,,,1.0,1.2195,true,0.2195
mul,ds-ffn,cuBLAS/cuDNN,128.3,155.6,,1.0522,ok,,false,true,0,0,0.001,0.001,ok,,,,,,1.0,1.0522,true,0.0522
mul,ds-ffn,PyTorch-eager,135.0,181.2,,1.0000,ok,,false,true,0,0,0.001,0.001,ok,,,,,,1.0,1.0000,true,0.0000
mul,ds-ffn,Arke,133.0,208.9,,1.0150,ok,,false,true,0,0,0.001,0.001,ok,,,,,,1.0,1.0150,true,0.0150
mul,ds-ffn,FlagGems,125.7,190.5,,1.0740,ok,,false,true,0,0,0.001,0.001,ok,,,,,,1.0,1.0740,true,0.0740
mul,ds-ffn-large,cuBLAS/cuDNN,200.6,202.8,,0.9267,ok,,false,true,0,0,0.001,0.001,ok,,,,,,1.0,0.9267,false,-0.0733
mul,ds-ffn-large,PyTorch-eager,185.9,187.4,,1.0000,ok,,false,true,0,0,0.001,0.001,ok,,,,,,1.0,1.0000,true,0.0000
mul,ds-ffn-large,Arke,184.9,209.9,,1.0054,ok,,false,true,0,0,0.001,0.001,ok,,,,,,1.0,1.0054,true,0.0054
mul,ds-ffn-large,FlagGems,183.8,200.7,,1.0114,ok,,false,true,0,0,0.001,0.001,ok,,,,,,1.0,1.0114,true,0.0114
mul,qwen-ffn,cuBLAS/cuDNN,189.8,193.3,,0.9968,ok,,false,true,0,0,0.001,0.001,ok,,,,,,1.0,0.9968,false,-0.0032
mul,qwen-ffn,PyTorch-eager,189.2,199.7,,1.0000,ok,,false,true,0,0,0.001,0.001,ok,,,,,,1.0,1.0000,true,0.0000
mul,qwen-ffn,Arke,189.6,192.5,,0.9979,ok,,false,true,0,0,0.001,0.001,ok,,,,,,1.0,0.9979,false,-0.0021
mul,qwen-ffn,FlagGems,189.2,191.5,,1.0000,ok,,false,true,0,0,0.001,0.001,ok,,,,,,1.0,1.0000,true,0.0000
mul,xlarge,cuBLAS/cuDNN,638.2,642.0,,1.0000,ok,,false,true,0,0,0.001,0.001,ok,,,,,,1.0,1.0000,true,0.0000
mul,xlarge,PyTorch-eager,638.2,638.9,,1.0000,ok,,false,true,0,0,0.001,0.001,ok,,,,,,1.0,1.0000,true,0.0000
mul,xlarge,Arke,637.2,638.0,,1.0016,ok,,false,true,0,0,0.001,0.001,ok,,,,,,1.0,1.0016,true,0.0016
mul,xlarge,FlagGems,637.3,634.9,,1.0014,ok,,false,true,0,0,0.001,0.001,ok,,,,,,1.0,1.0014,true,0.0014
multi_latent_attention,ds-v2-mla-4k,Arke,inf,inf,,,skipped,memory preflight: estimated attention footprint 4831838208 bytes > budget 3542771302 bytes,true,,,,,,skipped,memory preflight: estimated attention footprint 4831838208 bytes > budget 3542771302 bytes,4831838208,3542771302,1.3639,attention,1.0,N/A,false,N/A
multi_latent_attention,ds-v2-mla-8k,Arke,inf,inf,,,skipped,memory preflight: estimated attention footprint 18253611008 bytes > budget 3542771302 bytes,true,,,,,,skipped,memory preflight: estimated attention footprint 18253611008 bytes > budget 3542771302 bytes,18253611008,3542771302,5.1524,attention,1.0,N/A,false,N/A
multi_latent_attention,ds-v3-mla-4k,Arke,inf,inf,,,skipped,memory preflight: estimated attention footprint 4831838208 bytes > budget 3542771302 bytes,true,,,,,,skipped,memory preflight: estimated attention footprint 4831838208 bytes > budget 3542771302 bytes,4831838208,3542771302,1.3639,attention,1.0,N/A,false,N/A
multi_latent_attention,ds-v3-mla-8k,Arke,inf,inf,,,skipped,memory preflight: estimated attention footprint 18253611008 bytes > budget 3542771302 bytes,true,,,,,,skipped,memory preflight: estimated attention footprint 18253611008 bytes > budget 3542771302 bytes,18253611008,3542771302,5.1524,attention,1.0,N/A,false,N/A
neg,micro-tiny,cuBLAS/cuDNN,86.4,82.9,,0.8912,ok,,false,true,0,0,0.001,0.001,ok,,,,,,1.0,0.8912,false,-0.1088
neg,micro-tiny,PyTorch-eager,77.0,93.2,,1.0000,ok,,false,true,0,0,0.001,0.001,ok,,,,,,1.0,1.0000,true,0.0000
neg,micro-tiny,Arke,83.2,93.3,,0.9255,ok,,false,true,0,0,0.001,0.001,ok,,,,,,1.0,0.9255,false,-0.0745
neg,micro-tiny,FlagGems,88.1,65.5,,0.8740,ok,,false,true,0,0,0.001,0.001,ok,,,,,,1.0,0.8740,false,-0.1260
neg,micro-small,cuBLAS/cuDNN,77.6,88.1,,0.9716,ok,,false,true,0,0,0.001,0.001,ok,,,,,,1.0,0.9716,false,-0.0284
neg,micro-small,PyTorch-eager,75.4,95.2,,1.0000,ok,,false,true,0,0,0.001,0.001,ok,,,,,,1.0,1.0000,true,0.0000
neg,micro-small,Arke,93.1,94.2,,0.8099,ok,,false,true,0,0,0.001,0.001,ok,,,,,,1.0,0.8099,false,-0.1901
neg,micro-small,FlagGems,104.2,99.4,,0.7236,ok,,false,true,0,0,0.001,0.001,ok,,,,,,1.0,0.7236,false,-0.2764
neg,gpt2-hidden,cuBLAS/cuDNN,89.7,35.8,,0.8517,ok,,false,true,0,0,0.001,0.001,ok,,,,,,1.0,0.8517,false,-0.1483
neg,gpt2-hidden,PyTorch-eager,76.4,76.8,,1.0000,ok,,false,true,0,0,0.001,0.001,ok,,,,,,1.0,1.0000,true,0.0000
neg,gpt2-hidden,Arke,92.7,68.6,,0.8242,ok,,false,true,0,0,0.001,0.001,ok,,,,,,1.0,0.8242,false,-0.1758
neg,gpt2-hidden,FlagGems,76.1,96.3,,1.0039,ok,,false,true,0,0,0.001,0.001,ok,,,,,,1.0,1.0039,true,0.0039
neg,gpt2-ffn,cuBLAS/cuDNN,77.9,16.4,,0.9499,ok,,false,true,0,0,0.001,0.001,ok,,,,,,1.0,0.9499,false,-0.0501
neg,gpt2-ffn,PyTorch-eager,74.0,84.0,,1.0000,ok,,false,true,0,0,0.001,0.001,ok,,,,,,1.0,1.0000,true,0.0000
neg,gpt2-ffn,Arke,76.6,97.3,,0.9661,ok,,false,true,0,0,0.001,0.001,ok,,,,,,1.0,0.9661,false,-0.0339
neg,gpt2-ffn,FlagGems,74.2,63.5,,0.9973,ok,,false,true,0,0,0.001,0.001,ok,,,,,,1.0,0.9973,false,-0.0027
neg,square-1k,cuBLAS/cuDNN,72.7,90.2,,1.0234,ok,,false,true,0,0,0.001,0.001,ok,,,,,,1.0,1.0234,true,0.0234
neg,square-1k,PyTorch-eager,74.4,67.6,,1.0000,ok,,false,true,0,0,0.001,0.001,ok,,,,,,1.0,1.0000,true,0.0000
neg,square-1k,Arke,80.6,78.8,,0.9231,ok,,false,true,0,0,0.001,0.001,ok,,,,,,1.0,0.9231,false,-0.0769
neg,square-1k,FlagGems,76.2,19.5,,0.9764,ok,,false,true,0,0,0.001,0.001,ok,,,,,,1.0,0.9764,false,-0.0236
neg,llama-ffn,cuBLAS/cuDNN,86.2,135.1,,0.9316,ok,,false,true,0,0,0.001,0.001,ok,,,,,,1.0,0.9316,false,-0.0684
neg,llama-ffn,PyTorch-eager,80.3,143.4,,1.0000,ok,,false,true,0,0,0.001,0.001,ok,,,,,,1.0,1.0000,true,0.0000
neg,llama-ffn,Arke,77.1,137.2,,1.0415,ok,,false,true,0,0,0.001,0.001,ok,,,,,,1.0,1.0415,true,0.0415
neg,llama-ffn,FlagGems,76.7,138.2,,1.0469,ok,,false,true,0,0,0.001,0.001,ok,,,,,,1.0,1.0469,true,0.0469
neg,llama-hidden,cuBLAS/cuDNN,84.1,41.0,,0.9524,ok,,false,true,0,0,0.001,0.001,ok,,,,,,1.0,0.9524,false,-0.0476
neg,llama-hidden,PyTorch-eager,80.1,99.3,,1.0000,ok,,false,true,0,0,0.001,0.001,ok,,,,,,1.0,1.0000,true,0.0000
neg,llama-hidden,Arke,75.9,104.4,,1.0553,ok,,false,true,0,0,0.001,0.001,ok,,,,,,1.0,1.0553,true,0.0553
neg,llama-hidden,FlagGems,79.2,98.3,,1.0114,ok,,false,true,0,0,0.001,0.001,ok,,,,,,1.0,1.0114,true,0.0114
neg,llama-long,cuBLAS/cuDNN,250.7,254.0,,1.0463,ok,,false,true,0,0,0.001,0.001,ok,,,,,,1.0,1.0463,true,0.0463
neg,llama-long,PyTorch-eager,262.3,288.8,,1.0000,ok,,false,true,0,0,0.001,0.001,ok,,,,,,1.0,1.0000,true,0.0000
neg,llama-long,Arke,246.9,248.8,,1.0624,ok,,false,true,0,0,0.001,0.001,ok,,,,,,1.0,1.0624,true,0.0624
neg,llama-long,FlagGems,252.9,257.0,,1.0372,ok,,false,true,0,0,0.001,0.001,ok,,,,,,1.0,1.0372,true,0.0372
neg,ds-ffn,cuBLAS/cuDNN,84.8,146.4,,1.0613,ok,,false,true,0,0,0.001,0.001,ok,,,,,,1.0,1.0613,true,0.0613
neg,ds-ffn,PyTorch-eager,90.0,148.3,,1.0000,ok,,false,true,0,0,0.001,0.001,ok,,,,,,1.0,1.0000,true,0.0000
neg,ds-ffn,Arke,85.7,152.6,,1.0502,ok,,false,true,0,0,0.001,0.001,ok,,,,,,1.0,1.0502,true,0.0502
neg,ds-ffn,FlagGems,86.0,156.7,,1.0465,ok,,false,true,0,0,0.001,0.001,ok,,,,,,1.0,1.0465,true,0.0465
neg,ds-ffn-large,cuBLAS/cuDNN,140.4,182.3,,1.0370,ok,,false,true,0,0,0.001,0.001,ok,,,,,,1.0,1.0370,true,0.0370
neg,ds-ffn-large,PyTorch-eager,145.6,181.2,,1.0000,ok,,false,true,0,0,0.001,0.001,ok,,,,,,1.0,1.0000,true,0.0000
neg,ds-ffn-large,Arke,130.0,195.6,,1.1200,ok,,false,true,0,0,0.001,0.001,ok,,,,,,1.0,1.1200,true,0.1200
neg,ds-ffn-large,FlagGems,152.8,149.5,,0.9529,ok,,false,true,0,0,0.001,0.001,ok,,,,,,1.0,0.9529,false,-0.0471
neg,qwen-ffn,cuBLAS/cuDNN,128.4,167.9,,0.9969,ok,,false,true,0,0,0.001,0.001,ok,,,,,,1.0,0.9969,false,-0.0031
neg,qwen-ffn,PyTorch-eager,128.0,175.1,,1.0000,ok,,false,true,0,0,0.001,0.001,ok,,,,,,1.0,1.0000,true,0.0000
neg,qwen-ffn,Arke,128.2,201.7,,0.9984,ok,,false,true,0,0,0.001,0.001,ok,,,,,,1.0,0.9984,false,-0.0016
neg,qwen-ffn,FlagGems,140.3,149.5,,0.9123,ok,,false,true,0,0,0.001,0.001,ok,,,,,,1.0,0.9123,false,-0.0877
neg,xlarge,cuBLAS/cuDNN,441.8,429.1,,0.9713,ok,,false,true,0,0,0.001,0.001,ok,,,,,,1.0,0.9713,false,-0.0287
neg,xlarge,PyTorch-eager,429.1,429.1,,1.0000,ok,,false,true,0,0,0.001,0.001,ok,,,,,,1.0,1.0000,true,0.0000
neg,xlarge,Arke,429.4,431.1,,0.9993,ok,,false,true,0,0,0.001,0.001,ok,,,,,,1.0,0.9993,false,-0.0007
neg,xlarge,FlagGems,486.1,458.8,,0.8827,ok,,false,true,0,0,0.001,0.001,ok,,,,,,1.0,0.8827,false,-0.1173
paged_attention,llama3-ctx8k,Arke,inf,inf,,,skipped,memory preflight: estimated attention footprint 4563402752 bytes > budget 3542771302 bytes,true,,,,,,skipped,memory preflight: estimated attention footprint 4563402752 bytes > budget 3542771302 bytes,4563402752,3542771302,1.2881,attention,1.0,N/A,false,N/A
paged_attention,qwen25-ctx32k,Arke,inf,inf,,,skipped,memory preflight: estimated attention footprint 8724152320 bytes > budget 3542771302 bytes,true,,,,,,skipped,memory preflight: estimated attention footprint 8724152320 bytes > budget 3542771302 bytes,8724152320,3542771302,2.4625,attention,1.0,N/A,false,N/A
paged_attention,vllm-batch16,Arke,inf,inf,,,skipped,memory preflight: estimated attention footprint 5368709120 bytes > budget 3542771302 bytes,true,,,,,,skipped,memory preflight: estimated attention footprint 5368709120 bytes > budget 3542771302 bytes,5368709120,3542771302,1.5154,attention,1.0,N/A,false,N/A
paged_attention,vllm-batch32-ctx4k,Arke,inf,inf,,,skipped,memory preflight: estimated attention footprint 38654705664 bytes > budget 3542771302 bytes,true,,,,,,skipped,memory preflight: estimated attention footprint 38654705664 bytes > budget 3542771302 bytes,38654705664,3542771302,10.9109,attention,1.0,N/A,false,N/A
permute,small-3d,PyTorch-eager,1.2,3.1,,1.0000,ok,,false,true,0,0,0.001,0.001,ok,,,,,,1.0,1.0000,true,0.0000
permute,gpt2-bhsd,PyTorch-eager,1.1,2.4,,1.0000,ok,,false,true,0,0,0.001,0.001,ok,,,,,,1.0,1.0000,true,0.0000
permute,gpt2-bshd,PyTorch-eager,1.3,1.8,,1.0000,ok,,false,true,0,0,0.001,0.001,ok,,,,,,1.0,1.0000,true,0.0000
permute,llama-bhsd-512,PyTorch-eager,1.3,3.7,,1.0000,ok,,false,true,0,0,0.001,0.001,ok,,,,,,1.0,1.0000,true,0.0000
permute,llama-bhsd-2k,PyTorch-eager,1.1,3.2,,1.0000,ok,,false,true,0,0,0.001,0.001,ok,,,,,,1.0,1.0000,true,0.0000
permute,llama3-gqa-512,PyTorch-eager,1.1,4.1,,1.0000,ok,,false,true,0,0,0.001,0.001,ok,,,,,,1.0,1.0000,true,0.0000
permute,llama3-kv-512,PyTorch-eager,1.3,1.9,,1.0000,ok,,false,true,0,0,0.001,0.001,ok,,,,,,1.0,1.0000,true,0.0000
permute,qwen25-q,PyTorch-eager,1.2,1.9,,1.0000,ok,,false,true,0,0,0.001,0.001,ok,,,,,,1.0,1.0000,true,0.0000
permute,qwen25-kv,PyTorch-eager,1.2,2.5,,1.0000,ok,,false,true,0,0,0.001,0.001,ok,,,,,,1.0,1.0000,true,0.0000
quantize_per_token,tiny-int8,PyTorch-eager,647.9,593.9,,1.0000,ok,,false,true,0,0,0.001,0.001,ok,,,,,,1.0,1.0000,true,0.0000
quantize_per_token,tiny-int8,Arke,706.1,87.0,,0.9176,ok,,false,true,0,0,0.001,0.001,ok,,,,,,1.0,0.9176,false,-0.0824
quantize_per_token,gpt2-int8,PyTorch-eager,697.2,565.2,,1.0000,ok,,false,true,0,0,0.001,0.001,ok,,,,,,1.0,1.0000,true,0.0000
quantize_per_token,gpt2-int8,Arke,653.7,606.2,,1.0665,ok,,false,true,0,0,0.001,0.001,ok,,,,,,1.0,1.0665,true,0.0665
quantize_per_token,llama2-int8-512,PyTorch-eager,656.3,592.9,,1.0000,ok,,false,true,0,0,0.001,0.001,ok,,,,,,1.0,1.0000,true,0.0000
quantize_per_token,llama2-int8-512,Arke,703.1,594.9,,0.9334,ok,,false,true,0,0,0.001,0.001,ok,,,,,,1.0,0.9334,false,-0.0666
quantize_per_token,llama2-fp8-512,PyTorch-eager,660.4,376.8,,1.0000,ok,,false,true,0,0,0.001,0.001,ok,,,,,,1.0,1.0000,true,0.0000
quantize_per_token,llama2-fp8-512,Arke,654.7,577.5,,1.0087,ok,,false,true,0,0,0.001,0.001,ok,,,,,,1.0,1.0087,true,0.0087
quantize_per_token,llama3-int8-512,PyTorch-eager,625.3,499.7,,1.0000,ok,,false,true,0,0,0.001,0.001,ok,,,,,,1.0,1.0000,true,0.0000
quantize_per_token,llama3-int8-512,Arke,687.7,603.1,,0.9093,ok,,false,true,0,0,0.001,0.001,ok,,,,,,1.0,0.9093,false,-0.0907
quantize_per_token,ds-v2-int8,PyTorch-eager,681.2,357.4,,1.0000,ok,,false,true,0,0,0.001,0.001,ok,,,,,,1.0,1.0000,true,0.0000
quantize_per_token,ds-v2-int8,Arke,621.0,386.0,,1.0969,ok,,false,true,0,0,0.001,0.001,ok,,,,,,1.0,1.0969,true,0.0969
quantize_per_token,ds-v3-int8,PyTorch-eager,638.1,556.0,,1.0000,ok,,false,true,0,0,0.001,0.001,ok,,,,,,1.0,1.0000,true,0.0000
quantize_per_token,ds-v3-int8,Arke,648.2,505.9,,0.9844,ok,,false,true,0,0,0.001,0.001,ok,,,,,,1.0,0.9844,false,-0.0156
quantize_per_token,qwen25-fp8,PyTorch-eager,628.8,395.3,,1.0000,ok,,false,true,0,0,0.001,0.001,ok,,,,,,1.0,1.0000,true,0.0000
quantize_per_token,qwen25-fp8,Arke,640.0,345.1,,0.9825,ok,,false,true,0,0,0.001,0.001,ok,,,,,,1.0,0.9825,false,-0.0175
reduce_max,small,cuBLAS/cuDNN,126.4,102.4,,1.0791,ok,,false,true,0,0,0.001,0.001,ok,,,,,,1.0,1.0791,true,0.0791
reduce_max,small,PyTorch-eager,136.4,141.2,,1.0000,ok,,false,true,0,0,0.001,0.001,ok,,,,,,1.0,1.0000,true,0.0000
reduce_max,small,Arke,130.9,111.6,,1.0420,ok,,false,true,0,0,0.001,0.001,ok,,,,,,1.0,1.0420,true,0.0420
reduce_max,small,FlagGems,130.9,55.3,,1.0420,ok,,false,true,0,0,0.001,0.001,ok,,,,,,1.0,1.0420,true,0.0420
reduce_max,medium,cuBLAS/cuDNN,121.2,123.9,,1.0520,ok,,false,true,0,0,0.001,0.001,ok,,,,,,1.0,1.0520,true,0.0520
reduce_max,medium,PyTorch-eager,127.5,144.4,,1.0000,ok,,false,true,0,0,0.001,0.001,ok,,,,,,1.0,1.0000,true,0.0000
reduce_max,medium,Arke,161.4,104.4,,0.7900,ok,,false,true,0,0,0.001,0.001,ok,,,,,,1.0,0.7900,false,-0.2100
reduce_max,medium,FlagGems,156.0,109.6,,0.8173,ok,,false,true,0,0,0.001,0.001,ok,,,,,,1.0,0.8173,false,-0.1827
reduce_max,large,cuBLAS/cuDNN,143.1,150.5,,0.8637,ok,,false,true,0,0,0.001,0.001,ok,,,,,,1.0,0.8637,false,-0.1363
reduce_max,large,PyTorch-eager,123.6,77.8,,1.0000,ok,,false,true,0,0,0.001,0.001,ok,,,,,,1.0,1.0000,true,0.0000
reduce_max,large,Arke,131.3,143.4,,0.9414,ok,,false,true,0,0,0.001,0.001,ok,,,,,,1.0,0.9414,false,-0.0586
reduce_max,large,FlagGems,150.5,105.5,,0.8213,ok,,false,true,0,0,0.001,0.001,ok,,,,,,1.0,0.8213,false,-0.1787
reduce_max,wide,cuBLAS/cuDNN,121.1,152.6,,1.3220,ok,,false,true,0,0,0.001,0.001,ok,,,,,,1.0,1.3220,true,0.3220
reduce_max,wide,PyTorch-eager,160.1,89.1,,1.0000,ok,,false,true,0,0,0.001,0.001,ok,,,,,,1.0,1.0000,true,0.0000
reduce_max,wide,Arke,166.9,144.4,,0.9593,ok,,false,true,0,0,0.001,0.001,ok,,,,,,1.0,0.9593,false,-0.0407
reduce_max,wide,FlagGems,158.0,144.4,,1.0133,ok,,false,true,0,0,0.001,0.001,ok,,,,,,1.0,1.0133,true,0.0133
reduce_max,llama3-wide,cuBLAS/cuDNN,156.2,153.6,,0.9712,ok,,false,true,0,0,0.001,0.001,ok,,,,,,1.0,0.9712,false,-0.0288
reduce_max,llama3-wide,PyTorch-eager,151.7,159.7,,1.0000,ok,,false,true,0,0,0.001,0.001,ok,,,,,,1.0,1.0000,true,0.0000
reduce_max,llama3-wide,Arke,154.7,207.9,,0.9806,ok,,false,true,0,0,0.001,0.001,ok,,,,,,1.0,0.9806,false,-0.0194
reduce_max,llama3-wide,FlagGems,158.3,155.6,,0.9583,ok,,false,true,0,0,0.001,0.001,ok,,,,,,1.0,0.9583,false,-0.0417
reduce_max,qwen25-wide,cuBLAS/cuDNN,176.1,235.5,,0.9841,ok,,false,true,0,0,0.001,0.001,ok,,,,,,1.0,0.9841,false,-0.0159
reduce_max,qwen25-wide,PyTorch-eager,173.3,205.8,,1.0000,ok,,false,true,0,0,0.001,0.001,ok,,,,,,1.0,1.0000,true,0.0000
reduce_max,qwen25-wide,Arke,171.0,238.6,,1.0135,ok,,false,true,0,0,0.001,0.001,ok,,,,,,1.0,1.0135,true,0.0135
reduce_max,qwen25-wide,FlagGems,178.4,188.4,,0.9714,ok,,false,true,0,0,0.001,0.001,ok,,,,,,1.0,0.9714,false,-0.0286
reduce_mean,small,cuBLAS/cuDNN,72.9,71.7,,0.8299,ok,,false,true,0,0,0.001,0.001,ok,,,,,,1.0,0.8299,false,-0.1701
reduce_mean,small,PyTorch-eager,60.5,68.7,,1.0000,ok,,false,true,0,0,0.001,0.001,ok,,,,,,1.0,1.0000,true,0.0000
reduce_mean,small,Arke,67.1,71.7,,0.9016,ok,,false,true,0,0,0.001,0.001,ok,,,,,,1.0,0.9016,false,-0.0984
reduce_mean,small,FlagGems,46.2,12.3,,1.3095,ok,,false,true,0,0,0.001,0.001,ok,,,,,,1.0,1.3095,true,0.3095
reduce_mean,medium,cuBLAS/cuDNN,46.3,59.4,,1.0734,ok,,false,true,0,0,0.001,0.001,ok,,,,,,1.0,1.0734,true,0.0734
reduce_mean,medium,PyTorch-eager,49.7,54.3,,1.0000,ok,,false,true,0,0,0.001,0.001,ok,,,,,,1.0,1.0000,true,0.0000
reduce_mean,medium,Arke,50.8,38.9,,0.9783,ok,,false,true,0,0,0.001,0.001,ok,,,,,,1.0,0.9783,false,-0.0217
reduce_mean,medium,FlagGems,48.2,63.5,,1.0311,ok,,false,true,0,0,0.001,0.001,ok,,,,,,1.0,1.0311,true,0.0311
reduce_mean,large,cuBLAS/cuDNN,50.2,55.3,,0.9880,ok,,false,true,0,0,0.001,0.001,ok,,,,,,1.0,0.9880,false,-0.0120
reduce_mean,large,PyTorch-eager,49.6,45.1,,1.0000,ok,,false,true,0,0,0.001,0.001,ok,,,,,,1.0,1.0000,true,0.0000
reduce_mean,large,Arke,65.1,34.8,,0.7619,ok,,false,true,0,0,0.001,0.001,ok,,,,,,1.0,0.7619,false,-0.2381
reduce_mean,large,FlagGems,52.4,79.9,,0.9466,ok,,false,true,0,0,0.001,0.001,ok,,,,,,1.0,0.9466,false,-0.0534
reduce_mean,wide,cuBLAS/cuDNN,50.2,74.8,,0.9721,ok,,false,true,0,0,0.001,0.001,ok,,,,,,1.0,0.9721,false,-0.0279
reduce_mean,wide,PyTorch-eager,48.8,65.5,,1.0000,ok,,false,true,0,0,0.001,0.001,ok,,,,,,1.0,1.0000,true,0.0000
reduce_mean,wide,Arke,48.9,63.5,,0.9980,ok,,false,true,0,0,0.001,0.001,ok,,,,,,1.0,0.9980,false,-0.0020
reduce_mean,wide,FlagGems,49.7,27.6,,0.9819,ok,,false,true,0,0,0.001,0.001,ok,,,,,,1.0,0.9819,false,-0.0181
reduce_mean,llama3-wide,cuBLAS/cuDNN,50.1,49.2,,1.2934,ok,,false,true,0,0,0.001,0.001,ok,,,,,,1.0,1.2934,true,0.2934
reduce_mean,llama3-wide,PyTorch-eager,64.8,72.7,,1.0000,ok,,false,true,0,0,0.001,0.001,ok,,,,,,1.0,1.0000,true,0.0000
reduce_mean,llama3-wide,Arke,56.5,30.7,,1.1469,ok,,false,true,0,0,0.001,0.001,ok,,,,,,1.0,1.1469,true,0.1469
reduce_mean,llama3-wide,FlagGems,64.6,32.7,,1.0031,ok,,false,true,0,0,0.001,0.001,ok,,,,,,1.0,1.0031,true,0.0031
reduce_mean,qwen25-wide,cuBLAS/cuDNN,55.8,71.7,,0.9427,ok,,false,true,0,0,0.001,0.001,ok,,,,,,1.0,0.9427,false,-0.0573
reduce_mean,qwen25-wide,PyTorch-eager,52.6,60.4,,1.0000,ok,,false,true,0,0,0.001,0.001,ok,,,,,,1.0,1.0000,true,0.0000
reduce_mean,qwen25-wide,Arke,76.1,71.7,,0.6912,ok,,false,true,0,0,0.001,0.001,ok,,,,,,1.0,0.6912,false,-0.3088
reduce_mean,qwen25-wide,FlagGems,53.6,64.5,,0.9813,ok,,false,true,0,0,0.001,0.001,ok,,,,,,1.0,0.9813,false,-0.0187
reduce_sum,small,cuBLAS/cuDNN,49.5,68.6,,1.3273,ok,,false,true,0,0,0.001,0.001,ok,,,,,,1.0,1.3273,true,0.3273
reduce_sum,small,PyTorch-eager,65.7,56.3,,1.0000,ok,,false,true,0,0,0.001,0.001,ok,,,,,,1.0,1.0000,true,0.0000
reduce_sum,small,Arke,49.8,66.6,,1.3193,ok,,false,true,0,0,0.001,0.001,ok,,,,,,1.0,1.3193,true,0.3193
reduce_sum,small,FlagGems,49.3,59.4,,1.3327,ok,,false,true,0,0,0.001,0.001,ok,,,,,,1.0,1.3327,true,0.3327
reduce_sum,medium,cuBLAS/cuDNN,54.1,71.7,,1.0776,ok,,false,true,0,0,0.001,0.001,ok,,,,,,1.0,1.0776,true,0.0776
reduce_sum,medium,PyTorch-eager,58.3,56.3,,1.0000,ok,,false,true,0,0,0.001,0.001,ok,,,,,,1.0,1.0000,true,0.0000
reduce_sum,medium,Arke,58.8,56.3,,0.9915,ok,,false,true,0,0,0.001,0.001,ok,,,,,,1.0,0.9915,false,-0.0085
reduce_sum,medium,FlagGems,46.0,39.9,,1.2674,ok,,false,true,0,0,0.001,0.001,ok,,,,,,1.0,1.2674,true,0.2674
reduce_sum,large,cuBLAS/cuDNN,90.2,33.8,,0.6364,ok,,false,true,0,0,0.001,0.001,ok,,,,,,1.0,0.6364,false,-0.3636
reduce_sum,large,PyTorch-eager,57.4,66.6,,1.0000,ok,,false,true,0,0,0.001,0.001,ok,,,,,,1.0,1.0000,true,0.0000
reduce_sum,large,Arke,62.7,78.8,,0.9155,ok,,false,true,0,0,0.001,0.001,ok,,,,,,1.0,0.9155,false,-0.0845
reduce_sum,large,FlagGems,46.5,61.4,,1.2344,ok,,false,true,0,0,0.001,0.001,ok,,,,,,1.0,1.2344,true,0.2344
reduce_sum,wide,cuBLAS/cuDNN,80.9,75.8,,0.5933,ok,,false,true,0,0,0.001,0.001,ok,,,,,,1.0,0.5933,false,-0.4067
reduce_sum,wide,PyTorch-eager,48.0,67.6,,1.0000,ok,,false,true,0,0,0.001,0.001,ok,,,,,,1.0,1.0000,true,0.0000
reduce_sum,wide,Arke,66.1,16.4,,0.7262,ok,,false,true,0,0,0.001,0.001,ok,,,,,,1.0,0.7262,false,-0.2738
reduce_sum,wide,FlagGems,51.1,65.5,,0.9393,ok,,false,true,0,0,0.001,0.001,ok,,,,,,1.0,0.9393,false,-0.0607
reduce_sum,llama3-wide,cuBLAS/cuDNN,55.3,62.5,,0.9222,ok,,false,true,0,0,0.001,0.001,ok,,,,,,1.0,0.9222,false,-0.0778
reduce_sum,llama3-wide,PyTorch-eager,51.0,55.3,,1.0000,ok,,false,true,0,0,0.001,0.001,ok,,,,,,1.0,1.0000,true,0.0000
reduce_sum,llama3-wide,Arke,50.1,30.7,,1.0180,ok,,false,true,0,0,0.001,0.001,ok,,,,,,1.0,1.0180,true,0.0180
reduce_sum,llama3-wide,FlagGems,74.5,72.7,,0.6846,ok,,false,true,0,0,0.001,0.001,ok,,,,,,1.0,0.6846,false,-0.3154
reduce_sum,qwen25-wide,cuBLAS/cuDNN,58.1,68.6,,0.9071,ok,,false,true,0,0,0.001,0.001,ok,,,,,,1.0,0.9071,false,-0.0929
reduce_sum,qwen25-wide,PyTorch-eager,52.7,54.3,,1.0000,ok,,false,true,0,0,0.001,0.001,ok,,,,,,1.0,1.0000,true,0.0000
reduce_sum,qwen25-wide,Arke,57.6,25.5,,0.9149,ok,,false,true,0,0,0.001,0.001,ok,,,,,,1.0,0.9149,false,-0.0851
reduce_sum,qwen25-wide,FlagGems,67.9,52.1,,0.7761,ok,,false,true,0,0,0.001,0.001,ok,,,,,,1.0,0.7761,false,-0.2239
relu,micro-tiny,cuBLAS/cuDNN,11.5,7.2,,1.0522,ok,,false,true,0,0,0.001,0.001,ok,,,,,,1.0,1.0522,true,0.0522
relu,micro-tiny,PyTorch-eager,12.1,5.1,,1.0000,ok,,false,true,0,0,0.001,0.001,ok,,,,,,1.0,1.0000,true,0.0000
relu,micro-tiny,torch.compile,102.8,125.8,,0.1177,ok,,false,true,0,0,0.001,0.001,ok,,,,,,1.0,0.1177,false,-0.8823
relu,micro-tiny,Arke,14.9,7.2,,0.8121,ok,,false,true,0,0,0.001,0.001,ok,,,,,,1.0,0.8121,false,-0.1879
relu,micro-tiny,FlagGems,75.8,82.9,,0.1596,ok,,false,true,0,0,0.001,0.001,ok,,,,,,1.0,0.1596,false,-0.8404
relu,micro-small,cuBLAS/cuDNN,12.0,9.2,,1.0833,ok,,false,true,0,0,0.001,0.001,ok,,,,,,1.0,1.0833,true,0.0833
relu,micro-small,PyTorch-eager,13.0,10.2,,1.0000,ok,,false,true,0,0,0.001,0.001,ok,,,,,,1.0,1.0000,true,0.0000
relu,micro-small,torch.compile,134.0,156.5,,0.0970,ok,,false,true,0,0,0.001,0.001,ok,,,,,,1.0,0.0970,false,-0.9030
relu,micro-small,Arke,12.4,16.4,,1.0484,ok,,false,true,0,0,0.001,0.001,ok,,,,,,1.0,1.0484,true,0.0484
relu,micro-small,FlagGems,73.9,73.7,,0.1759,ok,,false,true,0,0,0.001,0.001,ok,,,,,,1.0,0.1759,false,-0.8241
relu,gpt2-hidden,cuBLAS/cuDNN,11.5,7.2,,1.0522,ok,,false,true,0,0,0.001,0.001,ok,,,,,,1.0,1.0522,true,0.0522
relu,gpt2-hidden,PyTorch-eager,12.1,6.1,,1.0000,ok,,false,true,0,0,0.001,0.001,ok,,,,,,1.0,1.0000,true,0.0000
relu,gpt2-hidden,torch.compile,132.0,149.5,,0.0917,ok,,false,true,0,0,0.001,0.001,ok,,,,,,1.0,0.0917,false,-0.9083
relu,gpt2-hidden,Arke,11.8,6.1,,1.0254,ok,,false,true,0,0,0.001,0.001,ok,,,,,,1.0,1.0254,true,0.0254
relu,gpt2-hidden,FlagGems,77.7,68.6,,0.1557,ok,,false,true,0,0,0.001,0.001,ok,,,,,,1.0,0.1557,false,-0.8443
relu,gpt2-ffn,cuBLAS/cuDNN,11.0,7.2,,1.0000,ok,,false,true,0,0,0.001,0.001,ok,,,,,,1.0,1.0000,true,0.0000
relu,gpt2-ffn,PyTorch-eager,11.0,8.1,,1.0000,ok,,false,true,0,0,0.001,0.001,ok,,,,,,1.0,1.0000,true,0.0000
relu,gpt2-ffn,torch.compile,134.8,157.7,,0.0816,ok,,false,true,0,0,0.001,0.001,ok,,,,,,1.0,0.0816,false,-0.9184
relu,gpt2-ffn,Arke,12.5,6.1,,0.8800,ok,,false,true,0,0,0.001,0.001,ok,,,,,,1.0,0.8800,false,-0.1200
relu,gpt2-ffn,FlagGems,74.8,70.7,,0.1471,ok,,false,true,0,0,0.001,0.001,ok,,,,,,1.0,0.1471,false,-0.8529
relu,square-1k,cuBLAS/cuDNN,19.5,14.3,,0.9333,ok,,false,true,0,0,0.001,0.001,ok,,,,,,1.0,0.9333,false,-0.0667
relu,square-1k,PyTorch-eager,18.2,15.2,,1.0000,ok,,false,true,0,0,0.001,0.001,ok,,,,,,1.0,1.0000,true,0.0000
relu,square-1k,torch.compile,136.7,84.9,,0.1331,ok,,false,true,0,0,0.001,0.001,ok,,,,,,1.0,0.1331,false,-0.8669
relu,square-1k,Arke,17.4,15.4,,1.0460,ok,,false,true,0,0,0.001,0.001,ok,,,,,,1.0,1.0460,true,0.0460
relu,square-1k,FlagGems,72.3,58.4,,0.2517,ok,,false,true,0,0,0.001,0.001,ok,,,,,,1.0,0.2517,false,-0.7483
relu,llama-ffn,cuBLAS/cuDNN,75.4,76.8,,1.0040,ok,,false,true,0,0,0.001,0.001,ok,,,,,,1.0,1.0040,true,0.0040
relu,llama-ffn,PyTorch-eager,75.7,77.6,,1.0000,ok,,false,true,0,0,0.001,0.001,ok,,,,,,1.0,1.0000,true,0.0000
relu,llama-ffn,torch.compile,162.5,175.1,,0.4658,ok,,false,true,0,0,0.001,0.001,ok,,,,,,1.0,0.4658,false,-0.5342
relu,llama-ffn,Arke,75.9,78.8,,0.9974,ok,,false,true,0,0,0.001,0.001,ok,,,,,,1.0,0.9974,false,-0.0026
relu,llama-ffn,FlagGems,80.3,93.2,,0.9427,ok,,false,true,0,0,0.001,0.001,ok,,,,,,1.0,0.9427,false,-0.0573
relu,llama-hidden,cuBLAS/cuDNN,31.0,31.7,,1.0065,ok,,false,true,0,0,0.001,0.001,ok,,,,,,1.0,1.0065,true,0.0065
relu,llama-hidden,PyTorch-eager,31.2,32.8,,1.0000,ok,,false,true,0,0,0.001,0.001,ok,,,,,,1.0,1.0000,true,0.0000
relu,llama-hidden,torch.compile,133.2,153.6,,0.2342,ok,,false,true,0,0,0.001,0.001,ok,,,,,,1.0,0.2342,false,-0.7658
relu,llama-hidden,Arke,31.8,33.8,,0.9811,ok,,false,true,0,0,0.001,0.001,ok,,,,,,1.0,0.9811,false,-0.0189
relu,llama-hidden,FlagGems,76.4,97.3,,0.4084,ok,,false,true,0,0,0.001,0.001,ok,,,,,,1.0,0.4084,false,-0.5916
relu,llama-long,cuBLAS/cuDNN,216.7,218.1,,1.0355,ok,,false,true,0,0,0.001,0.001,ok,,,,,,1.0,1.0355,true,0.0355
relu,llama-long,PyTorch-eager,224.4,219.1,,1.0000,ok,,false,true,0,0,0.001,0.001,ok,,,,,,1.0,1.0000,true,0.0000
relu,llama-long,torch.compile,460.2,514.0,,0.4876,ok,,false,true,0,0,0.001,0.001,ok,,,,,,1.0,0.4876,false,-0.5124
relu,llama-long,Arke,216.6,218.1,,1.0360,ok,,false,true,0,0,0.001,0.001,ok,,,,,,1.0,1.0360,true,0.0360
relu,llama-long,FlagGems,216.9,221.2,,1.0346,ok,,false,true,0,0,0.001,0.001,ok,,,,,,1.0,1.0346,true,0.0346
relu,ds-ffn,cuBLAS/cuDNN,84.3,86.0,,1.0000,ok,,false,true,0,0,0.001,0.001,ok,,,,,,1.0,1.0000,true,0.0000
relu,ds-ffn,PyTorch-eager,84.3,86.0,,1.0000,ok,,false,true,0,0,0.001,0.001,ok,,,,,,1.0,1.0000,true,0.0000
relu,ds-ffn,torch.compile,197.8,269.3,,0.4262,ok,,false,true,0,0,0.001,0.001,ok,,,,,,1.0,0.4262,false,-0.5738
relu,ds-ffn,Arke,84.9,87.0,,0.9929,ok,,false,true,0,0,0.001,0.001,ok,,,,,,1.0,0.9929,false,-0.0071
relu,ds-ffn,FlagGems,85.0,138.2,,0.9918,ok,,false,true,0,0,0.001,0.001,ok,,,,,,1.0,0.9918,false,-0.0082
relu,ds-ffn-large,cuBLAS/cuDNN,124.1,126.0,,1.0016,ok,,false,true,0,0,0.001,0.001,ok,,,,,,1.0,1.0016,true,0.0016
relu,ds-ffn-large,PyTorch-eager,124.3,126.0,,1.0000,ok,,false,true,0,0,0.001,0.001,ok,,,,,,1.0,1.0000,true,0.0000
relu,ds-ffn-large,torch.compile,266.3,318.5,,0.4668,ok,,false,true,0,0,0.001,0.001,ok,,,,,,1.0,0.4668,false,-0.5332
relu,ds-ffn-large,Arke,124.3,126.0,,1.0000,ok,,false,true,0,0,0.001,0.001,ok,,,,,,1.0,1.0000,true,0.0000
relu,ds-ffn-large,FlagGems,125.0,128.0,,0.9944,ok,,false,true,0,0,0.001,0.001,ok,,,,,,1.0,0.9944,false,-0.0056
relu,qwen-ffn,cuBLAS/cuDNN,127.9,130.0,,0.9984,ok,,false,true,0,0,0.001,0.001,ok,,,,,,1.0,0.9984,false,-0.0016
relu,qwen-ffn,PyTorch-eager,127.7,130.0,,1.0000,ok,,false,true,0,0,0.001,0.001,ok,,,,,,1.0,1.0000,true,0.0000
relu,qwen-ffn,torch.compile,272.3,324.6,,0.4690,ok,,false,true,0,0,0.001,0.001,ok,,,,,,1.0,0.4690,false,-0.5310
relu,qwen-ffn,Arke,127.5,129.0,,1.0016,ok,,false,true,0,0,0.001,0.001,ok,,,,,,1.0,1.0016,true,0.0016
relu,qwen-ffn,FlagGems,127.3,132.1,,1.0031,ok,,false,true,0,0,0.001,0.001,ok,,,,,,1.0,1.0031,true,0.0031
relu,xlarge,cuBLAS/cuDNN,428.5,430.1,,1.0000,ok,,false,true,0,0,0.001,0.001,ok,,,,,,1.0,1.0000,true,0.0000
relu,xlarge,PyTorch-eager,428.5,430.1,,1.0000,ok,,false,true,0,0,0.001,0.001,ok,,,,,,1.0,1.0000,true,0.0000
relu,xlarge,torch.compile,1009.3,921.6,,0.4246,ok,,false,true,0,0,0.001,0.001,ok,,,,,,1.0,0.4246,false,-0.5754
relu,xlarge,Arke,489.1,429.1,,0.8761,ok,,false,true,0,0,0.001,0.001,ok,,,,,,1.0,0.8761,false,-0.1239
relu,xlarge,FlagGems,429.5,429.1,,0.9977,ok,,false,true,0,0,0.001,0.001,ok,,,,,,1.0,0.9977,false,-0.0023
rmsnorm,gpt2-small,Liger-Kernel,92.1,110.7,,6.0554,ok,,false,true,0.00195312,0.000151296,0.005,0.005,ok,,,,,,1.0,6.0554,true,5.0554
rmsnorm,gpt2-small,PyTorch-eager,557.7,504.8,,1.0000,ok,,false,true,0,0,0.005,0.005,ok,,,,,,1.0,1.0000,true,0.0000
rmsnorm,gpt2-small,Arke,816.0,729.1,,0.6835,ok,,false,true,0.00295401,0.000210339,0.005,0.005,ok,,,,,,1.0,0.6835,false,-0.3165
rmsnorm,gpt2-small,FlagGems,572.3,540.7,,0.9745,ok,,false,true,0,0,0.005,0.005,ok,,,,,,1.0,0.9745,false,-0.0255
rmsnorm,gpt2-ffn,Liger-Kernel,89.5,78.8,,6.3642,ok,,false,true,0.00390625,0.000155171,0.005,0.005,ok,,,,,,1.0,6.3642,true,5.3642
rmsnorm,gpt2-ffn,PyTorch-eager,569.6,441.3,,1.0000,ok,,false,true,0,0,0.005,0.005,ok,,,,,,1.0,1.0000,true,0.0000
rmsnorm,gpt2-ffn,Arke,802.1,662.5,,0.7101,ok,,false,true,0.00281477,0.000202034,0.005,0.005,ok,,,,,,1.0,0.7101,false,-0.2899
rmsnorm,gpt2-ffn,FlagGems,616.6,522.2,,0.9238,ok,,false,true,0,0,0.005,0.005,ok,,,,,,1.0,0.9238,false,-0.0762
rmsnorm,gpt2-medium,Liger-Kernel,90.8,10.2,,6.3304,ok,,false,true,0.00390625,0.000147859,0.005,0.005,ok,,,,,,1.0,6.3304,true,5.3304
rmsnorm,gpt2-medium,PyTorch-eager,574.8,428.0,,1.0000,ok,,false,true,0,0,0.005,0.005,ok,,,,,,1.0,1.0000,true,0.0000
rmsnorm,gpt2-medium,Arke,790.2,627.7,,0.7274,ok,,false,true,0.0027349,0.000226441,0.005,0.005,ok,,,,,,1.0,0.7274,false,-0.2726
rmsnorm,gpt2-medium,FlagGems,603.3,504.8,,0.9528,ok,,false,true,0,0,0.005,0.005,ok,,,,,,1.0,0.9528,false,-0.0472
rmsnorm,llama-7b,Liger-Kernel,86.4,17.4,,6.6655,ok,,false,true,0.00390625,0.000147337,0.005,0.005,ok,,,,,,1.0,6.6655,true,5.6655
rmsnorm,llama-7b,PyTorch-eager,575.9,427.0,,1.0000,ok,,false,true,0,0,0.005,0.005,ok,,,,,,1.0,1.0000,true,0.0000
rmsnorm,llama-7b,Arke,770.3,682.0,,0.7476,ok,,false,true,0.00284028,0.000209156,0.005,0.005,ok,,,,,,1.0,0.7476,false,-0.2524
rmsnorm,llama-7b,FlagGems,597.0,418.8,,0.9647,ok,,false,true,0,0,0.005,0.005,ok,,,,,,1.0,0.9647,false,-0.0353
rmsnorm,llama-13b,Liger-Kernel,95.9,77.8,,5.9093,ok,,false,true,0.00390625,0.000143903,0.005,0.005,ok,,,,,,1.0,5.9093,true,4.9093
rmsnorm,llama-13b,PyTorch-eager,566.7,541.7,,1.0000,ok,,false,true,0,0,0.005,0.005,ok,,,,,,1.0,1.0000,true,0.0000
rmsnorm,llama-13b,Arke,940.4,729.1,,0.6026,ok,,false,true,0.00355148,0.000215522,0.005,0.005,ok,,,,,,1.0,0.6026,false,-0.3974
rmsnorm,llama-13b,FlagGems,574.6,455.7,,0.9863,ok,,false,true,0,0,0.005,0.005,ok,,,,,,1.0,0.9863,false,-0.0137
rmsnorm,llama-long,Liger-Kernel,134.4,189.4,,5.3460,ok,,false,true,0.00390625,0.000151672,0.005,0.005,ok,,,,,,1.0,5.3460,true,4.3460
rmsnorm,llama-long,PyTorch-eager,718.5,676.9,,1.0000,ok,,false,true,0,0,0.005,0.005,ok,,,,,,1.0,1.0000,true,0.0000
rmsnorm,llama-long,Arke,1281.0,1163.3,,0.5609,ok,,false,true,0.00397205,0.00020458,0.005,0.005,ok,,,,,,1.0,0.5609,false,-0.4391
rmsnorm,llama-long,FlagGems,698.4,720.9,,1.0288,ok,,false,true,0,0,0.005,0.005,ok,,,,,,1.0,1.0288,true,0.0288
rmsnorm,ds-v2,Liger-Kernel,103.6,57.3,,6.4681,ok,,false,true,0.00390625,0.00014597,0.005,0.005,ok,,,,,,1.0,6.4681,true,5.4681
rmsnorm,ds-v2,PyTorch-eager,670.1,536.6,,1.0000,ok,,false,true,0,0,0.005,0.005,ok,,,,,,1.0,1.0000,true,0.0000
rmsnorm,ds-v2,Arke,800.1,736.3,,0.8375,ok,,false,true,0.00318146,0.000209912,0.005,0.005,ok,,,,,,1.0,0.8375,false,-0.1625
rmsnorm,ds-v2,FlagGems,572.9,543.7,,1.1697,ok,,false,true,0,0,0.005,0.005,ok,,,,,,1.0,1.1697,true,0.1697
rmsnorm,ds-v3,Liger-Kernel,88.5,84.0,,7.8169,ok,,false,true,0.00390625,0.000140926,0.005,0.005,ok,,,,,,1.0,7.8169,true,6.8169
rmsnorm,ds-v3,PyTorch-eager,691.8,553.0,,1.0000,ok,,false,true,0,0,0.005,0.005,ok,,,,,,1.0,1.0000,true,0.0000
rmsnorm,ds-v3,Arke,876.2,737.3,,0.7895,ok,,false,true,0.00350714,0.000189254,0.005,0.005,ok,,,,,,1.0,0.7895,false,-0.2105
rmsnorm,ds-v3,FlagGems,582.8,485.4,,1.1870,ok,,false,true,0,0,0.005,0.005,ok,,,,,,1.0,1.1870,true,0.1870
rmsnorm,mixtral-ffn,Liger-Kernel,102.0,97.3,,5.8088,ok,,false,true,0.00390625,0.000138502,0.005,0.005,ok,,,,,,1.0,5.8088,true,4.8088
rmsnorm,mixtral-ffn,PyTorch-eager,592.5,516.1,,1.0000,ok,,false,true,0,0,0.005,0.005,ok,,,,,,1.0,1.0000,true,0.0000
rmsnorm,mixtral-ffn,Arke,815.4,746.5,,0.7266,ok,,false,true,0.00290823,0.000196981,0.005,0.005,ok,,,,,,1.0,0.7266,false,-0.2734
rmsnorm,mixtral-ffn,FlagGems,587.3,556.0,,1.0089,ok,,false,true,0,0,0.005,0.005,ok,,,,,,1.0,1.0089,true,0.0089
rmsnorm_residual,gpt2-small,PyTorch-eager,776.6,683.0,,1.0000,ok,,false,true,0,0,0.005,0.005,ok,,,,,,1.0,1.0000,true,0.0000
rmsnorm_residual,gpt2-small,Arke,1051.0,836.6,,0.7389,ok,,false,true,0.00363922,0.000235935,0.005,0.005,ok,,,,,,1.0,0.7389,false,-0.2611
rmsnorm_residual,gpt2-ffn,PyTorch-eager,927.7,582.7,,1.0000,ok,,false,true,0,0,0.005,0.005,ok,,,,,,1.0,1.0000,true,0.0000
rmsnorm_residual,gpt2-ffn,Arke,1131.3,900.1,,0.8200,ok,,false,true,0.0043025,0.000240922,0.005,0.005,ok,,,,,,1.0,0.8200,false,-0.1800
rmsnorm_residual,gpt2-medium,PyTorch-eager,828.8,613.4,,1.0000,ok,,false,true,0,0,0.005,0.005,ok,,,,,,1.0,1.0000,true,0.0000
rmsnorm_residual,gpt2-medium,Arke,1015.0,826.4,,0.8166,ok,,false,true,0.00346375,0.000240243,0.005,0.005,ok,,,,,,1.0,0.8166,false,-0.1834
rmsnorm_residual,llama-7b,PyTorch-eager,807.0,715.8,,1.0000,ok,,false,true,0,0,0.005,0.005,ok,,,,,,1.0,1.0000,true,0.0000
rmsnorm_residual,llama-7b,Arke,1049.1,868.4,,0.7692,ok,,false,true,0.00457144,0.000238163,0.005,0.005,ok,,,,,,1.0,0.7692,false,-0.2308
rmsnorm_residual,llama-13b,PyTorch-eager,865.4,709.6,,1.0000,ok,,false,true,0,0,0.005,0.005,ok,,,,,,1.0,1.0000,true,0.0000
rmsnorm_residual,llama-13b,Arke,1136.5,889.9,,0.7615,ok,,false,true,0.00386763,0.000244176,0.005,0.005,ok,,,,,,1.0,0.7615,false,-0.2385
rmsnorm_residual,llama-long,PyTorch-eager,1117.3,1015.8,,1.0000,ok,,false,true,0,0,0.005,0.005,ok,,,,,,1.0,1.0000,true,0.0000
rmsnorm_residual,llama-long,Arke,1612.1,1478.7,,0.6931,ok,,false,true,0.00454187,0.000245287,0.005,0.005,ok,,,,,,1.0,0.6931,false,-0.3069
rmsnorm_residual,ds-v2,PyTorch-eager,801.2,695.4,,1.0000,ok,,false,true,0,0,0.005,0.005,ok,,,,,,1.0,1.0000,true,0.0000
rmsnorm_residual,ds-v2,Arke,1052.0,885.8,,0.7616,ok,,false,true,0.00384903,0.000240426,0.005,0.005,ok,,,,,,1.0,0.7616,false,-0.2384
rmsnorm_residual,ds-v3,PyTorch-eager,875.5,719.9,,1.0000,ok,,false,true,0,0,0.005,0.005,ok,,,,,,1.0,1.0000,true,0.0000
rmsnorm_residual,ds-v3,Arke,1031.3,882.7,,0.8489,ok,,false,true,0.00526285,0.000250733,0.005,0.005,ok,,,,,,1.0,0.8489,false,-0.1511
rmsnorm_residual,mixtral-ffn,PyTorch-eager,753.9,709.6,,1.0000,ok,,false,true,0,0,0.005,0.005,ok,,,,,,1.0,1.0000,true,0.0000
rmsnorm_residual,mixtral-ffn,Arke,994.9,900.1,,0.7578,ok,,false,true,0.00409746,0.000238084,0.005,0.005,ok,,,,,,1.0,0.7578,false,-0.2422
rope,gpt2-sm-128,Liger-Kernel,111.2,122.8,,2.4631,ok,,false,,,,0.001,0.001,unsupported,runner Liger-Kernel does not implement run_with_inputs for rope,1179648,3542771302,0.0003,attention,1.0,2.4631,true,1.4631
rope,gpt2-sm-128,PyTorch-eager,273.9,247.9,,1.0000,ok,,false,true,0,0,0.001,0.001,ok,,1179648,3542771302,0.0003,attention,1.0,1.0000,true,0.0000
rope,gpt2-sm-128,Arke,94.3,87.0,,2.9046,ok,,false,true,0,0,0.001,0.001,ok,,1179648,3542771302,0.0003,attention,1.0,2.9046,true,1.9046
rope,gpt2-sm-512,Liger-Kernel,110.5,126.0,,2.3186,ok,,false,,,,0.001,0.001,unsupported,runner Liger-Kernel does not implement run_with_inputs for rope,9437184,3542771302,0.0027,attention,1.0,2.3186,true,1.3186
rope,gpt2-sm-512,PyTorch-eager,256.2,249.9,,1.0000,ok,,false,true,0,0,0.001,0.001,ok,,9437184,3542771302,0.0027,attention,1.0,1.0000,true,0.0000
rope,gpt2-sm-512,Arke,97.4,77.8,,2.6304,ok,,false,true,0,0,0.001,0.001,ok,,9437184,3542771302,0.0027,attention,1.0,2.6304,true,1.6304
rope,llama2-512,Liger-Kernel,135.2,143.4,,1.9061,ok,,false,,,,0.001,0.001,unsupported,runner Liger-Kernel does not implement run_with_inputs for rope,33554432,3542771302,0.0095,attention,1.0,1.9061,true,0.9061
rope,llama2-512,PyTorch-eager,257.7,359.4,,1.0000,ok,,false,true,0,0,0.001,0.001,ok,,33554432,3542771302,0.0095,attention,1.0,1.0000,true,0.0000
rope,llama2-512,Arke,191.5,178.2,,1.3457,ok,,false,true,0,0,0.001,0.001,ok,,33554432,3542771302,0.0095,attention,1.0,1.3457,true,0.3457
rope,llama2-2k,Liger-Kernel,519.3,494.6,,1.4934,ok,,false,,,,0.001,0.001,unsupported,runner Liger-Kernel does not implement run_with_inputs for rope,335544320,3542771302,0.0947,attention,1.0,1.4934,true,0.4934
rope,llama2-2k,PyTorch-eager,775.5,807.9,,1.0000,ok,,false,true,0,0,0.001,0.001,ok,,335544320,3542771302,0.0947,attention,1.0,1.0000,true,0.0000
rope,llama2-2k,Arke,732.0,639.0,,1.0594,ok,,false,true,0,0,0.001,0.001,ok,,335544320,3542771302,0.0947,attention,1.0,1.0594,true,0.0594
rope,llama3-q-512,Liger-Kernel,126.9,147.5,,2.0284,ok,,false,,,,0.001,0.001,unsupported,runner Liger-Kernel does not implement run_with_inputs for rope,33554432,3542771302,0.0095,attention,1.0,2.0284,true,1.0284
rope,llama3-q-512,PyTorch-eager,257.4,308.0,,1.0000,ok,,false,true,0,0,0.001,0.001,ok,,33554432,3542771302,0.0095,attention,1.0,1.0000,true,0.0000
rope,llama3-q-512,Arke,176.5,175.1,,1.4584,ok,,false,true,0,0,0.001,0.001,ok,,33554432,3542771302,0.0095,attention,1.0,1.4584,true,0.4584
rope,llama3-kv-512,Liger-Kernel,112.3,81.6,,2.1719,ok,,false,,,,0.001,0.001,unsupported,runner Liger-Kernel does not implement run_with_inputs for rope,8388608,3542771302,0.0024,attention,1.0,2.1719,true,1.1719
rope,llama3-kv-512,PyTorch-eager,243.9,228.1,,1.0000,ok,,false,true,0,0,0.001,0.001,ok,,8388608,3542771302,0.0024,attention,1.0,1.0000,true,0.0000
rope,llama3-kv-512,Arke,86.5,91.1,,2.8197,ok,,false,true,0,0,0.001,0.001,ok,,8388608,3542771302,0.0024,attention,1.0,2.8197,true,1.8197
rope,qwen25-q-512,Liger-Kernel,118.8,138.2,,2.0202,ok,,false,,,,0.001,0.001,unsupported,runner Liger-Kernel does not implement run_with_inputs for rope,29360128,3542771302,0.0083,attention,1.0,2.0202,true,1.0202
rope,qwen25-q-512,PyTorch-eager,240.0,318.5,,1.0000,ok,,false,true,0,0,0.001,0.001,ok,,29360128,3542771302,0.0083,attention,1.0,1.0000,true,0.0000
rope,qwen25-q-512,Arke,156.9,158.7,,1.5296,ok,,false,true,0,0,0.001,0.001,ok,,29360128,3542771302,0.0083,attention,1.0,1.5296,true,0.5296
rope,qwen25-kv-512,Liger-Kernel,108.6,118.8,,2.3168,ok,,false,,,,0.001,0.001,unsupported,runner Liger-Kernel does not implement run_with_inputs for rope,4194304,3542771302,0.0012,attention,1.0,2.3168,true,1.3168
rope,qwen25-kv-512,PyTorch-eager,251.6,245.8,,1.0000,ok,,false,true,0,0,0.001,0.001,ok,,4194304,3542771302,0.0012,attention,1.0,1.0000,true,0.0000
rope,qwen25-kv-512,Arke,89.9,70.7,,2.7987,ok,,false,true,0,0,0.001,0.001,ok,,4194304,3542771302,0.0012,attention,1.0,2.7987,true,1.7987
rope,ds-v2-512,Liger-Kernel,543.8,501.8,,1.4459,ok,,false,,,,0.001,0.001,unsupported,runner Liger-Kernel does not implement run_with_inputs for rope,134217728,3542771302,0.0379,attention,1.0,1.4459,true,0.4459
rope,ds-v2-512,PyTorch-eager,786.3,850.9,,1.0000,ok,,false,true,0,0,0.001,0.001,ok,,134217728,3542771302,0.0379,attention,1.0,1.0000,true,0.0000
rope,ds-v2-512,Arke,763.8,650.1,,1.0295,ok,,false,true,0,0,0.001,0.001,ok,,134217728,3542771302,0.0379,attention,1.0,1.0295,true,0.0295
rope,ds-v3-2k,Liger-Kernel,1882.7,1841.2,,1.4274,ok,,false,,,,0.001,0.001,unsupported,runner Liger-Kernel does not implement run_with_inputs for rope,1342177280,3542771302,0.3788,attention,1.0,1.4274,true,0.4274
rope,ds-v3-2k,PyTorch-eager,2687.3,2674.6,,1.0000,ok,,false,true,0,0,0.001,0.001,ok,,1342177280,3542771302,0.3788,attention,1.0,1.0000,true,0.0000
rope,ds-v3-2k,Arke,2427.1,2361.3,,1.1072,ok,,false,true,0,0,0.001,0.001,ok,,1342177280,3542771302,0.3788,attention,1.0,1.1072,true,0.1072
rope,llama3-8k,Liger-Kernel,inf,inf,,,skipped,memory preflight: estimated attention footprint 4563402752 bytes > budget 3542771302 bytes,true,,,,,,skipped,memory preflight: estimated attention footprint 4563402752 bytes > budget 3542771302 bytes,4563402752,3542771302,1.2881,attention,1.0,N/A,false,N/A
rope,llama3-8k,PyTorch-eager,inf,inf,,,skipped,memory preflight: estimated attention footprint 4563402752 bytes > budget 3542771302 bytes,true,,,,,,skipped,memory preflight: estimated attention footprint 4563402752 bytes > budget 3542771302 bytes,4563402752,3542771302,1.2881,attention,1.0,N/A,false,N/A
rope,llama3-8k,Arke,inf,inf,,,skipped,memory preflight: estimated attention footprint 4563402752 bytes > budget 3542771302 bytes,true,,,,,,skipped,memory preflight: estimated attention footprint 4563402752 bytes > budget 3542771302 bytes,4563402752,3542771302,1.2881,attention,1.0,N/A,false,N/A
rope,qwen25-32k,Liger-Kernel,inf,inf,,,skipped,memory preflight: estimated attention footprint 61069066240 bytes > budget 3542771302 bytes,true,,,,,,skipped,memory preflight: estimated attention footprint 61069066240 bytes > budget 3542771302 bytes,61069066240,3542771302,17.2377,attention,1.0,N/A,false,N/A
rope,qwen25-32k,PyTorch-eager,inf,inf,,,skipped,memory preflight: estimated attention footprint 61069066240 bytes > budget 3542771302 bytes,true,,,,,,skipped,memory preflight: estimated attention footprint 61069066240 bytes > budget 3542771302 bytes,61069066240,3542771302,17.2377,attention,1.0,N/A,false,N/A
rope,qwen25-32k,Arke,inf,inf,,,skipped,memory preflight: estimated attention footprint 61069066240 bytes > budget 3542771302 bytes,true,,,,,,skipped,memory preflight: estimated attention footprint 61069066240 bytes > budget 3542771302 bytes,61069066240,3542771302,17.2377,attention,1.0,N/A,false,N/A
rope,non-align-1,Liger-Kernel,114.9,118.8,,,ok,,false,,,,0.001,0.001,error,The size of tensor a (65) must match the size of tensor b (66) at non-singleton dimension 2,1277874,3542771302,0.0004,attention,1.0,,,
rope,non-align-1,PyTorch-eager,inf,inf,,,error,The size of tensor a (65) must match the size of tensor b (66) at non-singleton dimension 2,false,,,,,,error,The size of tensor a (65) must match the size of tensor b (66) at non-singleton dimension 2,1277874,3542771302,0.0004,attention,1.0,N/A,false,N/A
rope,non-align-2,Liger-Kernel,110.3,117.8,,,ok,,false,,,,0.001,0.001,error,The size of tensor a (127) must match the size of tensor b (128) at non-singleton dimension 2,16803180,3542771302,0.0047,attention,1.0,,,
rope,non-align-2,PyTorch-eager,inf,inf,,,error,The size of tensor a (127) must match the size of tensor b (128) at non-singleton dimension 2,false,,,,,,error,The size of tensor a (127) must match the size of tensor b (128) at non-singleton dimension 2,16803180,3542771302,0.0047,attention,1.0,N/A,false,N/A
rope,extreme-long,Liger-Kernel,inf,inf,,,skipped,memory preflight: estimated attention footprint 277025390592 bytes > budget 3542771302 bytes,true,,,,,,skipped,memory preflight: estimated attention footprint 277025390592 bytes > budget 3542771302 bytes,277025390592,3542771302,78.1945,attention,1.0,N/A,false,N/A
rope,extreme-long,PyTorch-eager,inf,inf,,,skipped,memory preflight: estimated attention footprint 277025390592 bytes > budget 3542771302 bytes,true,,,,,,skipped,memory preflight: estimated attention footprint 277025390592 bytes > budget 3542771302 bytes,277025390592,3542771302,78.1945,attention,1.0,N/A,false,N/A
rope,extreme-long,Arke,inf,inf,,,skipped,memory preflight: estimated attention footprint 277025390592 bytes > budget 3542771302 bytes,true,,,,,,skipped,memory preflight: estimated attention footprint 277025390592 bytes > budget 3542771302 bytes,277025390592,3542771302,78.1945,attention,1.0,N/A,false,N/A
rope,extreme-batch,Liger-Kernel,1024.6,1000.4,,1.3720,ok,,false,,,,0.001,0.001,unsupported,runner Liger-Kernel does not implement run_with_inputs for rope,268435456,3542771302,0.0758,attention,1.0,1.3720,true,0.3720
rope,extreme-batch,PyTorch-eager,1405.7,1377.1,,1.0000,ok,,false,true,0,0,0.001,0.001,ok,,268435456,3542771302,0.0758,attention,1.0,1.0000,true,0.0000
rope,extreme-batch,Arke,1208.1,1190.9,,1.1636,ok,,false,true,0,0,0.001,0.001,ok,,268435456,3542771302,0.0758,attention,1.0,1.1636,true,0.1636
rsqrt,micro-tiny,cuBLAS/cuDNN,75.8,82.9,,0.9947,ok,,false,true,0,0,0.001,0.001,ok,,,,,,1.0,0.9947,false,-0.0053
rsqrt,micro-tiny,PyTorch-eager,75.4,85.0,,1.0000,ok,,false,true,0,0,0.001,0.001,ok,,,,,,1.0,1.0000,true,0.0000
rsqrt,micro-tiny,Arke,77.2,98.3,,0.9767,ok,,false,true,0,0,0.001,0.001,ok,,,,,,1.0,0.9767,false,-0.0233
rsqrt,micro-tiny,FlagGems,92.9,64.5,,0.8116,ok,,false,true,0,0,0.001,0.001,ok,,,,,,1.0,0.8116,false,-0.1884
rsqrt,micro-small,cuBLAS/cuDNN,76.0,92.0,,0.9316,ok,,false,true,0,0,0.001,0.001,ok,,,,,,1.0,0.9316,false,-0.0684
rsqrt,micro-small,PyTorch-eager,70.8,95.2,,1.0000,ok,,false,true,0,0,0.001,0.001,ok,,,,,,1.0,1.0000,true,0.0000
rsqrt,micro-small,Arke,76.1,90.1,,0.9304,ok,,false,true,0,0,0.001,0.001,ok,,,,,,1.0,0.9304,false,-0.0696
rsqrt,micro-small,FlagGems,83.6,99.3,,0.8469,ok,,false,true,0,0,0.001,0.001,ok,,,,,,1.0,0.8469,false,-0.1531
rsqrt,gpt2-hidden,cuBLAS/cuDNN,71.8,8.2,,1.0097,ok,,false,true,0,0,0.001,0.001,ok,,,,,,1.0,1.0097,true,0.0097
rsqrt,gpt2-hidden,PyTorch-eager,72.5,88.1,,1.0000,ok,,false,true,0,0,0.001,0.001,ok,,,,,,1.0,1.0000,true,0.0000
rsqrt,gpt2-hidden,Arke,76.0,86.0,,0.9539,ok,,false,true,0,0,0.001,0.001,ok,,,,,,1.0,0.9539,false,-0.0461
rsqrt,gpt2-hidden,FlagGems,79.1,93.1,,0.9166,ok,,false,true,0,0,0.001,0.001,ok,,,,,,1.0,0.9166,false,-0.0834
rsqrt,gpt2-ffn,cuBLAS/cuDNN,72.1,92.3,,0.9861,ok,,false,true,0,0,0.001,0.001,ok,,,,,,1.0,0.9861,false,-0.0139
rsqrt,gpt2-ffn,PyTorch-eager,71.1,20.4,,1.0000,ok,,false,true,0,0,0.001,0.001,ok,,,,,,1.0,1.0000,true,0.0000
rsqrt,gpt2-ffn,Arke,77.5,20.5,,0.9174,ok,,false,true,0,0,0.001,0.001,ok,,,,,,1.0,0.9174,false,-0.0826
rsqrt,gpt2-ffn,FlagGems,82.8,91.0,,0.8587,ok,,false,true,0,0,0.001,0.001,ok,,,,,,1.0,0.8587,false,-0.1413
rsqrt,square-1k,cuBLAS/cuDNN,73.3,71.7,,0.9986,ok,,false,true,0,0,0.001,0.001,ok,,,,,,1.0,0.9986,false,-0.0014
rsqrt,square-1k,PyTorch-eager,73.2,90.1,,1.0000,ok,,false,true,0,0,0.001,0.001,ok,,,,,,1.0,1.0000,true,0.0000
rsqrt,square-1k,Arke,75.5,97.3,,0.9695,ok,,false,true,0,0,0.001,0.001,ok,,,,,,1.0,0.9695,false,-0.0305
rsqrt,square-1k,FlagGems,75.9,97.3,,0.9644,ok,,false,true,0,0,0.001,0.001,ok,,,,,,1.0,0.9644,false,-0.0356
rsqrt,llama-ffn,cuBLAS/cuDNN,81.6,129.0,,1.0355,ok,,false,true,0,0,0.001,0.001,ok,,,,,,1.0,1.0355,true,0.0355
rsqrt,llama-ffn,PyTorch-eager,84.5,135.2,,1.0000,ok,,false,true,0,0,0.001,0.001,ok,,,,,,1.0,1.0000,true,0.0000
rsqrt,llama-ffn,Arke,77.0,135.2,,1.0974,ok,,false,true,0,0,0.001,0.001,ok,,,,,,1.0,1.0974,true,0.0974
rsqrt,llama-ffn,FlagGems,78.1,140.3,,1.0819,ok,,false,true,0,0,0.001,0.001,ok,,,,,,1.0,1.0819,true,0.0819
rsqrt,llama-hidden,cuBLAS/cuDNN,70.8,92.2,,1.0169,ok,,false,true,0,0,0.001,0.001,ok,,,,,,1.0,1.0169,true,0.0169
rsqrt,llama-hidden,PyTorch-eager,72.0,96.2,,1.0000,ok,,false,true,0,0,0.001,0.001,ok,,,,,,1.0,1.0000,true,0.0000
rsqrt,llama-hidden,Arke,75.9,106.5,,0.9486,ok,,false,true,0,0,0.001,0.001,ok,,,,,,1.0,0.9486,false,-0.0514
rsqrt,llama-hidden,FlagGems,79.8,98.3,,0.9023,ok,,false,true,0,0,0.001,0.001,ok,,,,,,1.0,0.9023,false,-0.0977
rsqrt,llama-long,cuBLAS/cuDNN,217.8,226.3,,1.0289,ok,,false,true,0,0,0.001,0.001,ok,,,,,,1.0,1.0289,true,0.0289
rsqrt,llama-long,PyTorch-eager,224.1,225.3,,1.0000,ok,,false,true,0,0,0.001,0.001,ok,,,,,,1.0,1.0000,true,0.0000
rsqrt,llama-long,Arke,217.0,218.1,,1.0327,ok,,false,true,0,0,0.001,0.001,ok,,,,,,1.0,1.0327,true,0.0327
rsqrt,llama-long,FlagGems,277.1,271.3,,0.8087,ok,,false,true,0,0,0.001,0.001,ok,,,,,,1.0,0.8087,false,-0.1913
rsqrt,ds-ffn,cuBLAS/cuDNN,84.4,145.4,,1.0190,ok,,false,true,0,0,0.001,0.001,ok,,,,,,1.0,1.0190,true,0.0190
rsqrt,ds-ffn,PyTorch-eager,86.0,149.5,,1.0000,ok,,false,true,0,0,0.001,0.001,ok,,,,,,1.0,1.0000,true,0.0000
rsqrt,ds-ffn,Arke,84.5,155.6,,1.0178,ok,,false,true,0,0,0.001,0.001,ok,,,,,,1.0,1.0178,true,0.0178
rsqrt,ds-ffn,FlagGems,91.2,144.3,,0.9430,ok,,false,true,0,0,0.001,0.001,ok,,,,,,1.0,0.9430,false,-0.0570
rsqrt,ds-ffn-large,cuBLAS/cuDNN,124.0,195.5,,0.9984,ok,,false,true,0,0,0.001,0.001,ok,,,,,,1.0,0.9984,false,-0.0016
rsqrt,ds-ffn-large,PyTorch-eager,123.8,187.4,,1.0000,ok,,false,true,0,0,0.001,0.001,ok,,,,,,1.0,1.0000,true,0.0000
rsqrt,ds-ffn-large,Arke,124.4,127.0,,0.9952,ok,,false,true,0,0,0.001,0.001,ok,,,,,,1.0,0.9952,false,-0.0048
rsqrt,ds-ffn-large,FlagGems,156.0,158.7,,0.7936,ok,,false,true,0,0,0.001,0.001,ok,,,,,,1.0,0.7936,false,-0.2064
rsqrt,qwen-ffn,cuBLAS/cuDNN,127.9,135.2,,1.0070,ok,,false,true,0,0,0.001,0.001,ok,,,,,,1.0,1.0070,true,0.0070
rsqrt,qwen-ffn,PyTorch-eager,128.8,148.5,,1.0000,ok,,false,true,0,0,0.001,0.001,ok,,,,,,1.0,1.0000,true,0.0000
rsqrt,qwen-ffn,Arke,136.5,171.0,,0.9436,ok,,false,true,0,0,0.001,0.001,ok,,,,,,1.0,0.9436,false,-0.0564
rsqrt,qwen-ffn,FlagGems,156.5,187.4,,0.8230,ok,,false,true,0,0,0.001,0.001,ok,,,,,,1.0,0.8230,false,-0.1770
rsqrt,xlarge,cuBLAS/cuDNN,565.7,455.7,,0.9026,ok,,false,true,0,0,0.001,0.001,ok,,,,,,1.0,0.9026,false,-0.0974
rsqrt,xlarge,PyTorch-eager,510.6,443.4,,1.0000,ok,,false,true,0,0,0.001,0.001,ok,,,,,,1.0,1.0000,true,0.0000
rsqrt,xlarge,Arke,519.0,460.8,,0.9838,ok,,false,true,0,0,0.001,0.001,ok,,,,,,1.0,0.9838,false,-0.0162
rsqrt,xlarge,FlagGems,575.4,488.4,,0.8874,ok,,false,true,0,0,0.001,0.001,ok,,,,,,1.0,0.8874,false,-0.1126
scatter,tiny,PyTorch-eager,135.9,141.3,,1.0000,ok,,false,true,0,0,0.001,0.001,ok,,,,,,1.0,1.0000,true,0.0000
scatter,moe-combine-top2,PyTorch-eager,336.1,341.0,,1.0000,ok,,false,true,0,0,0.001,0.001,ok,,,,,,1.0,1.0000,true,0.0000
scatter,moe-combine-top4,PyTorch-eager,348.3,325.6,,1.0000,ok,,false,true,0,0,0.001,0.001,ok,,,,,,1.0,1.0000,true,0.0000
scatter,kvcache-write-256,PyTorch-eager,182.7,186.4,,1.0000,ok,,false,true,0,0,0.001,0.001,ok,,,,,,1.0,1.0000,true,0.0000
scatter,kvcache-write-2k,PyTorch-eager,1051.4,862.2,,1.0000,ok,,false,true,0,0,0.001,0.001,ok,,,,,,1.0,1.0000,true,0.0000
scatter,ds-moe-combine,PyTorch-eager,439.4,401.4,,1.0000,ok,,false,true,0,0,0.001,0.001,ok,,,,,,1.0,1.0000,true,0.0000
sigmoid,micro-tiny,cuBLAS/cuDNN,81.5,81.9,,0.9337,ok,,false,true,0,0,0.001,0.001,ok,,,,,,1.0,0.9337,false,-0.0663
sigmoid,micro-tiny,PyTorch-eager,76.1,93.1,,1.0000,ok,,false,true,0,0,0.001,0.001,ok,,,,,,1.0,1.0000,true,0.0000
sigmoid,micro-tiny,Arke,82.0,91.0,,0.9280,ok,,false,true,0,0,0.001,0.001,ok,,,,,,1.0,0.9280,false,-0.0720
sigmoid,micro-tiny,FlagGems,94.1,71.7,,0.8087,ok,,false,true,0,0,0.001,0.001,ok,,,,,,1.0,0.8087,false,-0.1913
sigmoid,micro-small,cuBLAS/cuDNN,76.0,91.1,,1.0105,ok,,false,true,0,0,0.001,0.001,ok,,,,,,1.0,1.0105,true,0.0105
sigmoid,micro-small,PyTorch-eager,76.8,7.2,,1.0000,ok,,false,true,0,0,0.001,0.001,ok,,,,,,1.0,1.0000,true,0.0000
sigmoid,micro-small,Arke,77.0,89.1,,0.9974,ok,,false,true,0,0,0.001,0.001,ok,,,,,,1.0,0.9974,false,-0.0026
sigmoid,micro-small,FlagGems,77.6,33.8,,0.9897,ok,,false,true,0,0,0.001,0.001,ok,,,,,,1.0,0.9897,false,-0.0103
sigmoid,gpt2-hidden,cuBLAS/cuDNN,72.7,62.5,,1.0426,ok,,false,true,0,0,0.001,0.001,ok,,,,,,1.0,1.0426,true,0.0426
sigmoid,gpt2-hidden,PyTorch-eager,75.8,37.9,,1.0000,ok,,false,true,0,0,0.001,0.001,ok,,,,,,1.0,1.0000,true,0.0000
sigmoid,gpt2-hidden,Arke,78.7,32.8,,0.9632,ok,,false,true,0,0,0.001,0.001,ok,,,,,,1.0,0.9632,false,-0.0368
sigmoid,gpt2-hidden,FlagGems,76.4,45.1,,0.9921,ok,,false,true,0,0,0.001,0.001,ok,,,,,,1.0,0.9921,false,-0.0079
sigmoid,gpt2-ffn,cuBLAS/cuDNN,78.5,92.2,,1.1019,ok,,false,true,0,0,0.001,0.001,ok,,,,,,1.0,1.1019,true,0.1019
sigmoid,gpt2-ffn,PyTorch-eager,86.5,89.1,,1.0000,ok,,false,true,0,0,0.001,0.001,ok,,,,,,1.0,1.0000,true,0.0000
sigmoid,gpt2-ffn,Arke,76.8,92.2,,1.1263,ok,,false,true,0,0,0.001,0.001,ok,,,,,,1.0,1.1263,true,0.1263
sigmoid,gpt2-ffn,FlagGems,81.4,85.9,,1.0627,ok,,false,true,0,0,0.001,0.001,ok,,,,,,1.0,1.0627,true,0.0627
sigmoid,square-1k,cuBLAS/cuDNN,74.3,42.0,,0.9933,ok,,false,true,0,0,0.001,0.001,ok,,,,,,1.0,0.9933,false,-0.0067
sigmoid,square-1k,PyTorch-eager,73.8,77.8,,1.0000,ok,,false,true,0,0,0.001,0.001,ok,,,,,,1.0,1.0000,true,0.0000
sigmoid,square-1k,Arke,78.6,87.0,,0.9389,ok,,false,true,0,0,0.001,0.001,ok,,,,,,1.0,0.9389,false,-0.0611
sigmoid,square-1k,FlagGems,75.1,97.3,,0.9827,ok,,false,true,0,0,0.001,0.001,ok,,,,,,1.0,0.9827,false,-0.0173
sigmoid,llama-ffn,cuBLAS/cuDNN,102.1,78.8,,0.7963,ok,,false,true,0,0,0.001,0.001,ok,,,,,,1.0,0.7963,false,-0.2037
sigmoid,llama-ffn,PyTorch-eager,81.3,110.6,,1.0000,ok,,false,true,0,0,0.001,0.001,ok,,,,,,1.0,1.0000,true,0.0000
sigmoid,llama-ffn,Arke,83.7,137.2,,0.9713,ok,,false,true,0,0,0.001,0.001,ok,,,,,,1.0,0.9713,false,-0.0287
sigmoid,llama-ffn,FlagGems,76.5,106.5,,1.0627,ok,,false,true,0,0,0.001,0.001,ok,,,,,,1.0,1.0627,true,0.0627
sigmoid,llama-hidden,cuBLAS/cuDNN,79.3,100.4,,0.9470,ok,,false,true,0,0,0.001,0.001,ok,,,,,,1.0,0.9470,false,-0.0530
sigmoid,llama-hidden,PyTorch-eager,75.1,95.2,,1.0000,ok,,false,true,0,0,0.001,0.001,ok,,,,,,1.0,1.0000,true,0.0000
sigmoid,llama-hidden,Arke,78.5,66.6,,0.9567,ok,,false,true,0,0,0.001,0.001,ok,,,,,,1.0,0.9567,false,-0.0433
sigmoid,llama-hidden,FlagGems,72.0,34.8,,1.0431,ok,,false,true,0,0,0.001,0.001,ok,,,,,,1.0,1.0431,true,0.0431
sigmoid,llama-long,cuBLAS/cuDNN,286.3,285.7,,0.9483,ok,,false,true,0,0,0.001,0.001,ok,,,,,,1.0,0.9483,false,-0.0517
sigmoid,llama-long,PyTorch-eager,271.5,260.1,,1.0000,ok,,false,true,0,0,0.001,0.001,ok,,,,,,1.0,1.0000,true,0.0000
sigmoid,llama-long,Arke,242.0,254.0,,1.1219,ok,,false,true,0,0,0.001,0.001,ok,,,,,,1.0,1.1219,true,0.1219
sigmoid,llama-long,FlagGems,235.8,248.8,,1.1514,ok,,false,true,0,0,0.001,0.001,ok,,,,,,1.0,1.1514,true,0.1514
sigmoid,ds-ffn,cuBLAS/cuDNN,84.2,113.6,,1.0071,ok,,false,true,0,0,0.001,0.001,ok,,,,,,1.0,1.0071,true,0.0071
sigmoid,ds-ffn,PyTorch-eager,84.8,88.1,,1.0000,ok,,false,true,0,0,0.001,0.001,ok,,,,,,1.0,1.0000,true,0.0000
sigmoid,ds-ffn,Arke,84.5,87.0,,1.0036,ok,,false,true,0,0,0.001,0.001,ok,,,,,,1.0,1.0036,true,0.0036
sigmoid,ds-ffn,FlagGems,84.8,120.8,,1.0000,ok,,false,true,0,0,0.001,0.001,ok,,,,,,1.0,1.0000,true,0.0000
sigmoid,ds-ffn-large,cuBLAS/cuDNN,124.5,128.0,,1.0000,ok,,false,true,0,0,0.001,0.001,ok,,,,,,1.0,1.0000,true,0.0000
sigmoid,ds-ffn-large,PyTorch-eager,124.5,124.9,,1.0000,ok,,false,true,0,0,0.001,0.001,ok,,,,,,1.0,1.0000,true,0.0000
sigmoid,ds-ffn-large,Arke,131.4,139.3,,0.9475,ok,,false,true,0,0,0.001,0.001,ok,,,,,,1.0,0.9475,false,-0.0525
sigmoid,ds-ffn-large,FlagGems,167.7,166.9,,0.7424,ok,,false,true,0,0,0.001,0.001,ok,,,,,,1.0,0.7424,false,-0.2576
sigmoid,qwen-ffn,cuBLAS/cuDNN,127.9,129.0,,0.9984,ok,,false,true,0,0,0.001,0.001,ok,,,,,,1.0,0.9984,false,-0.0016
sigmoid,qwen-ffn,PyTorch-eager,127.7,164.9,,1.0000,ok,,false,true,0,0,0.001,0.001,ok,,,,,,1.0,1.0000,true,0.0000
sigmoid,qwen-ffn,Arke,127.9,131.1,,0.9984,ok,,false,true,0,0,0.001,0.001,ok,,,,,,1.0,0.9984,false,-0.0016
sigmoid,qwen-ffn,FlagGems,156.5,157.7,,0.8160,ok,,false,true,0,0,0.001,0.001,ok,,,,,,1.0,0.8160,false,-0.1840
sigmoid,xlarge,cuBLAS/cuDNN,441.6,427.0,,0.9706,ok,,false,true,0,0,0.001,0.001,ok,,,,,,1.0,0.9706,false,-0.0294
sigmoid,xlarge,PyTorch-eager,428.6,429.0,,1.0000,ok,,false,true,0,0,0.001,0.001,ok,,,,,,1.0,1.0000,true,0.0000
sigmoid,xlarge,Arke,428.6,431.0,,1.0000,ok,,false,true,0,0,0.001,0.001,ok,,,,,,1.0,1.0000,true,0.0000
sigmoid,xlarge,FlagGems,543.1,450.6,,0.7892,ok,,false,true,0,0,0.001,0.001,ok,,,,,,1.0,0.7892,false,-0.2108
silu,micro-tiny,cuBLAS/cuDNN,70.9,88.1,,0.9958,ok,,false,true,0,0,0.001,0.001,ok,,,,,,1.0,0.9958,false,-0.0042
silu,micro-tiny,PyTorch-eager,70.6,69.6,,1.0000,ok,,false,true,0,0,0.001,0.001,ok,,,,,,1.0,1.0000,true,0.0000
silu,micro-tiny,torch.compile,252.3,265.2,,0.2798,ok,,false,true,0,0,0.001,0.001,ok,,,,,,1.0,0.2798,false,-0.7202
silu,micro-tiny,Arke,78.0,94.3,,0.9051,ok,,false,true,0,0,0.001,0.001,ok,,,,,,1.0,0.9051,false,-0.0949
silu,micro-tiny,FlagGems,81.9,72.7,,0.8620,ok,,false,true,0,0,0.001,0.001,ok,,,,,,1.0,0.8620,false,-0.1380
silu,micro-small,cuBLAS/cuDNN,72.2,45.1,,1.0042,ok,,false,true,0,0,0.001,0.001,ok,,,,,,1.0,1.0042,true,0.0042
silu,micro-small,PyTorch-eager,72.5,49.2,,1.0000,ok,,false,true,0,0,0.001,0.001,ok,,,,,,1.0,1.0000,true,0.0000
silu,micro-small,torch.compile,296.6,232.4,,0.2444,ok,,false,true,0,0,0.001,0.001,ok,,,,,,1.0,0.2444,false,-0.7556
silu,micro-small,Arke,75.2,97.3,,0.9641,ok,,false,true,0,0,0.001,0.001,ok,,,,,,1.0,0.9641,false,-0.0359
silu,micro-small,FlagGems,71.8,93.2,,1.0097,ok,,false,true,0,0,0.001,0.001,ok,,,,,,1.0,1.0097,true,0.0097
silu,gpt2-hidden,cuBLAS/cuDNN,74.5,88.1,,1.0899,ok,,false,true,0,0,0.001,0.001,ok,,,,,,1.0,1.0899,true,0.0899
silu,gpt2-hidden,PyTorch-eager,81.2,11.3,,1.0000,ok,,false,true,0,0,0.001,0.001,ok,,,,,,1.0,1.0000,true,0.0000
silu,gpt2-hidden,torch.compile,327.6,188.4,,0.2479,ok,,false,true,0,0,0.001,0.001,ok,,,,,,1.0,0.2479,false,-0.7521
silu,gpt2-hidden,Arke,79.6,14.3,,1.0201,ok,,false,true,0,0,0.001,0.001,ok,,,,,,1.0,1.0201,true,0.0201
silu,gpt2-hidden,FlagGems,74.3,77.7,,1.0929,ok,,false,true,0,0,0.001,0.001,ok,,,,,,1.0,1.0929,true,0.0929
silu,gpt2-ffn,cuBLAS/cuDNN,73.9,21.5,,1.0081,ok,,false,true,0,0,0.001,0.001,ok,,,,,,1.0,1.0081,true,0.0081
silu,gpt2-ffn,PyTorch-eager,74.5,21.5,,1.0000,ok,,false,true,0,0,0.001,0.001,ok,,,,,,1.0,1.0000,true,0.0000
silu,gpt2-ffn,torch.compile,297.1,197.6,,0.2508,ok,,false,true,0,0,0.001,0.001,ok,,,,,,1.0,0.2508,false,-0.7492
silu,gpt2-ffn,Arke,77.5,15.4,,0.9613,ok,,false,true,0,0,0.001,0.001,ok,,,,,,1.0,0.9613,false,-0.0387
silu,gpt2-ffn,FlagGems,81.8,70.6,,0.9108,ok,,false,true,0,0,0.001,0.001,ok,,,,,,1.0,0.9108,false,-0.0892
silu,square-1k,cuBLAS/cuDNN,78.3,95.2,,0.9285,ok,,false,true,0,0,0.001,0.001,ok,,,,,,1.0,0.9285,false,-0.0715
silu,square-1k,PyTorch-eager,72.7,85.0,,1.0000,ok,,false,true,0,0,0.001,0.001,ok,,,,,,1.0,1.0000,true,0.0000
silu,square-1k,torch.compile,297.4,294.0,,0.2445,ok,,false,true,0,0,0.001,0.001,ok,,,,,,1.0,0.2445,false,-0.7555
silu,square-1k,Arke,77.8,89.2,,0.9344,ok,,false,true,0,0,0.001,0.001,ok,,,,,,1.0,0.9344,false,-0.0656
silu,square-1k,FlagGems,75.3,97.4,,0.9655,ok,,false,true,0,0,0.001,0.001,ok,,,,,,1.0,0.9655,false,-0.0345
silu,llama-ffn,cuBLAS/cuDNN,81.5,146.4,,1.0233,ok,,false,true,0,0,0.001,0.001,ok,,,,,,1.0,1.0233,true,0.0233
silu,llama-ffn,PyTorch-eager,83.4,141.3,,1.0000,ok,,false,true,0,0,0.001,0.001,ok,,,,,,1.0,1.0000,true,0.0000
silu,llama-ffn,torch.compile,291.5,294.9,,0.2861,ok,,false,true,0,0,0.001,0.001,ok,,,,,,1.0,0.2861,false,-0.7139
silu,llama-ffn,Arke,84.5,115.7,,0.9870,ok,,false,true,0,0,0.001,0.001,ok,,,,,,1.0,0.9870,false,-0.0130
silu,llama-ffn,FlagGems,76.6,130.0,,1.0888,ok,,false,true,0,0,0.001,0.001,ok,,,,,,1.0,1.0888,true,0.0888
silu,llama-hidden,cuBLAS/cuDNN,73.8,101.4,,1.0122,ok,,false,true,0,0,0.001,0.001,ok,,,,,,1.0,1.0122,true,0.0122
silu,llama-hidden,PyTorch-eager,74.7,95.2,,1.0000,ok,,false,true,0,0,0.001,0.001,ok,,,,,,1.0,1.0000,true,0.0000
silu,llama-hidden,torch.compile,287.8,264.2,,0.2596,ok,,false,true,0,0,0.001,0.001,ok,,,,,,1.0,0.2596,false,-0.7404
silu,llama-hidden,Arke,78.9,102.4,,0.9468,ok,,false,true,0,0,0.001,0.001,ok,,,,,,1.0,0.9468,false,-0.0532
silu,llama-hidden,FlagGems,81.8,86.0,,0.9132,ok,,false,true,0,0,0.001,0.001,ok,,,,,,1.0,0.9132,false,-0.0868
silu,llama-long,cuBLAS/cuDNN,281.4,283.6,,1.0306,ok,,false,true,0,0,0.001,0.001,ok,,,,,,1.0,1.0306,true,0.0306
silu,llama-long,PyTorch-eager,290.0,280.6,,1.0000,ok,,false,true,0,0,0.001,0.001,ok,,,,,,1.0,1.0000,true,0.0000
silu,llama-long,torch.compile,580.5,510.0,,0.4996,ok,,false,true,0,0,0.001,0.001,ok,,,,,,1.0,0.4996,false,-0.5004
silu,llama-long,Arke,275.3,271.4,,1.0534,ok,,false,true,0,0,0.001,0.001,ok,,,,,,1.0,1.0534,true,0.0534
silu,llama-long,FlagGems,245.0,247.8,,1.1837,ok,,false,true,0,0,0.001,0.001,ok,,,,,,1.0,1.1837,true,0.1837
silu,ds-ffn,cuBLAS/cuDNN,94.1,107.5,,1.0436,ok,,false,true,0,0,0.001,0.001,ok,,,,,,1.0,1.0436,true,0.0436
silu,ds-ffn,PyTorch-eager,98.2,119.8,,1.0000,ok,,false,true,0,0,0.001,0.001,ok,,,,,,1.0,1.0000,true,0.0000
silu,ds-ffn,torch.compile,299.4,306.2,,0.3280,ok,,false,true,0,0,0.001,0.001,ok,,,,,,1.0,0.3280,false,-0.6720
silu,ds-ffn,Arke,85.4,155.6,,1.1499,ok,,false,true,0,0,0.001,0.001,ok,,,,,,1.0,1.1499,true,0.1499
silu,ds-ffn,FlagGems,84.6,121.9,,1.1608,ok,,false,true,0,0,0.001,0.001,ok,,,,,,1.0,1.1608,true,0.1608
silu,ds-ffn-large,cuBLAS/cuDNN,140.2,150.5,,1.0029,ok,,false,true,0,0,0.001,0.001,ok,,,,,,1.0,1.0029,true,0.0029
silu,ds-ffn-large,PyTorch-eager,140.6,174.1,,1.0000,ok,,false,true,0,0,0.001,0.001,ok,,,,,,1.0,1.0000,true,0.0000
silu,ds-ffn-large,torch.compile,331.8,387.1,,0.4237,ok,,false,true,0,0,0.001,0.001,ok,,,,,,1.0,0.4237,false,-0.5763
silu,ds-ffn-large,Arke,162.8,214.0,,0.8636,ok,,false,true,0,0,0.001,0.001,ok,,,,,,1.0,0.8636,false,-0.1364
silu,ds-ffn-large,FlagGems,157.5,142.3,,0.8927,ok,,false,true,0,0,0.001,0.001,ok,,,,,,1.0,0.8927,false,-0.1073
silu,qwen-ffn,cuBLAS/cuDNN,165.8,228.4,,0.9958,ok,,false,true,0,0,0.001,0.001,ok,,,,,,1.0,0.9958,false,-0.0042
silu,qwen-ffn,PyTorch-eager,165.1,202.8,,1.0000,ok,,false,true,0,0,0.001,0.001,ok,,,,,,1.0,1.0000,true,0.0000
silu,qwen-ffn,torch.compile,336.0,404.5,,0.4914,ok,,false,true,0,0,0.001,0.001,ok,,,,,,1.0,0.4914,false,-0.5086
silu,qwen-ffn,Arke,157.7,210.9,,1.0469,ok,,false,true,0,0,0.001,0.001,ok,,,,,,1.0,1.0469,true,0.0469
silu,qwen-ffn,FlagGems,150.9,160.6,,1.0941,ok,,false,true,0,0,0.001,0.001,ok,,,,,,1.0,1.0941,true,0.0941
silu,xlarge,cuBLAS/cuDNN,530.8,484.4,,0.9561,ok,,false,true,0,0,0.001,0.001,ok,,,,,,1.0,0.9561,false,-0.0439
silu,xlarge,PyTorch-eager,507.5,453.6,,1.0000,ok,,false,true,0,0,0.001,0.001,ok,,,,,,1.0,1.0000,true,0.0000
silu,xlarge,torch.compile,947.0,921.6,,0.5359,ok,,false,true,0,0,0.001,0.001,ok,,,,,,1.0,0.5359,false,-0.4641
silu,xlarge,Arke,428.7,429.1,,1.1838,ok,,false,true,0,0,0.001,0.001,ok,,,,,,1.0,1.1838,true,0.1838
silu,xlarge,FlagGems,504.4,426.0,,1.0061,ok,,false,true,0,0,0.001,0.001,ok,,,,,,1.0,1.0061,true,0.0061
softmax,attn-gpt2-128,cuBLAS/cuDNN,12.1,11.6,,0.9174,ok,,false,true,0,0,0.005,0.005,ok,,,,,,1.0,0.9174,false,-0.0826
softmax,attn-gpt2-128,Triton-Tutorial,75.9,4.1,,0.1462,ok,,false,true,0,0,0.005,0.005,ok,,,,,,1.0,0.1462,false,-0.8538
softmax,attn-gpt2-128,PyTorch-eager,11.1,5.0,,1.0000,ok,,false,true,0,0,0.005,0.005,ok,,,,,,1.0,1.0000,true,0.0000
softmax,attn-gpt2-128,torch.compile,106.1,29.7,,0.1046,ok,,false,true,0,0,0.005,0.005,ok,,,,,,1.0,0.1046,false,-0.8954
softmax,attn-gpt2-128,Arke,12.4,13.3,,0.8952,ok,,false,true,0,0,0.005,0.005,ok,,,,,,1.0,0.8952,false,-0.1048
softmax,attn-gpt2-128,FlagGems,48.6,70.7,,0.2284,ok,,false,true,0,0,0.005,0.005,ok,,,,,,1.0,0.2284,false,-0.7716
softmax,attn-gpt2-256,cuBLAS/cuDNN,14.6,13.3,,0.9041,ok,,false,true,0,0,0.005,0.005,ok,,,,,,1.0,0.9041,false,-0.0959
softmax,attn-gpt2-256,Triton-Tutorial,65.9,11.3,,0.2003,ok,,false,true,3.8147e-06,1.24176e-09,0.005,0.005,ok,,,,,,1.0,0.2003,false,-0.7997
softmax,attn-gpt2-256,PyTorch-eager,13.2,13.3,,1.0000,ok,,false,true,0,0,0.005,0.005,ok,,,,,,1.0,1.0000,true,0.0000
softmax,attn-gpt2-256,torch.compile,124.8,35.8,,0.1058,ok,,false,true,0,0,0.005,0.005,ok,,,,,,1.0,0.1058,false,-0.8942
softmax,attn-gpt2-256,Arke,14.7,15.4,,0.8980,ok,,false,true,0,0,0.005,0.005,ok,,,,,,1.0,0.8980,false,-0.1020
softmax,attn-gpt2-256,FlagGems,57.0,59.1,,0.2316,ok,,false,true,0,0,0.005,0.005,ok,,,,,,1.0,0.2316,false,-0.7684
softmax,attn-gpt2-512,cuBLAS/cuDNN,21.7,20.5,,0.9493,ok,,false,true,0,0,0.005,0.005,ok,,,,,,1.0,0.9493,false,-0.0507
softmax,attn-gpt2-512,Triton-Tutorial,67.7,13.3,,0.3043,ok,,false,true,4.76837e-07,7.76102e-11,0.005,0.005,ok,,,,,,1.0,0.3043,false,-0.6957
softmax,attn-gpt2-512,PyTorch-eager,20.6,21.5,,1.0000,ok,,false,true,0,0,0.005,0.005,ok,,,,,,1.0,1.0000,true,0.0000
softmax,attn-gpt2-512,torch.compile,130.8,44.0,,0.1575,ok,,false,true,4.76837e-07,7.76102e-11,0.005,0.005,ok,,,,,,1.0,0.1575,false,-0.8425
softmax,attn-gpt2-512,Arke,118.0,12.3,,0.1746,ok,,false,true,0,0,0.005,0.005,ok,,,,,,1.0,0.1746,false,-0.8254
softmax,attn-gpt2-512,FlagGems,67.4,10.1,,0.3056,ok,,false,true,0,0,0.005,0.005,ok,,,,,,1.0,0.3056,false,-0.6944
softmax,attn-llama-512,cuBLAS/cuDNN,11.6,12.3,,0.9914,ok,,false,true,0,0,0.005,0.005,ok,,,,,,1.0,0.9914,false,-0.0086
softmax,attn-llama-512,Triton-Tutorial,63.9,9.2,,0.1800,ok,,false,true,0,0,0.005,0.005,ok,,,,,,1.0,0.1800,false,-0.8200
softmax,attn-llama-512,PyTorch-eager,11.5,12.3,,1.0000,ok,,false,true,0,0,0.005,0.005,ok,,,,,,1.0,1.0000,true,0.0000
softmax,attn-llama-512,torch.compile,141.5,29.7,,0.0813,ok,,false,true,9.53674e-07,8.73115e-11,0.005,0.005,ok,,,,,,1.0,0.0813,false,-0.9187
softmax,attn-llama-512,Arke,12.3,12.3,,0.9350,ok,,false,true,0,0,0.005,0.005,ok,,,,,,1.0,0.9350,false,-0.0650
softmax,attn-llama-512,FlagGems,60.5,4.1,,0.1901,ok,,false,true,0,0,0.005,0.005,ok,,,,,,1.0,0.1901,false,-0.8099
softmax,attn-llama-2k,cuBLAS/cuDNN,17.5,17.4,,0.9143,ok,,false,true,0,0,0.005,0.005,ok,,,,,,1.0,0.9143,false,-0.0857
softmax,attn-llama-2k,Triton-Tutorial,70.6,10.2,,0.2266,ok,,false,true,1.90735e-06,6.09361e-11,0.005,0.005,ok,,,,,,1.0,0.2266,false,-0.7734
softmax,attn-llama-2k,PyTorch-eager,16.0,16.4,,1.0000,ok,,false,true,0,0,0.005,0.005,ok,,,,,,1.0,1.0000,true,0.0000
softmax,attn-llama-2k,torch.compile,137.1,68.6,,0.1167,ok,,false,true,4.76837e-07,3.63798e-11,0.005,0.005,ok,,,,,,1.0,0.1167,false,-0.8833
softmax,attn-llama-2k,Arke,16.5,17.4,,0.9697,ok,,false,true,0,0,0.005,0.005,ok,,,,,,1.0,0.9697,false,-0.0303
softmax,attn-llama-2k,FlagGems,47.2,7.2,,0.3390,ok,,false,true,0,0,0.005,0.005,ok,,,,,,1.0,0.3390,false,-0.6610
softmax,attn-llama-4k,cuBLAS/cuDNN,20.0,20.5,,1.1250,ok,,false,true,0,0,0.005,0.005,ok,,,,,,1.0,1.1250,true,0.1250
softmax,attn-llama-4k,Triton-Tutorial,66.2,13.3,,0.3399,ok,,false,true,4.76837e-07,3.22871e-11,0.005,0.005,ok,,,,,,1.0,0.3399,false,-0.6601
softmax,attn-llama-4k,PyTorch-eager,22.5,20.5,,1.0000,ok,,false,true,0,0,0.005,0.005,ok,,,,,,1.0,1.0000,true,0.0000
softmax,attn-llama-4k,torch.compile,132.8,54.3,,0.1694,ok,,false,true,9.53674e-07,1.18234e-11,0.005,0.005,ok,,,,,,1.0,0.1694,false,-0.8306
softmax,attn-llama-4k,Arke,19.6,20.5,,1.1480,ok,,false,true,0,0,0.005,0.005,ok,,,,,,1.0,1.1480,true,0.1480
softmax,attn-llama-4k,FlagGems,50.0,58.4,,0.4500,ok,,false,true,0,0,0.005,0.005,ok,,,,,,1.0,0.4500,false,-0.5500
softmax,wide-vocab-gpt2,cuBLAS/cuDNN,36.2,38.9,,1.0166,ok,,false,true,0,0,0.005,0.005,ok,,,,,,1.0,1.0166,true,0.0166
softmax,wide-vocab-gpt2,Triton-Tutorial,372.3,350.2,,0.1174,ok,,false,true,5.96046e-08,1.186e-12,0.005,0.005,ok,,,,,,1.0,0.1174,false,-0.8826
softmax,wide-vocab-gpt2,PyTorch-eager,36.8,38.9,,1.0000,ok,,false,true,0,0,0.005,0.005,ok,,,,,,1.0,1.0000,true,0.0000
softmax,wide-vocab-gpt2,torch.compile,122.7,137.1,,0.2999,ok,,false,true,0,0,0.005,0.005,ok,,,,,,1.0,0.2999,false,-0.7001
softmax,wide-vocab-gpt2,Arke,18.2,19.5,,2.0220,ok,,false,true,0,0,0.005,0.005,ok,,,,,,1.0,2.0220,true,1.0220
softmax,wide-vocab-gpt2,FlagGems,42.4,56.3,,0.8679,ok,,false,true,0,0,0.005,0.005,ok,,,,,,1.0,0.8679,false,-0.1321
softmax,wide-vocab-llama3,cuBLAS/cuDNN,39.0,41.0,,0.7974,ok,,false,true,0,0,0.005,0.005,ok,,,,,,1.0,0.7974,false,-0.2026
softmax,wide-vocab-llama3,PyTorch-eager,31.1,33.6,,1.0000,ok,,false,true,0,0,0.005,0.005,ok,,,,,,1.0,1.0000,true,0.0000
softmax,wide-vocab-llama3,torch.compile,123.7,142.4,,0.2514,ok,,false,true,0,0,0.005,0.005,ok,,,,,,1.0,0.2514,false,-0.7486
softmax,wide-vocab-llama3,Arke,30.9,33.6,,1.0065,ok,,false,true,0,0,0.005,0.005,ok,,,,,,1.0,1.0065,true,0.0065
softmax,wide-vocab-llama3,FlagGems,41.1,58.1,,0.7567,ok,,false,true,0,0,0.005,0.005,ok,,,,,,1.0,0.7567,false,-0.2433
softmax,batch-large,cuBLAS/cuDNN,15.2,15.4,,0.9737,ok,,false,true,0,0,0.005,0.005,ok,,,,,,1.0,0.9737,false,-0.0263
softmax,batch-large,Triton-Tutorial,66.6,67.6,,0.2222,ok,,false,true,1.90735e-06,1.81899e-11,0.005,0.005,ok,,,,,,1.0,0.2222,false,-0.7778
softmax,batch-large,PyTorch-eager,14.8,14.3,,1.0000,ok,,false,true,0,0,0.005,0.005,ok,,,,,,1.0,1.0000,true,0.0000
softmax,batch-large,torch.compile,134.5,152.6,,0.1100,ok,,false,true,9.53674e-07,1.86446e-11,0.005,0.005,ok,,,,,,1.0,0.1100,false,-0.8900
softmax,batch-large,Arke,15.0,17.3,,0.9867,ok,,false,true,0,0,0.005,0.005,ok,,,,,,1.0,0.9867,false,-0.0133
softmax,batch-large,FlagGems,51.2,63.5,,0.2891,ok,,false,true,0,0,0.005,0.005,ok,,,,,,1.0,0.2891,false,-0.7109
softmax,square-4k,cuBLAS/cuDNN,439.8,423.8,,0.9930,ok,,false,true,0,0,0.005,0.005,ok,,,,,,1.0,0.9930,false,-0.0070
softmax,square-4k,Triton-Tutorial,220.3,221.2,,1.9823,ok,,false,true,1.90735e-06,1.87299e-11,0.005,0.005,ok,,,,,,1.0,1.9823,true,0.9823
softmax,square-4k,PyTorch-eager,436.7,429.1,,1.0000,ok,,false,true,0,0,0.005,0.005,ok,,,,,,1.0,1.0000,true,0.0000
softmax,square-4k,torch.compile,550.0,543.7,,0.7940,ok,,false,true,3.8147e-06,1.94973e-11,0.005,0.005,ok,,,,,,1.0,0.7940,false,-0.2060
softmax,square-4k,Arke,436.6,434.2,,1.0002,ok,,false,true,0,0,0.005,0.005,ok,,,,,,1.0,1.0002,true,0.0002
softmax,square-4k,FlagGems,257.9,248.8,,1.6933,ok,,false,true,0,0,0.005,0.005,ok,,,,,,1.0,1.6933,true,0.6933
softmax,non-align-1,cuBLAS/cuDNN,10.5,22.5,,1.0095,ok,,false,true,0,0,0.005,0.005,ok,,,,,,1.0,1.0095,true,0.0095
softmax,non-align-1,Triton-Tutorial,67.3,8.2,,0.1575,ok,,false,true,9.53674e-07,1.43001e-10,0.005,0.005,ok,,,,,,1.0,0.1575,false,-0.8425
softmax,non-align-1,PyTorch-eager,10.6,8.2,,1.0000,ok,,false,true,0,0,0.005,0.005,ok,,,,,,1.0,1.0000,true,0.0000
softmax,non-align-1,torch.compile,139.8,150.7,,0.0758,ok,,false,true,0,0,0.005,0.005,ok,,,,,,1.0,0.0758,false,-0.9242
softmax,non-align-1,Arke,11.5,15.2,,0.9217,ok,,false,true,0,0,0.005,0.005,ok,,,,,,1.0,0.9217,false,-0.0783
softmax,non-align-1,FlagGems,44.2,22.2,,0.2398,ok,,false,true,0,0,0.005,0.005,ok,,,,,,1.0,0.2398,false,-0.7602
softmax,non-align-2,cuBLAS/cuDNN,10.5,8.2,,1.0381,ok,,false,true,0,0,0.005,0.005,ok,,,,,,1.0,1.0381,true,0.0381
softmax,non-align-2,Triton-Tutorial,68.6,67.9,,0.1589,ok,,false,true,4.76837e-07,1.33306e-10,0.005,0.005,ok,,,,,,1.0,0.1589,false,-0.8411
softmax,non-align-2,PyTorch-eager,10.9,6.1,,1.0000,ok,,false,true,0,0,0.005,0.005,ok,,,,,,1.0,1.0000,true,0.0000
softmax,non-align-2,torch.compile,138.5,149.4,,0.0787,ok,,false,true,0,0,0.005,0.005,ok,,,,,,1.0,0.0787,false,-0.9213
softmax,non-align-2,Arke,12.1,25.6,,0.9008,ok,,false,true,0,0,0.005,0.005,ok,,,,,,1.0,0.9008,false,-0.0992
softmax,non-align-2,FlagGems,53.7,36.8,,0.2030,ok,,false,true,0,0,0.005,0.005,ok,,,,,,1.0,0.2030,false,-0.7970
softmax,non-align-3,cuBLAS/cuDNN,13.6,10.2,,0.9044,ok,,false,true,0,0,0.005,0.005,ok,,,,,,1.0,0.9044,false,-0.0956
softmax,non-align-3,Triton-Tutorial,67.0,63.5,,0.1836,ok,,false,true,2.38419e-07,5.43803e-11,0.005,0.005,ok,,,,,,1.0,0.1836,false,-0.8164
softmax,non-align-3,PyTorch-eager,12.3,8.0,,1.0000,ok,,false,true,0,0,0.005,0.005,ok,,,,,,1.0,1.0000,true,0.0000
softmax,non-align-3,torch.compile,136.9,144.4,,0.0898,ok,,false,true,1.19209e-07,1.55372e-11,0.005,0.005,ok,,,,,,1.0,0.0898,false,-0.9102
softmax,non-align-3,Arke,13.9,14.3,,0.8849,ok,,false,true,0,0,0.005,0.005,ok,,,,,,1.0,0.8849,false,-0.1151
softmax,non-align-3,FlagGems,42.0,21.5,,0.2929,ok,,false,true,0,0,0.005,0.005,ok,,,,,,1.0,0.2929,false,-0.7071
softmax,non-align-4,cuBLAS/cuDNN,18.4,18.4,,1.0272,ok,,false,true,0,0,0.005,0.005,ok,,,,,,1.0,1.0272,true,0.0272
softmax,non-align-4,Triton-Tutorial,69.8,43.0,,0.2708,ok,,false,true,4.76837e-07,3.27258e-11,0.005,0.005,ok,,,,,,1.0,0.2708,false,-0.7292
softmax,non-align-4,PyTorch-eager,18.9,19.5,,1.0000,ok,,false,true,0,0,0.005,0.005,ok,,,,,,1.0,1.0000,true,0.0000
softmax,non-align-4,torch.compile,138.2,149.5,,0.1368,ok,,false,true,4.76837e-07,3.36349e-11,0.005,0.005,ok,,,,,,1.0,0.1368,false,-0.8632
softmax,non-align-4,Arke,17.9,19.5,,1.0559,ok,,false,true,0,0,0.005,0.005,ok,,,,,,1.0,1.0559,true,0.0559
softmax,non-align-4,FlagGems,61.2,9.2,,0.3088,ok,,false,true,0,0,0.005,0.005,ok,,,,,,1.0,0.3088,false,-0.6912
softmax,non-align-5,cuBLAS/cuDNN,35.6,37.9,,0.6854,ok,,false,true,0,0,0.005,0.005,ok,,,,,,1.0,0.6854,false,-0.3146
softmax,non-align-5,PyTorch-eager,24.4,22.5,,1.0000,ok,,false,true,0,0,0.005,0.005,ok,,,,,,1.0,1.0000,true,0.0000
softmax,non-align-5,torch.compile,122.5,30.7,,0.1992,ok,,false,true,0,0,0.005,0.005,ok,,,,,,1.0,0.1992,false,-0.8008
softmax,non-align-5,Arke,19.4,21.5,,1.2577,ok,,false,true,0,0,0.005,0.005,ok,,,,,,1.0,1.2577,true,0.2577
softmax,non-align-5,FlagGems,53.7,43.1,,0.4544,ok,,false,true,0,0,0.005,0.005,ok,,,,,,1.0,0.4544,false,-0.5456
softmax,extreme-tiny,cuBLAS/cuDNN,11.5,6.1,,0.9217,ok,,false,true,0,0,0.005,0.005,ok,,,,,,1.0,0.9217,false,-0.0783
softmax,extreme-tiny,Triton-Tutorial,64.7,53.2,,0.1638,ok,,false,true,0,0,0.005,0.005,ok,,,,,,1.0,0.1638,false,-0.8362
softmax,extreme-tiny,PyTorch-eager,10.6,7.2,,1.0000,ok,,false,true,0,0,0.005,0.005,ok,,,,,,1.0,1.0000,true,0.0000
softmax,extreme-tiny,torch.compile,126.4,127.9,,0.0839,ok,,false,true,0,0,0.005,0.005,ok,,,,,,1.0,0.0839,false,-0.9161
softmax,extreme-tiny,Arke,11.8,8.2,,0.8983,ok,,false,true,0,0,0.005,0.005,ok,,,,,,1.0,0.8983,false,-0.1017
softmax,extreme-tiny,FlagGems,47.7,60.4,,0.2222,ok,,false,true,0,0,0.005,0.005,ok,,,,,,1.0,0.2222,false,-0.7778
softmax,extreme-wide,cuBLAS/cuDNN,225.8,226.1,,0.9996,ok,,false,true,0,0,0.005,0.005,ok,,,,,,1.0,0.9996,false,-0.0004
softmax,extreme-wide,PyTorch-eager,225.7,226.3,,1.0000,ok,,false,true,0,0,0.005,0.005,ok,,,,,,1.0,1.0000,true,0.0000
softmax,extreme-wide,torch.compile,131.7,140.3,,1.7137,ok,,false,true,0,0,0.005,0.005,ok,,,,,,1.0,1.7137,true,0.7137
softmax,extreme-wide,Arke,225.7,226.3,,1.0000,ok,,false,true,0,0,0.005,0.005,ok,,,,,,1.0,1.0000,true,0.0000
softmax,extreme-wide,FlagGems,198.8,198.4,,1.1353,ok,,false,true,0,0,0.005,0.005,ok,,,,,,1.0,1.1353,true,0.1353
softmax,extreme-tall,cuBLAS/cuDNN,83.8,78.8,,0.9916,ok,,false,true,0,0,0.005,0.005,ok,,,,,,1.0,0.9916,false,-0.0084
softmax,extreme-tall,Triton-Tutorial,283.7,283.6,,0.2929,ok,,false,true,6.10352e-05,9.45249e-10,0.005,0.005,ok,,,,,,1.0,0.2929,false,-0.7071
softmax,extreme-tall,PyTorch-eager,83.1,87.0,,1.0000,ok,,false,true,0,0,0.005,0.005,ok,,,,,,1.0,1.0000,true,0.0000
softmax,extreme-tall,torch.compile,636.9,637.8,,0.1305,ok,,false,true,0.00012207,9.70772e-10,0.005,0.005,ok,,,,,,1.0,0.1305,false,-0.8695
softmax,extreme-tall,Arke,86.6,89.1,,0.9596,ok,,false,true,0,0,0.005,0.005,ok,,,,,,1.0,0.9596,false,-0.0404
softmax,extreme-tall,FlagGems,276.0,276.5,,0.3011,ok,,false,true,0,0,0.005,0.005,ok,,,,,,1.0,0.3011,false,-0.6989
softmax,ds-v2-attn-8k,cuBLAS/cuDNN,27.6,27.5,,0.8225,ok,,false,true,0,0,0.005,0.005,ok,,,,,,1.0,0.8225,false,-0.1775
softmax,ds-v2-attn-8k,Triton-Tutorial,77.2,74.8,,0.2940,ok,,false,true,9.53674e-07,7.21911e-12,0.005,0.005,ok,,,,,,1.0,0.2940,false,-0.7060
softmax,ds-v2-attn-8k,PyTorch-eager,22.7,24.6,,1.0000,ok,,false,true,0,0,0.005,0.005,ok,,,,,,1.0,1.0000,true,0.0000
softmax,ds-v2-attn-8k,torch.compile,132.0,55.3,,0.1720,ok,,false,true,9.53674e-07,1.40403e-11,0.005,0.005,ok,,,,,,1.0,0.1720,false,-0.8280
softmax,ds-v2-attn-8k,Arke,22.7,24.6,,1.0000,ok,,false,true,0,0,0.005,0.005,ok,,,,,,1.0,1.0000,true,0.0000
softmax,ds-v2-attn-8k,FlagGems,42.4,44.7,,0.5354,ok,,false,true,0,0,0.005,0.005,ok,,,,,,1.0,0.5354,false,-0.4646
softmax,ds-v2-attn-16k,cuBLAS/cuDNN,43.7,44.0,,1.0160,ok,,false,true,0,0,0.005,0.005,ok,,,,,,1.0,1.0160,true,0.0160
softmax,ds-v2-attn-16k,PyTorch-eager,44.4,46.1,,1.0000,ok,,false,true,0,0,0.005,0.005,ok,,,,,,1.0,1.0000,true,0.0000
softmax,ds-v2-attn-16k,torch.compile,131.9,158.5,,0.3366,ok,,false,true,4.76837e-07,4.68958e-12,0.005,0.005,ok,,,,,,1.0,0.3366,false,-0.6634
softmax,ds-v2-attn-16k,Arke,44.0,39.7,,1.0091,ok,,false,true,0,0,0.005,0.005,ok,,,,,,1.0,1.0091,true,0.0091
softmax,ds-v2-attn-16k,FlagGems,43.7,39.9,,1.0160,ok,,false,true,0,0,0.005,0.005,ok,,,,,,1.0,1.0160,true,0.0160
softmax,ds-v3-attn-32k,cuBLAS/cuDNN,88.8,91.1,,0.9944,ok,,false,true,0,0,0.005,0.005,ok,,,,,,1.0,0.9944,false,-0.0056
softmax,ds-v3-attn-32k,PyTorch-eager,88.3,91.1,,1.0000,ok,,false,true,0,0,0.005,0.005,ok,,,,,,1.0,1.0000,true,0.0000
softmax,ds-v3-attn-32k,torch.compile,250.9,305.1,,0.3519,ok,,false,true,1.19209e-07,2.089e-12,0.005,0.005,ok,,,,,,1.0,0.3519,false,-0.6481
softmax,ds-v3-attn-32k,Arke,87.5,91.1,,1.0091,ok,,false,true,0,0,0.005,0.005,ok,,,,,,1.0,1.0091,true,0.0091
softmax,ds-v3-attn-32k,FlagGems,81.1,66.5,,1.0888,ok,,false,true,0,0,0.005,0.005,ok,,,,,,1.0,1.0888,true,0.0888
softmax,llama3-attn-8k,cuBLAS/cuDNN,14.6,12.1,,0.7671,ok,,false,true,0,0,0.005,0.005,ok,,,,,,1.0,0.7671,false,-0.2329
softmax,llama3-attn-8k,Triton-Tutorial,65.3,14.3,,0.1715,ok,,false,true,9.53674e-07,1.20508e-11,0.005,0.005,ok,,,,,,1.0,0.1715,false,-0.8285
softmax,llama3-attn-8k,PyTorch-eager,11.2,10.2,,1.0000,ok,,false,true,0,0,0.005,0.005,ok,,,,,,1.0,1.0000,true,0.0000
softmax,llama3-attn-8k,torch.compile,130.8,155.6,,0.0856,ok,,false,true,9.53674e-07,1.13687e-11,0.005,0.005,ok,,,,,,1.0,0.0856,false,-0.9144
softmax,llama3-attn-8k,Arke,12.7,13.3,,0.8819,ok,,false,true,0,0,0.005,0.005,ok,,,,,,1.0,0.8819,false,-0.1181
softmax,llama3-attn-8k,FlagGems,45.9,25.5,,0.2440,ok,,false,true,0,0,0.005,0.005,ok,,,,,,1.0,0.2440,false,-0.7560
softmax,qwen25-attn-32k,cuBLAS/cuDNN,19.9,19.4,,0.9296,ok,,false,true,0,0,0.005,0.005,ok,,,,,,1.0,0.9296,false,-0.0704
softmax,qwen25-attn-32k,PyTorch-eager,18.5,19.5,,1.0000,ok,,false,true,0,0,0.005,0.005,ok,,,,,,1.0,1.0000,true,0.0000
softmax,qwen25-attn-32k,torch.compile,134.9,149.5,,0.1371,ok,,false,true,2.38419e-07,4.02776e-12,0.005,0.005,ok,,,,,,1.0,0.1371,false,-0.8629
softmax,qwen25-attn-32k,Arke,17.5,20.3,,1.0571,ok,,false,true,0,0,0.005,0.005,ok,,,,,,1.0,1.0571,true,0.0571
softmax,qwen25-attn-32k,FlagGems,43.8,18.4,,0.4224,ok,,false,true,0,0,0.005,0.005,ok,,,,,,1.0,0.4224,false,-0.5776
softmax,wide-vocab-ds-v2,cuBLAS/cuDNN,1356.0,1350.7,,1.0013,ok,,false,true,0,0,0.005,0.005,ok,,,,,,1.0,1.0013,true,0.0013
softmax,wide-vocab-ds-v2,PyTorch-eager,1357.8,1347.6,,1.0000,ok,,false,true,0,0,0.005,0.005,ok,,,,,,1.0,1.0000,true,0.0000
softmax,wide-vocab-ds-v2,torch.compile,2368.3,2329.6,,0.5733,ok,,false,true,2.38419e-07,9.82254e-13,0.005,0.005,ok,,,,,,1.0,0.5733,false,-0.4267
softmax,wide-vocab-ds-v2,Arke,1355.7,1346.6,,1.0015,ok,,false,true,0,0,0.005,0.005,ok,,,,,,1.0,1.0015,true,0.0015
softmax,wide-vocab-ds-v2,FlagGems,1003.3,964.6,,1.3533,ok,,false,true,0,0,0.005,0.005,ok,,,,,,1.0,1.3533,true,0.3533
softmax,wide-vocab-qwen25,cuBLAS/cuDNN,2002.6,1984.4,,1.0002,ok,,false,true,0,0,0.005,0.005,ok,,,,,,1.0,1.0002,true,0.0002
softmax,wide-vocab-qwen25,PyTorch-eager,2003.1,1986.3,,1.0000,ok,,false,true,0,0,0.005,0.005,ok,,,,,,1.0,1.0000,true,0.0000
softmax,wide-vocab-qwen25,torch.compile,3556.7,3491.8,,0.5632,ok,,false,true,1.19209e-07,6.66605e-13,0.005,0.005,ok,,,,,,1.0,0.5632,false,-0.4368
softmax,wide-vocab-qwen25,Arke,2006.1,1988.5,,0.9985,ok,,false,true,0,0,0.005,0.005,ok,,,,,,1.0,0.9985,false,-0.0015
softmax,wide-vocab-qwen25,FlagGems,1456.4,1453.1,,1.3754,ok,,false,true,0,0,0.005,0.005,ok,,,,,,1.0,1.3754,true,0.3754
split,tiny-2,PyTorch-eager,4.1,13.3,,1.0000,ok,,false,true,0,0,0.001,0.001,ok,,,,,,1.0,1.0000,true,0.0000
split,tiny-2,Arke,3.1,4.0,,1.3226,ok,,false,true,0,0,0.001,0.001,ok,,,,,,1.0,1.3226,true,0.3226
split,gpt2-qkv-split,PyTorch-eager,4.0,3.1,,1.0000,ok,,false,true,0,0,0.001,0.001,ok,,,,,,1.0,1.0000,true,0.0000
split,gpt2-qkv-split,Arke,3.1,2.9,,1.2903,ok,,false,true,0,0,0.001,0.001,ok,,,,,,1.0,1.2903,true,0.2903
split,llama-qkv-split,PyTorch-eager,4.1,1.9,,1.0000,ok,,false,true,0,0,0.001,0.001,ok,,,,,,1.0,1.0000,true,0.0000
split,llama-qkv-split,Arke,3.2,2.9,,1.2812,ok,,false,true,0,0,0.001,0.001,ok,,,,,,1.0,1.2812,true,0.2812
split,llama3-qkv-gqa,PyTorch-eager,4.4,5.1,,1.0000,ok,,false,true,0,0,0.001,0.001,ok,,,,,,1.0,1.0000,true,0.0000
split,llama3-qkv-gqa,Arke,3.3,3.0,,1.3333,ok,,false,true,0,0,0.001,0.001,ok,,,,,,1.0,1.3333,true,0.3333
split,qwen25-qkv-gqa,PyTorch-eager,4.2,4.1,,1.0000,ok,,false,true,0,0,0.001,0.001,ok,,,,,,1.0,1.0000,true,0.0000
split,qwen25-qkv-gqa,Arke,3.1,4.1,,1.3548,ok,,false,true,0,0,0.001,0.001,ok,,,,,,1.0,1.3548,true,0.3548
split,ffn-gate-up,PyTorch-eager,3.8,4.1,,1.0000,ok,,false,true,0,0,0.001,0.001,ok,,,,,,1.0,1.0000,true,0.0000
split,ffn-gate-up,Arke,3.2,4.1,,1.1875,ok,,false,true,0,0,0.001,0.001,ok,,,,,,1.0,1.1875,true,0.1875
swiglu,gpt2-sm,PyTorch-eager,48.7,66.8,,1.0000,ok,,false,true,0,0,0.001,0.001,ok,,,,,,1.0,1.0000,true,0.0000
swiglu,gpt2-sm,Arke,48.3,3.6,,1.0083,ok,,false,true,0,0,0.001,0.001,ok,,,,,,1.0,1.0083,true,0.0083
swiglu,llama-7b-512,PyTorch-eager,39.6,2.3,,1.0000,ok,,false,true,0,0,0.001,0.001,ok,,,,,,1.0,1.0000,true,0.0000
swiglu,llama-7b-512,Arke,47.7,2.9,,0.8302,ok,,false,true,0,0,0.001,0.001,ok,,,,,,1.0,0.8302,false,-0.1698
swiglu,llama-7b-2k,PyTorch-eager,41.5,1.8,,1.0000,ok,,false,true,0,0,0.001,0.001,ok,,,,,,1.0,1.0000,true,0.0000
swiglu,llama-7b-2k,Arke,46.5,67.3,,0.8925,ok,,false,true,0,0,0.001,0.001,ok,,,,,,1.0,0.8925,false,-0.1075
swiglu,llama3-8b,PyTorch-eager,40.1,5.4,,1.0000,ok,,false,true,0,0,0.001,0.001,ok,,,,,,1.0,1.0000,true,0.0000
swiglu,llama3-8b,Arke,47.1,51.4,,0.8514,ok,,false,true,0,0,0.001,0.001,ok,,,,,,1.0,0.8514,false,-0.1486
tanh,micro-tiny,cuBLAS/cuDNN,73.9,88.1,,1.0406,ok,,false,true,0,0,0.001,0.001,ok,,,,,,1.0,1.0406,true,0.0406
tanh,micro-tiny,PyTorch-eager,76.9,81.8,,1.0000,ok,,false,true,0,0,0.001,0.001,ok,,,,,,1.0,1.0000,true,0.0000
tanh,micro-tiny,Arke,74.5,86.1,,1.0322,ok,,false,true,0,0,0.001,0.001,ok,,,,,,1.0,1.0322,true,0.0322
tanh,micro-tiny,FlagGems,80.4,57.3,,0.9565,ok,,false,true,0,0,0.001,0.001,ok,,,,,,1.0,0.9565,false,-0.0435
tanh,micro-small,cuBLAS/cuDNN,77.4,92.2,,0.9509,ok,,false,true,0,0,0.001,0.001,ok,,,,,,1.0,0.9509,false,-0.0491
tanh,micro-small,PyTorch-eager,73.6,91.1,,1.0000,ok,,false,true,0,0,0.001,0.001,ok,,,,,,1.0,1.0000,true,0.0000
tanh,micro-small,Arke,76.2,78.8,,0.9659,ok,,false,true,0,0,0.001,0.001,ok,,,,,,1.0,0.9659,false,-0.0341
tanh,micro-small,FlagGems,77.3,95.2,,0.9521,ok,,false,true,0,0,0.001,0.001,ok,,,,,,1.0,0.9521,false,-0.0479
tanh,gpt2-hidden,cuBLAS/cuDNN,77.2,91.1,,1.0091,ok,,false,true,0,0,0.001,0.001,ok,,,,,,1.0,1.0091,true,0.0091
tanh,gpt2-hidden,PyTorch-eager,77.9,88.2,,1.0000,ok,,false,true,0,0,0.001,0.001,ok,,,,,,1.0,1.0000,true,0.0000
tanh,gpt2-hidden,Arke,78.5,96.4,,0.9924,ok,,false,true,0,0,0.001,0.001,ok,,,,,,1.0,0.9924,false,-0.0076
tanh,gpt2-hidden,FlagGems,75.8,56.3,,1.0277,ok,,false,true,0,0,0.001,0.001,ok,,,,,,1.0,1.0277,true,0.0277
tanh,gpt2-ffn,cuBLAS/cuDNN,79.9,69.6,,0.9362,ok,,false,true,0,0,0.001,0.001,ok,,,,,,1.0,0.9362,false,-0.0638
tanh,gpt2-ffn,PyTorch-eager,74.8,88.1,,1.0000,ok,,false,true,0,0,0.001,0.001,ok,,,,,,1.0,1.0000,true,0.0000
tanh,gpt2-ffn,Arke,74.5,86.0,,1.0040,ok,,false,true,0,0,0.001,0.001,ok,,,,,,1.0,1.0040,true,0.0040
tanh,gpt2-ffn,FlagGems,74.9,44.2,,0.9987,ok,,false,true,0,0,0.001,0.001,ok,,,,,,1.0,0.9987,false,-0.0013
tanh,square-1k,cuBLAS/cuDNN,73.5,45.1,,0.9578,ok,,false,true,0,0,0.001,0.001,ok,,,,,,1.0,0.9578,false,-0.0422
tanh,square-1k,PyTorch-eager,70.4,87.0,,1.0000,ok,,false,true,0,0,0.001,0.001,ok,,,,,,1.0,1.0000,true,0.0000
tanh,square-1k,Arke,75.4,47.1,,0.9337,ok,,false,true,0,0,0.001,0.001,ok,,,,,,1.0,0.9337,false,-0.0663
tanh,square-1k,FlagGems,74.3,91.1,,0.9475,ok,,false,true,0,0,0.001,0.001,ok,,,,,,1.0,0.9475,false,-0.0525
tanh,llama-ffn,cuBLAS/cuDNN,117.5,150.5,,0.7549,ok,,false,true,0,0,0.001,0.001,ok,,,,,,1.0,0.7549,false,-0.2451
tanh,llama-ffn,PyTorch-eager,88.7,127.0,,1.0000,ok,,false,true,0,0,0.001,0.001,ok,,,,,,1.0,1.0000,true,0.0000
tanh,llama-ffn,Arke,86.5,105.5,,1.0254,ok,,false,true,0,0,0.001,0.001,ok,,,,,,1.0,1.0254,true,0.0254
tanh,llama-ffn,FlagGems,80.7,79.9,,1.0991,ok,,false,true,0,0,0.001,0.001,ok,,,,,,1.0,1.0991,true,0.0991
tanh,llama-hidden,cuBLAS/cuDNN,74.0,103.4,,1.0162,ok,,false,true,0,0,0.001,0.001,ok,,,,,,1.0,1.0162,true,0.0162
tanh,llama-hidden,PyTorch-eager,75.2,102.4,,1.0000,ok,,false,true,0,0,0.001,0.001,ok,,,,,,1.0,1.0000,true,0.0000
tanh,llama-hidden,Arke,77.1,101.4,,0.9754,ok,,false,true,0,0,0.001,0.001,ok,,,,,,1.0,0.9754,false,-0.0246
tanh,llama-hidden,FlagGems,76.9,50.2,,0.9779,ok,,false,true,0,0,0.001,0.001,ok,,,,,,1.0,0.9779,false,-0.0221
tanh,llama-long,cuBLAS/cuDNN,273.2,272.4,,0.9993,ok,,false,true,0,0,0.001,0.001,ok,,,,,,1.0,0.9993,false,-0.0007
tanh,llama-long,PyTorch-eager,273.0,264.2,,1.0000,ok,,false,true,0,0,0.001,0.001,ok,,,,,,1.0,1.0000,true,0.0000
tanh,llama-long,Arke,251.8,252.9,,1.0842,ok,,false,true,0,0,0.001,0.001,ok,,,,,,1.0,1.0842,true,0.0842
tanh,llama-long,FlagGems,244.7,245.8,,1.1157,ok,,false,true,0,0,0.001,0.001,ok,,,,,,1.0,1.1157,true,0.1157
tanh,ds-ffn,cuBLAS/cuDNN,92.4,97.3,,0.9654,ok,,false,true,0,0,0.001,0.001,ok,,,,,,1.0,0.9654,false,-0.0346
tanh,ds-ffn,PyTorch-eager,89.2,142.3,,1.0000,ok,,false,true,0,0,0.001,0.001,ok,,,,,,1.0,1.0000,true,0.0000
tanh,ds-ffn,Arke,86.8,96.3,,1.0276,ok,,false,true,0,0,0.001,0.001,ok,,,,,,1.0,1.0276,true,0.0276
tanh,ds-ffn,FlagGems,87.0,91.1,,1.0253,ok,,false,true,0,0,0.001,0.001,ok,,,,,,1.0,1.0253,true,0.0253
tanh,ds-ffn-large,cuBLAS/cuDNN,138.3,144.4,,1.0376,ok,,false,true,0,0,0.001,0.001,ok,,,,,,1.0,1.0376,true,0.0376
tanh,ds-ffn-large,PyTorch-eager,143.5,214.0,,1.0000,ok,,false,true,0,0,0.001,0.001,ok,,,,,,1.0,1.0000,true,0.0000
tanh,ds-ffn-large,Arke,173.2,171.0,,0.8285,ok,,false,true,0,0,0.001,0.001,ok,,,,,,1.0,0.8285,false,-0.1715
tanh,ds-ffn-large,FlagGems,147.0,154.6,,0.9762,ok,,false,true,0,0,0.001,0.001,ok,,,,,,1.0,0.9762,false,-0.0238
tanh,qwen-ffn,cuBLAS/cuDNN,166.6,169.0,,1.0060,ok,,false,true,0,0,0.001,0.001,ok,,,,,,1.0,1.0060,true,0.0060
tanh,qwen-ffn,PyTorch-eager,167.6,198.7,,1.0000,ok,,false,true,0,0,0.001,0.001,ok,,,,,,1.0,1.0000,true,0.0000
tanh,qwen-ffn,Arke,195.8,183.3,,0.8560,ok,,false,true,0,0,0.001,0.001,ok,,,,,,1.0,0.8560,false,-0.1440
tanh,qwen-ffn,FlagGems,141.8,148.5,,1.1819,ok,,false,true,0,0,0.001,0.001,ok,,,,,,1.0,1.1819,true,0.1819
tanh,xlarge,cuBLAS/cuDNN,569.6,441.3,,0.8910,ok,,false,true,0,0,0.001,0.001,ok,,,,,,1.0,0.8910,false,-0.1090
tanh,xlarge,PyTorch-eager,507.5,450.6,,1.0000,ok,,false,true,0,0,0.001,0.001,ok,,,,,,1.0,1.0000,true,0.0000
tanh,xlarge,Arke,475.4,431.1,,1.0675,ok,,false,true,0,0,0.001,0.001,ok,,,,,,1.0,1.0675,true,0.0675
tanh,xlarge,FlagGems,520.6,482.3,,0.9748,ok,,false,true,0,0,0.001,0.001,ok,,,,,,1.0,0.9748,false,-0.0252
topk,moe-top2-small,PyTorch-eager,108.2,147.5,,1.0000,ok,,false,true,0,0,0.001,0.001,ok,,,,,,1.0,1.0000,true,0.0000
topk,moe-top2-small,Arke,96.4,106.6,,1.1224,ok,,false,true,0,0,0.001,0.001,ok,,,,,,1.0,1.1224,true,0.1224
topk,moe-top2-gpt2,PyTorch-eager,898.0,735.0,,1.0000,ok,,false,true,0,0,0.001,0.001,ok,,,,,,1.0,1.0000,true,0.0000
topk,moe-top2-gpt2,Arke,91.8,118.8,,9.7821,ok,,false,true,0,0,0.001,0.001,ok,,,,,,1.0,9.7821,true,8.7821
topk,moe-top4-llama,PyTorch-eager,331.2,320.5,,1.0000,ok,,false,true,0,0,0.001,0.001,ok,,,,,,1.0,1.0000,true,0.0000
topk,moe-top4-llama,Arke,104.6,93.2,,3.1663,ok,,false,true,0,0,0.001,0.001,ok,,,,,,1.0,3.1663,true,2.1663
topk,moe-top2-ds,PyTorch-eager,355.3,331.8,,1.0000,ok,,false,true,0,0,0.001,0.001,ok,,,,,,1.0,1.0000,true,0.0000
topk,moe-top2-ds,Arke,99.2,114.7,,3.5817,ok,,false,true,0,0,0.001,0.001,ok,,,,,,1.0,3.5817,true,2.5817
topk,sampling-top50,PyTorch-eager,359.5,357.4,,1.0000,ok,,false,true,0,0,0.001,0.001,ok,,,,,,1.0,1.0000,true,0.0000
topk,sampling-top50,Arke,99.7,61.4,,3.6058,ok,,false,true,0,0,0.001,0.001,ok,,,,,,1.0,3.6058,true,2.6058
topk,sampling-top50-llama3,PyTorch-eager,1036.1,850.9,,1.0000,ok,,false,true,0,0,0.001,0.001,ok,,,,,,1.0,1.0000,true,0.0000
topk,sampling-top50-llama3,Arke,304.9,36.9,,3.3982,ok,,false,true,0,0,0.001,0.001,ok,,,,,,1.0,3.3982,true,2.3982
topk,sampling-top100-qwen,PyTorch-eager,998.1,817.2,,1.0000,ok,,false,true,0,0,0.001,0.001,ok,,,,,,1.0,1.0000,true,0.0000
topk,sampling-top100-qwen,Arke,138.0,78.8,,7.2326,ok,,false,true,0,0,0.001,0.001,ok,,,,,,1.0,7.2326,true,6.2326
transpose,small,cuBLAS/cuDNN,83.8,103.4,,0.0119,ok,,false,true,0,0,0.001,0.001,ok,,,,,,1.0,0.0119,false,-0.9881
transpose,small,PyTorch-eager,1.0,3.1,,1.0000,ok,,false,true,0,0,0.001,0.001,ok,,,,,,1.0,1.0000,true,0.0000
transpose,small,Arke,80.8,99.2,,0.0124,ok,,false,true,0,0,0.001,0.001,ok,,,,,,1.0,0.0124,false,-0.9876
transpose,small,FlagGems,77.8,103.4,,0.0129,ok,,false,true,0,0,0.001,0.001,ok,,,,,,1.0,0.0129,false,-0.9871
transpose,square-1k,cuBLAS/cuDNN,79.8,140.3,,0.0125,ok,,false,true,0,0,0.001,0.001,ok,,,,,,1.0,0.0125,false,-0.9875
transpose,square-1k,PyTorch-eager,1.0,5.1,,1.0000,ok,,false,true,0,0,0.001,0.001,ok,,,,,,1.0,1.0000,true,0.0000
transpose,square-1k,Arke,84.6,129.0,,0.0118,ok,,false,true,0,0,0.001,0.001,ok,,,,,,1.0,0.0118,false,-0.9882
transpose,square-1k,FlagGems,81.7,134.1,,0.0122,ok,,false,true,0,0,0.001,0.001,ok,,,,,,1.0,0.0122,false,-0.9878
transpose,llama-kv,cuBLAS/cuDNN,189.0,218.1,,0.0042,ok,,false,true,0,0,0.001,0.001,ok,,,,,,1.0,0.0042,false,-0.9958
transpose,llama-kv,PyTorch-eager,0.8,3.1,,1.0000,ok,,false,true,0,0,0.001,0.001,ok,,,,,,1.0,1.0000,true,0.0000
transpose,llama-kv,Arke,187.9,262.1,,0.0043,ok,,false,true,0,0,0.001,0.001,ok,,,,,,1.0,0.0043,false,-0.9957
transpose,llama-kv,FlagGems,192.7,226.3,,0.0042,ok,,false,true,0,0,0.001,0.001,ok,,,,,,1.0,0.0042,false,-0.9958
transpose,wide,cuBLAS/cuDNN,85.2,92.2,,0.0117,ok,,false,true,0,0,0.001,0.001,ok,,,,,,1.0,0.0117,false,-0.9883
transpose,wide,PyTorch-eager,1.0,4.1,,1.0000,ok,,false,true,0,0,0.001,0.001,ok,,,,,,1.0,1.0000,true,0.0000
transpose,wide,Arke,80.0,84.0,,0.0125,ok,,false,true,0,0,0.001,0.001,ok,,,,,,1.0,0.0125,false,-0.9875
transpose,wide,FlagGems,86.2,96.3,,0.0116,ok,,false,true,0,0,0.001,0.001,ok,,,,,,1.0,0.0116,false,-0.9884
where_,micro-tiny,PyTorch-eager,126.2,123.9,,1.0000,ok,,false,true,0,0,0.001,0.001,ok,,,,,,1.0,1.0000,true,0.0000
where_,micro-tiny,Arke,101.1,13.3,,1.2483,ok,,false,true,0,0,0.001,0.001,ok,,,,,,1.0,1.2483,true,0.2483
where_,micro-tiny,FlagGems,125.1,133.1,,1.0088,ok,,false,true,0,0,0.001,0.001,ok,,,,,,1.0,1.0088,true,0.0088
where_,micro-small,PyTorch-eager,126.8,85.0,,1.0000,ok,,false,true,0,0,0.001,0.001,ok,,,,,,1.0,1.0000,true,0.0000
where_,micro-small,Arke,139.6,130.0,,0.9083,ok,,false,true,0,0,0.001,0.001,ok,,,,,,1.0,0.9083,false,-0.0917
where_,micro-small,FlagGems,110.6,120.8,,1.1465,ok,,false,true,0,0,0.001,0.001,ok,,,,,,1.0,1.1465,true,0.1465
where_,gpt2-hidden,PyTorch-eager,115.6,77.8,,1.0000,ok,,false,true,0,0,0.001,0.001,ok,,,,,,1.0,1.0000,true,0.0000
where_,gpt2-hidden,Arke,104.8,119.8,,1.1031,ok,,false,true,0,0,0.001,0.001,ok,,,,,,1.0,1.1031,true,0.1031
where_,gpt2-hidden,FlagGems,103.6,98.3,,1.1158,ok,,false,true,0,0,0.001,0.001,ok,,,,,,1.0,1.1158,true,0.1158
where_,gpt2-ffn,PyTorch-eager,109.4,102.4,,1.0000,ok,,false,true,0,0,0.001,0.001,ok,,,,,,1.0,1.0000,true,0.0000
where_,gpt2-ffn,Arke,106.7,119.8,,1.0253,ok,,false,true,0,0,0.001,0.001,ok,,,,,,1.0,1.0253,true,0.0253
where_,gpt2-ffn,FlagGems,117.2,104.4,,0.9334,ok,,false,true,0,0,0.001,0.001,ok,,,,,,1.0,0.9334,false,-0.0666
where_,square-1k,PyTorch-eager,127.2,106.5,,1.0000,ok,,false,true,0,0,0.001,0.001,ok,,,,,,1.0,1.0000,true,0.0000
where_,square-1k,Arke,120.5,104.4,,1.0556,ok,,false,true,0,0,0.001,0.001,ok,,,,,,1.0,1.0556,true,0.0556
where_,square-1k,FlagGems,96.5,87.0,,1.3181,ok,,false,true,0,0,0.001,0.001,ok,,,,,,1.0,1.3181,true,0.3181
where_,llama-ffn,PyTorch-eager,128.3,171.0,,1.0000,ok,,false,true,0,0,0.001,0.001,ok,,,,,,1.0,1.0000,true,0.0000
where_,llama-ffn,Arke,134.9,222.2,,0.9511,ok,,false,true,0,0,0.001,0.001,ok,,,,,,1.0,0.9511,false,-0.0489
where_,llama-ffn,FlagGems,133.1,153.6,,0.9639,ok,,false,true,0,0,0.001,0.001,ok,,,,,,1.0,0.9639,false,-0.0361
where_,llama-hidden,PyTorch-eager,112.4,115.7,,1.0000,ok,,false,true,0,0,0.001,0.001,ok,,,,,,1.0,1.0000,true,0.0000
where_,llama-hidden,Arke,124.8,65.5,,0.9006,ok,,false,true,0,0,0.001,0.001,ok,,,,,,1.0,0.9006,false,-0.0994
where_,llama-hidden,FlagGems,110.5,115.7,,1.0172,ok,,false,true,0,0,0.001,0.001,ok,,,,,,1.0,1.0172,true,0.0172
where_,llama-long,PyTorch-eager,371.2,372.7,,1.0000,ok,,false,true,0,0,0.001,0.001,ok,,,,,,1.0,1.0000,true,0.0000
where_,llama-long,Arke,388.3,372.7,,0.9560,ok,,false,true,0,0,0.001,0.001,ok,,,,,,1.0,0.9560,false,-0.0440
where_,llama-long,FlagGems,461.8,441.3,,0.8038,ok,,false,true,0,0,0.001,0.001,ok,,,,,,1.0,0.8038,false,-0.1962
where_,ds-ffn,PyTorch-eager,145.6,175.0,,1.0000,ok,,false,true,0,0,0.001,0.001,ok,,,,,,1.0,1.0000,true,0.0000
where_,ds-ffn,Arke,160.0,239.6,,0.9100,ok,,false,true,0,0,0.001,0.001,ok,,,,,,1.0,0.9100,false,-0.0900
where_,ds-ffn,FlagGems,161.4,261.1,,0.9021,ok,,false,true,0,0,0.001,0.001,ok,,,,,,1.0,0.9021,false,-0.0979
where_,ds-ffn-large,PyTorch-eager,212.4,216.1,,1.0000,ok,,false,true,0,0,0.001,0.001,ok,,,,,,1.0,1.0000,true,0.0000
where_,ds-ffn-large,Arke,230.5,271.4,,0.9215,ok,,false,true,0,0,0.001,0.001,ok,,,,,,1.0,0.9215,false,-0.0785
where_,ds-ffn-large,FlagGems,255.8,271.4,,0.8303,ok,,false,true,0,0,0.001,0.001,ok,,,,,,1.0,0.8303,false,-0.1697
where_,qwen-ffn,PyTorch-eager,217.3,217.1,,1.0000,ok,,false,true,0,0,0.001,0.001,ok,,,,,,1.0,1.0000,true,0.0000
where_,qwen-ffn,Arke,217.2,217.1,,1.0005,ok,,false,true,0,0,0.001,0.001,ok,,,,,,1.0,1.0005,true,0.0005
where_,qwen-ffn,FlagGems,252.4,292.9,,0.8609,ok,,false,true,0,0,0.001,0.001,ok,,,,,,1.0,0.8609,false,-0.1391
where_,xlarge,PyTorch-eager,772.8,736.3,,1.0000,ok,,false,true,0,0,0.001,0.001,ok,,,,,,1.0,1.0000,true,0.0000
where_,xlarge,Arke,735.4,738.3,,1.0509,ok,,false,true,0,0,0.001,0.001,ok,,,,,,1.0,1.0509,true,0.0509
where_,xlarge,FlagGems,747.7,737.3,,1.0336,ok,,false,true,0,0,0.001,0.001,ok,,,,,,1.0,1.0336,true,0.0336
