operator,shape_tag,baseline,latency_us,latency_min_us,tflops,ratio_vs_baseline,status,reason,retryable,allclose,max_abs_diff,mean_abs_diff,rtol,atol,correctness_status,correctness_reason,memory_bytes_required,memory_bytes_budget,memory_ratio,memory_policy,perf_target,perf_actual,perf_pass,perf_gap
add,micro-tiny,cuBLAS/cuDNN,93.5,110.6,,0.8898,ok,,false,true,0,0,0.001,0.001,ok,,,,,,1.0,0.8898,false,-0.1102
add,micro-tiny,PyTorch-eager,83.2,74.7,,1.0000,ok,,false,true,0,0,0.001,0.001,ok,,,,,,1.0,1.0000,true,0.0000
add,micro-tiny,Arke,88.1,99.3,,0.9444,ok,,false,true,0,0,0.001,0.001,ok,,,,,,1.0,0.9444,false,-0.0556
add,micro-tiny,FlagGems,89.8,11.3,,0.9265,ok,,false,true,0,0,0.001,0.001,ok,,,,,,1.0,0.9265,false,-0.0735
add,micro-small,cuBLAS/cuDNN,81.6,96.3,,1.0159,ok,,false,true,0,0,0.001,0.001,ok,,,,,,1.0,1.0159,true,0.0159
add,micro-small,PyTorch-eager,82.9,103.4,,1.0000,ok,,false,true,0,0,0.001,0.001,ok,,,,,,1.0,1.0000,true,0.0000
add,micro-small,Arke,86.5,77.8,,0.9584,ok,,false,true,0,0,0.001,0.001,ok,,,,,,1.0,0.9584,false,-0.0416
add,micro-small,FlagGems,83.3,106.5,,0.9952,ok,,false,true,0,0,0.001,0.001,ok,,,,,,1.0,0.9952,false,-0.0048
add,gpt2-hidden,cuBLAS/cuDNN,82.5,100.4,,1.1624,ok,,false,true,0,0,0.001,0.001,ok,,,,,,1.0,1.1624,true,0.1624
add,gpt2-hidden,PyTorch-eager,95.9,105.4,,1.0000,ok,,false,true,0,0,0.001,0.001,ok,,,,,,1.0,1.0000,true,0.0000
add,gpt2-hidden,Arke,89.3,107.4,,1.0739,ok,,false,true,0,0,0.001,0.001,ok,,,,,,1.0,1.0739,true,0.0739
add,gpt2-hidden,FlagGems,86.3,36.9,,1.1112,ok,,false,true,0,0,0.001,0.001,ok,,,,,,1.0,1.1112,true,0.1112
add,gpt2-ffn,cuBLAS/cuDNN,89.6,95.2,,0.8962,ok,,false,true,0,0,0.001,0.001,ok,,,,,,1.0,0.8962,false,-0.1038
add,gpt2-ffn,PyTorch-eager,80.3,88.1,,1.0000,ok,,false,true,0,0,0.001,0.001,ok,,,,,,1.0,1.0000,true,0.0000
add,gpt2-ffn,Arke,86.6,104.4,,0.9273,ok,,false,true,0,0,0.001,0.001,ok,,,,,,1.0,0.9273,false,-0.0727
add,gpt2-ffn,FlagGems,83.1,106.3,,0.9663,ok,,false,true,0,0,0.001,0.001,ok,,,,,,1.0,0.9663,false,-0.0337
add,square-1k,cuBLAS/cuDNN,81.0,105.5,,1.0136,ok,,false,true,0,0,0.001,0.001,ok,,,,,,1.0,1.0136,true,0.0136
add,square-1k,PyTorch-eager,82.1,99.1,,1.0000,ok,,false,true,0,0,0.001,0.001,ok,,,,,,1.0,1.0000,true,0.0000
add,square-1k,Arke,90.4,109.6,,0.9082,ok,,false,true,0,0,0.001,0.001,ok,,,,,,1.0,0.9082,false,-0.0918
add,square-1k,FlagGems,83.0,107.3,,0.9892,ok,,false,true,0,0,0.001,0.001,ok,,,,,,1.0,0.9892,false,-0.0108
add,llama-ffn,cuBLAS/cuDNN,114.9,116.5,,0.9730,ok,,false,true,0,0,0.001,0.001,ok,,,,,,1.0,0.9730,false,-0.0270
add,llama-ffn,PyTorch-eager,111.8,158.7,,1.0000,ok,,false,true,0,0,0.001,0.001,ok,,,,,,1.0,1.0000,true,0.0000
add,llama-ffn,Arke,111.5,120.8,,1.0027,ok,,false,true,0,0,0.001,0.001,ok,,,,,,1.0,1.0027,true,0.0027
add,llama-ffn,FlagGems,111.9,183.3,,0.9991,ok,,false,true,0,0,0.001,0.001,ok,,,,,,1.0,0.9991,false,-0.0009
add,llama-hidden,cuBLAS/cuDNN,108.7,115.7,,0.8905,ok,,false,true,0,0,0.001,0.001,ok,,,,,,1.0,0.8905,false,-0.1095
add,llama-hidden,PyTorch-eager,96.8,113.7,,1.0000,ok,,false,true,0,0,0.001,0.001,ok,,,,,,1.0,1.0000,true,0.0000
add,llama-hidden,Arke,86.3,113.7,,1.1217,ok,,false,true,0,0,0.001,0.001,ok,,,,,,1.0,1.1217,true,0.1217
add,llama-hidden,FlagGems,113.6,118.8,,0.8521,ok,,false,true,0,0,0.001,0.001,ok,,,,,,1.0,0.8521,false,-0.1479
add,llama-long,cuBLAS/cuDNN,321.7,322.5,,1.0009,ok,,false,true,0,0,0.001,0.001,ok,,,,,,1.0,1.0009,true,0.0009
add,llama-long,PyTorch-eager,322.0,322.6,,1.0000,ok,,false,true,0,0,0.001,0.001,ok,,,,,,1.0,1.0000,true,0.0000
add,llama-long,Arke,322.7,322.6,,0.9978,ok,,false,true,0,0,0.001,0.001,ok,,,,,,1.0,0.9978,false,-0.0022
add,llama-long,FlagGems,321.6,322.6,,1.0012,ok,,false,true,0,0,0.001,0.001,ok,,,,,,1.0,1.0012,true,0.0012
add,ds-ffn,cuBLAS/cuDNN,124.7,202.8,,1.0225,ok,,false,true,0,0,0.001,0.001,ok,,,,,,1.0,1.0225,true,0.0225
add,ds-ffn,PyTorch-eager,127.5,196.6,,1.0000,ok,,false,true,0,0,0.001,0.001,ok,,,,,,1.0,1.0000,true,0.0000
add,ds-ffn,Arke,123.8,180.2,,1.0299,ok,,false,true,0,0,0.001,0.001,ok,,,,,,1.0,1.0299,true,0.0299
add,ds-ffn,FlagGems,125.7,190.5,,1.0143,ok,,false,true,0,0,0.001,0.001,ok,,,,,,1.0,1.0143,true,0.0143
add,ds-ffn-large,cuBLAS/cuDNN,183.2,186.4,,1.0005,ok,,false,true,0,0,0.001,0.001,ok,,,,,,1.0,1.0005,true,0.0005
add,ds-ffn-large,PyTorch-eager,183.3,188.4,,1.0000,ok,,false,true,0,0,0.001,0.001,ok,,,,,,1.0,1.0000,true,0.0000
add,ds-ffn-large,Arke,183.2,189.4,,1.0005,ok,,false,true,0,0,0.001,0.001,ok,,,,,,1.0,1.0005,true,0.0005
add,ds-ffn-large,FlagGems,182.9,190.5,,1.0022,ok,,false,true,0,0,0.001,0.001,ok,,,,,,1.0,1.0022,true,0.0022
add,qwen-ffn,cuBLAS/cuDNN,188.1,191.5,,1.0016,ok,,false,true,0,0,0.001,0.001,ok,,,,,,1.0,1.0016,true,0.0016
add,qwen-ffn,PyTorch-eager,188.4,212.8,,1.0000,ok,,false,true,0,0,0.001,0.001,ok,,,,,,1.0,1.0000,true,0.0000
add,qwen-ffn,Arke,188.6,240.5,,0.9989,ok,,false,true,0,0,0.001,0.001,ok,,,,,,1.0,0.9989,false,-0.0011
add,qwen-ffn,FlagGems,188.3,193.5,,1.0005,ok,,false,true,0,0,0.001,0.001,ok,,,,,,1.0,1.0005,true,0.0005
add,xlarge,cuBLAS/cuDNN,638.2,639.0,,1.0006,ok,,false,true,0,0,0.001,0.001,ok,,,,,,1.0,1.0006,true,0.0006
add,xlarge,PyTorch-eager,638.6,638.0,,1.0000,ok,,false,true,0,0,0.001,0.001,ok,,,,,,1.0,1.0000,true,0.0000
add,xlarge,Arke,637.3,635.9,,1.0020,ok,,false,true,0,0,0.001,0.001,ok,,,,,,1.0,1.0020,true,0.0020
add,xlarge,FlagGems,639.4,641.0,,0.9987,ok,,false,true,0,0,0.001,0.001,ok,,,,,,1.0,0.9987,false,-0.0013
add,non-align-1,cuBLAS/cuDNN,101.7,71.8,,0.8201,ok,,false,true,0,0,0.001,0.001,ok,,,,,,1.0,0.8201,false,-0.1799
add,non-align-1,PyTorch-eager,83.4,8.2,,1.0000,ok,,false,true,0,0,0.001,0.001,ok,,,,,,1.0,1.0000,true,0.0000
add,non-align-1,Arke,86.7,107.5,,0.9619,ok,,false,true,0,0,0.001,0.001,ok,,,,,,1.0,0.9619,false,-0.0381
add,non-align-1,FlagGems,130.2,101.4,,0.6406,ok,,false,true,0,0,0.001,0.001,ok,,,,,,1.0,0.6406,false,-0.3594
add,non-align-2,cuBLAS/cuDNN,83.1,96.3,,1.0156,ok,,false,true,0,0,0.001,0.001,ok,,,,,,1.0,1.0156,true,0.0156
add,non-align-2,PyTorch-eager,84.4,103.4,,1.0000,ok,,false,true,0,0,0.001,0.001,ok,,,,,,1.0,1.0000,true,0.0000
add,non-align-2,Arke,84.4,64.5,,1.0000,ok,,false,true,0,0,0.001,0.001,ok,,,,,,1.0,1.0000,true,0.0000
add,non-align-2,FlagGems,87.6,127.0,,0.9635,ok,,false,true,0,0,0.001,0.001,ok,,,,,,1.0,0.9635,false,-0.0365
add,non-align-3,cuBLAS/cuDNN,161.8,223.2,,0.9988,ok,,false,true,0,0,0.001,0.001,ok,,,,,,1.0,0.9988,false,-0.0012
add,non-align-3,PyTorch-eager,161.6,166.9,,1.0000,ok,,false,true,0,0,0.001,0.001,ok,,,,,,1.0,1.0000,true,0.0000
add,non-align-3,Arke,162.2,166.9,,0.9963,ok,,false,true,0,0,0.001,0.001,ok,,,,,,1.0,0.9963,false,-0.0037
add,non-align-3,FlagGems,162.0,217.1,,0.9975,ok,,false,true,0,0,0.001,0.001,ok,,,,,,1.0,0.9975,false,-0.0025
add,non-align-4,cuBLAS/cuDNN,84.0,147.5,,0.9976,ok,,false,true,0,0,0.001,0.001,ok,,,,,,1.0,0.9976,false,-0.0024
add,non-align-4,PyTorch-eager,83.8,126.8,,1.0000,ok,,false,true,0,0,0.001,0.001,ok,,,,,,1.0,1.0000,true,0.0000
add,non-align-4,Arke,86.7,116.7,,0.9666,ok,,false,true,0,0,0.001,0.001,ok,,,,,,1.0,0.9666,false,-0.0334
add,non-align-4,FlagGems,87.8,147.5,,0.9544,ok,,false,true,0,0,0.001,0.001,ok,,,,,,1.0,0.9544,false,-0.0456
add,non-align-5,cuBLAS/cuDNN,84.0,101.2,,1.0821,ok,,false,true,0,0,0.001,0.001,ok,,,,,,1.0,1.0821,true,0.0821
add,non-align-5,PyTorch-eager,90.9,100.4,,1.0000,ok,,false,true,0,0,0.001,0.001,ok,,,,,,1.0,1.0000,true,0.0000
add,non-align-5,Arke,86.8,65.7,,1.0472,ok,,false,true,0,0,0.001,0.001,ok,,,,,,1.0,1.0472,true,0.0472
add,non-align-5,FlagGems,92.6,98.3,,0.9816,ok,,false,true,0,0,0.001,0.001,ok,,,,,,1.0,0.9816,false,-0.0184
add,extreme-flat,cuBLAS/cuDNN,85.0,71.7,,1.0506,ok,,false,true,0,0,0.001,0.001,ok,,,,,,1.0,1.0506,true,0.0506
add,extreme-flat,PyTorch-eager,89.3,75.8,,1.0000,ok,,false,true,0,0,0.001,0.001,ok,,,,,,1.0,1.0000,true,0.0000
add,extreme-flat,Arke,90.5,100.4,,0.9867,ok,,false,true,0,0,0.001,0.001,ok,,,,,,1.0,0.9867,false,-0.0133
add,extreme-flat,FlagGems,83.7,101.4,,1.0669,ok,,false,true,0,0,0.001,0.001,ok,,,,,,1.0,1.0669,true,0.0669
add,extreme-tall,cuBLAS/cuDNN,82.4,107.3,,1.1238,ok,,false,true,0,0,0.001,0.001,ok,,,,,,1.0,1.1238,true,0.1238
add,extreme-tall,PyTorch-eager,92.6,103.2,,1.0000,ok,,false,true,0,0,0.001,0.001,ok,,,,,,1.0,1.0000,true,0.0000
add,extreme-tall,Arke,116.1,100.4,,0.7976,ok,,false,true,0,0,0.001,0.001,ok,,,,,,1.0,0.7976,false,-0.2024
add,extreme-tall,FlagGems,83.8,106.8,,1.1050,ok,,false,true,0,0,0.001,0.001,ok,,,,,,1.0,1.1050,true,0.1050
add,extreme-wide,cuBLAS/cuDNN,112.7,88.0,,0.7551,ok,,false,true,0,0,0.001,0.001,ok,,,,,,1.0,0.7551,false,-0.2449
add,extreme-wide,PyTorch-eager,85.1,157.6,,1.0000,ok,,false,true,0,0,0.001,0.001,ok,,,,,,1.0,1.0000,true,0.0000
add,extreme-wide,Arke,87.3,135.2,,0.9748,ok,,false,true,0,0,0.001,0.001,ok,,,,,,1.0,0.9748,false,-0.0252
add,extreme-wide,FlagGems,85.3,88.1,,0.9977,ok,,false,true,0,0,0.001,0.001,ok,,,,,,1.0,0.9977,false,-0.0023
argmax,small,PyTorch-eager,54.5,63.2,,1.0000,ok,,false,true,0,0,0.001,0.001,ok,golden_runner='FlagGems' returned None; used PyTorch-eager reference fallback,,,,,1.0,1.0000,true,0.0000
argmax,small,Arke,45.9,71.4,,1.1874,ok,,false,true,0,0,0.001,0.001,ok,golden_runner='FlagGems' returned None; used PyTorch-eager reference fallback,,,,,1.0,1.1874,true,0.1874
argmax,medium,PyTorch-eager,45.3,65.5,,1.0000,ok,,false,true,0,0,0.001,0.001,ok,golden_runner='FlagGems' returned None; used PyTorch-eager reference fallback,,,,,1.0,1.0000,true,0.0000
argmax,medium,Arke,48.7,71.6,,0.9302,ok,,false,true,0,0,0.001,0.001,ok,golden_runner='FlagGems' returned None; used PyTorch-eager reference fallback,,,,,1.0,0.9302,false,-0.0698
argmax,large,PyTorch-eager,52.2,31.7,,1.0000,ok,,false,true,0,0,0.001,0.001,ok,golden_runner='FlagGems' returned None; used PyTorch-eager reference fallback,,,,,1.0,1.0000,true,0.0000
argmax,large,Arke,47.6,74.0,,1.0966,ok,,false,true,0,0,0.001,0.001,ok,golden_runner='FlagGems' returned None; used PyTorch-eager reference fallback,,,,,1.0,1.0966,true,0.0966
argmax,wide,PyTorch-eager,49.8,62.3,,1.0000,ok,,false,true,0,0,0.001,0.001,ok,golden_runner='FlagGems' returned None; used PyTorch-eager reference fallback,,,,,1.0,1.0000,true,0.0000
argmax,wide,Arke,47.7,63.7,,1.0440,ok,,false,true,0,0,0.001,0.001,ok,golden_runner='FlagGems' returned None; used PyTorch-eager reference fallback,,,,,1.0,1.0440,true,0.0440
argmax,llama3-wide,PyTorch-eager,57.1,32.8,,1.0000,ok,,false,true,0,0,0.001,0.001,ok,golden_runner='FlagGems' returned None; used PyTorch-eager reference fallback,,,,,1.0,1.0000,true,0.0000
argmax,llama3-wide,Arke,66.7,32.8,,0.8561,ok,,false,true,0,0,0.001,0.001,ok,golden_runner='FlagGems' returned None; used PyTorch-eager reference fallback,,,,,1.0,0.8561,false,-0.1439
argmax,qwen25-wide,PyTorch-eager,47.8,65.5,,1.0000,ok,,false,true,0,0,0.001,0.001,ok,golden_runner='FlagGems' returned None; used PyTorch-eager reference fallback,,,,,1.0,1.0000,true,0.0000
argmax,qwen25-wide,Arke,55.2,79.9,,0.8659,ok,,false,true,0,0,0.001,0.001,ok,golden_runner='FlagGems' returned None; used PyTorch-eager reference fallback,,,,,1.0,0.8659,false,-0.1341
argmax,non-align-1,PyTorch-eager,45.6,61.4,,1.0000,ok,,false,true,0,0,0.001,0.001,ok,golden_runner='FlagGems' returned None; used PyTorch-eager reference fallback,,,,,1.0,1.0000,true,0.0000
argmax,non-align-1,Arke,50.6,64.4,,0.9012,ok,,false,true,0,0,0.001,0.001,ok,golden_runner='FlagGems' returned None; used PyTorch-eager reference fallback,,,,,1.0,0.9012,false,-0.0988
argmax,non-align-2,PyTorch-eager,54.0,74.8,,1.0000,ok,,false,true,0,0,0.001,0.001,ok,golden_runner='FlagGems' returned None; used PyTorch-eager reference fallback,,,,,1.0,1.0000,true,0.0000
argmax,non-align-2,Arke,49.5,16.4,,1.0909,ok,,false,true,0,0,0.001,0.001,ok,golden_runner='FlagGems' returned None; used PyTorch-eager reference fallback,,,,,1.0,1.0909,true,0.0909
argmax,non-align-3,PyTorch-eager,210.2,212.0,,1.0000,ok,,false,true,0,0,0.001,0.001,ok,golden_runner='FlagGems' returned None; used PyTorch-eager reference fallback,,,,,1.0,1.0000,true,0.0000
argmax,non-align-3,Arke,201.5,196.6,,1.0432,ok,,false,true,0,0,0.001,0.001,ok,golden_runner='FlagGems' returned None; used PyTorch-eager reference fallback,,,,,1.0,1.0432,true,0.0432
argmax,extreme-tall,PyTorch-eager,248.7,259.1,,1.0000,ok,,false,true,0,0,0.001,0.001,ok,golden_runner='FlagGems' returned None; used PyTorch-eager reference fallback,,,,,1.0,1.0000,true,0.0000
argmax,extreme-tall,Arke,248.2,258.0,,1.0020,ok,,false,true,0,0,0.001,0.001,ok,golden_runner='FlagGems' returned None; used PyTorch-eager reference fallback,,,,,1.0,1.0020,true,0.0020
argmax,extreme-flat,PyTorch-eager,211.2,212.0,,1.0000,ok,,false,true,0,0,0.001,0.001,ok,golden_runner='FlagGems' returned None; used PyTorch-eager reference fallback,,,,,1.0,1.0000,true,0.0000
argmax,extreme-flat,Arke,211.0,212.9,,1.0009,ok,,false,true,0,0,0.001,0.001,ok,golden_runner='FlagGems' returned None; used PyTorch-eager reference fallback,,,,,1.0,1.0009,true,0.0009
batch_matmul,gpt2-attn-128,cuBLAS/cuDNN,67.3,90.1,0.002,0.9079,ok,,false,true,0,0,0.01,0.01,ok,,409600,3542771302,0.0001,dense_matmul,1.0,0.9079,false,-0.0921
batch_matmul,gpt2-attn-128,PyTorch-eager,61.1,66.8,0.002,1.0000,ok,,false,true,0,0,0.01,0.01,ok,,409600,3542771302,0.0001,dense_matmul,1.0,1.0000,true,0.0000
batch_matmul,gpt2-attn-128,Arke,77.4,93.1,0.002,0.7894,ok,,false,true,0,0,0.01,0.01,ok,,409600,3542771302,0.0001,dense_matmul,1.0,0.7894,false,-0.2106
batch_matmul,gpt2-attn-128,FlagGems,59.1,73.4,0.002,1.0338,ok,,false,true,0,0,0.01,0.01,ok,,409600,3542771302,0.0001,dense_matmul,1.0,1.0338,true,0.0338
batch_matmul,gpt2-attn-512,cuBLAS/cuDNN,70.1,79.8,0.011,0.8359,ok,,false,true,0,0,0.01,0.01,ok,,7143424,3542771302,0.0020,dense_matmul,1.0,0.8359,false,-0.1641
batch_matmul,gpt2-attn-512,PyTorch-eager,58.6,78.8,0.013,1.0000,ok,,false,true,0,0,0.01,0.01,ok,,7143424,3542771302,0.0020,dense_matmul,1.0,1.0000,true,0.0000
batch_matmul,gpt2-attn-512,Arke,112.8,116.7,0.007,0.5195,ok,,false,true,0,0,0.01,0.01,ok,,7143424,3542771302,0.0020,dense_matmul,1.0,0.5195,false,-0.4805
batch_matmul,gpt2-attn-512,FlagGems,59.8,35.8,0.013,0.9799,ok,,false,true,0,0,0.01,0.01,ok,,7143424,3542771302,0.0020,dense_matmul,1.0,0.9799,false,-0.0201
batch_matmul,llama-attn-512,cuBLAS/cuDNN,142.5,147.5,0.029,0.6182,ok,,false,true,0,0,0.01,0.01,ok,,21102592,3542771302,0.0060,dense_matmul,1.0,0.6182,false,-0.3818
batch_matmul,llama-attn-512,PyTorch-eager,88.1,73.7,0.048,1.0000,ok,,false,true,0,0,0.01,0.01,ok,,21102592,3542771302,0.0060,dense_matmul,1.0,1.0000,true,0.0000
batch_matmul,llama-attn-512,Arke,366.3,252.9,0.011,0.2405,ok,,false,true,0,0,0.01,0.01,ok,,21102592,3542771302,0.0060,dense_matmul,1.0,0.2405,false,-0.7595
batch_matmul,llama-attn-512,FlagGems,143.3,104.4,0.029,0.6148,ok,,false,true,0,0,0.01,0.01,ok,,21102592,3542771302,0.0060,dense_matmul,1.0,0.6148,false,-0.3852
batch_matmul,llama-attn-2k,cuBLAS/cuDNN,1998.1,1884.2,0.008,0.0540,ok,,false,true,0,0,0.01,0.01,ok,,285736960,3542771302,0.0807,dense_matmul,1.0,0.0540,false,-0.9460
batch_matmul,llama-attn-2k,PyTorch-eager,107.9,166.6,0.155,1.0000,ok,,false,true,0,0,0.01,0.01,ok,,285736960,3542771302,0.0807,dense_matmul,1.0,1.0000,true,0.0000
batch_matmul,llama-attn-2k,Arke,4734.2,4150.3,0.004,0.0228,ok,,false,true,0,0,0.01,0.01,ok,,285736960,3542771302,0.0807,dense_matmul,1.0,0.0228,false,-0.9772
batch_matmul,llama-attn-2k,FlagGems,2060.5,1891.3,0.008,0.0524,ok,,false,true,0,0,0.01,0.01,ok,,285736960,3542771302,0.0807,dense_matmul,1.0,0.0524,false,-0.9476
batch_matmul,batched-8,cuBLAS/cuDNN,63.8,70.8,0.001,0.9154,ok,,false,true,0,0,0.01,0.01,ok,,139264,3542771302,0.0000,dense_matmul,1.0,0.9154,false,-0.0846
batch_matmul,batched-8,PyTorch-eager,58.4,68.7,0.001,1.0000,ok,,false,true,0,0,0.01,0.01,ok,,139264,3542771302,0.0000,dense_matmul,1.0,1.0000,true,0.0000
batch_matmul,batched-8,Arke,66.5,92.2,0.001,0.8782,ok,,false,true,0,0,0.01,0.01,ok,,139264,3542771302,0.0000,dense_matmul,1.0,0.8782,false,-0.1218
batch_matmul,batched-8,FlagGems,54.9,65.5,0.001,1.0638,ok,,false,true,0,0,0.01,0.01,ok,,139264,3542771302,0.0000,dense_matmul,1.0,1.0638,true,0.0638
batch_matmul,batched-32,cuBLAS/cuDNN,55.1,32.8,0.019,1.0399,ok,,false,true,0,0,0.01,0.01,ok,,2129920,3542771302,0.0006,dense_matmul,1.0,1.0399,true,0.0399
batch_matmul,batched-32,PyTorch-eager,57.3,24.9,0.018,1.0000,ok,,false,true,0,0,0.01,0.01,ok,,2129920,3542771302,0.0006,dense_matmul,1.0,1.0000,true,0.0000
batch_matmul,batched-32,Arke,76.5,31.7,0.014,0.7490,ok,,false,true,0,0,0.01,0.01,ok,,2129920,3542771302,0.0006,dense_matmul,1.0,0.7490,false,-0.2510
batch_matmul,batched-32,FlagGems,57.0,20.5,0.018,1.0053,ok,,false,true,0,0,0.01,0.01,ok,,2129920,3542771302,0.0006,dense_matmul,1.0,1.0053,true,0.0053
batch_matmul,non-align-1,cuBLAS/cuDNN,71.3,71.5,0.002,0.8401,ok,,false,true,0,0,0.01,0.01,ok,,361702,3542771302,0.0001,dense_matmul,1.0,0.8401,false,-0.1599
batch_matmul,non-align-1,PyTorch-eager,59.9,79.9,0.002,1.0000,ok,,false,true,0,0,0.01,0.01,ok,,361702,3542771302,0.0001,dense_matmul,1.0,1.0000,true,0.0000
batch_matmul,non-align-1,Arke,72.8,90.0,0.002,0.8228,ok,,false,true,0,0,0.01,0.01,ok,,361702,3542771302,0.0001,dense_matmul,1.0,0.8228,false,-0.1772
batch_matmul,non-align-1,FlagGems,60.0,78.6,0.002,0.9983,ok,,false,true,0,0,0.01,0.01,ok,,361702,3542771302,0.0001,dense_matmul,1.0,0.9983,false,-0.0017
batch_matmul,non-align-2,cuBLAS/cuDNN,172.7,188.4,0.011,0.3567,ok,,false,true,0,0,0.01,0.01,ok,,10012734,3542771302,0.0028,dense_matmul,1.0,0.3567,false,-0.6433
batch_matmul,non-align-2,PyTorch-eager,61.6,75.8,0.032,1.0000,ok,,false,true,0,0,0.01,0.01,ok,,10012734,3542771302,0.0028,dense_matmul,1.0,1.0000,true,0.0000
batch_matmul,non-align-2,Arke,513.8,516.1,0.004,0.1199,ok,,false,true,0,0,0.01,0.01,ok,,10012734,3542771302,0.0028,dense_matmul,1.0,0.1199,false,-0.8801
batch_matmul,non-align-2,FlagGems,170.9,181.2,0.012,0.3604,ok,,false,true,0,0,0.01,0.01,ok,,10012734,3542771302,0.0028,dense_matmul,1.0,0.3604,false,-0.6396
batch_matmul,extreme-bsz,cuBLAS/cuDNN,60.5,60.4,0.004,1.0893,ok,,false,true,0,0,0.01,0.01,ok,,397312,3542771302,0.0001,dense_matmul,1.0,1.0893,true,0.0893
batch_matmul,extreme-bsz,PyTorch-eager,65.9,73.7,0.004,1.0000,ok,,false,true,0,0,0.01,0.01,ok,,397312,3542771302,0.0001,dense_matmul,1.0,1.0000,true,0.0000
batch_matmul,extreme-bsz,Arke,67.4,93.3,0.004,0.9777,ok,,false,true,0,0,0.01,0.01,ok,,397312,3542771302,0.0001,dense_matmul,1.0,0.9777,false,-0.0223
batch_matmul,extreme-bsz,FlagGems,56.5,60.4,0.005,1.1664,ok,,false,true,0,0,0.01,0.01,ok,,397312,3542771302,0.0001,dense_matmul,1.0,1.1664,true,0.1664
cast,micro-tiny,PyTorch-eager,78.7,93.3,,1.0000,ok,,false,true,0,0,0.001,0.001,ok,,,,,,1.0,1.0000,true,0.0000
cast,micro-tiny,Arke,1.2,3.1,,65.5833,ok,,false,true,0,0,0.001,0.001,ok,,,,,,1.0,65.5833,true,64.5833
cast,micro-tiny,FlagGems,75.4,95.2,,1.0438,ok,,false,true,0,0,0.001,0.001,ok,,,,,,1.0,1.0438,true,0.0438
cast,micro-small,PyTorch-eager,78.3,98.3,,1.0000,ok,,false,true,0,0,0.001,0.001,ok,,,,,,1.0,1.0000,true,0.0000
cast,micro-small,Arke,1.3,4.1,,60.2308,ok,,false,true,0,0,0.001,0.001,ok,,,,,,1.0,60.2308,true,59.2308
cast,micro-small,FlagGems,76.9,101.7,,1.0182,ok,,false,true,0,0,0.001,0.001,ok,,,,,,1.0,1.0182,true,0.0182
cast,gpt2-hidden,PyTorch-eager,80.4,104.4,,1.0000,ok,,false,true,0,0,0.001,0.001,ok,,,,,,1.0,1.0000,true,0.0000
cast,gpt2-hidden,Arke,1.2,3.9,,67.0000,ok,,false,true,0,0,0.001,0.001,ok,,,,,,1.0,67.0000,true,66.0000
cast,gpt2-hidden,FlagGems,73.5,60.4,,1.0939,ok,,false,true,0,0,0.001,0.001,ok,,,,,,1.0,1.0939,true,0.0939
cast,gpt2-ffn,PyTorch-eager,77.4,91.1,,1.0000,ok,,false,true,0,0,0.001,0.001,ok,,,,,,1.0,1.0000,true,0.0000
cast,gpt2-ffn,Arke,1.2,5.0,,64.5000,ok,,false,true,0,0,0.001,0.001,ok,,,,,,1.0,64.5000,true,63.5000
cast,gpt2-ffn,FlagGems,75.4,92.0,,1.0265,ok,,false,true,0,0,0.001,0.001,ok,,,,,,1.0,1.0265,true,0.0265
cast,square-1k,PyTorch-eager,73.8,87.0,,1.0000,ok,,false,true,0,0,0.001,0.001,ok,,,,,,1.0,1.0000,true,0.0000
cast,square-1k,Arke,1.3,3.3,,56.7692,ok,,false,true,0,0,0.001,0.001,ok,,,,,,1.0,56.7692,true,55.7692
cast,square-1k,FlagGems,76.7,85.2,,0.9622,ok,,false,true,0,0,0.001,0.001,ok,,,,,,1.0,0.9622,false,-0.0378
cast,llama-ffn,PyTorch-eager,111.6,117.8,,1.0000,ok,,false,true,0,0,0.001,0.001,ok,,,,,,1.0,1.0000,true,0.0000
cast,llama-ffn,Arke,1.4,3.1,,79.7143,ok,,false,true,0,0,0.001,0.001,ok,,,,,,1.0,79.7143,true,78.7143
cast,llama-ffn,FlagGems,111.6,142.3,,1.0000,ok,,false,true,0,0,0.001,0.001,ok,,,,,,1.0,1.0000,true,0.0000
cast,llama-hidden,PyTorch-eager,81.0,115.8,,1.0000,ok,,false,true,0,0,0.001,0.001,ok,,,,,,1.0,1.0000,true,0.0000
cast,llama-hidden,Arke,1.2,3.1,,67.5000,ok,,false,true,0,0,0.001,0.001,ok,,,,,,1.0,67.5000,true,66.5000
cast,llama-hidden,FlagGems,84.9,109.3,,0.9541,ok,,false,true,0,0,0.001,0.001,ok,,,,,,1.0,0.9541,false,-0.0459
cast,llama-long,PyTorch-eager,321.5,326.7,,1.0000,ok,,false,true,0,0,0.001,0.001,ok,,,,,,1.0,1.0000,true,0.0000
cast,llama-long,Arke,1.6,2.0,,200.9375,ok,,false,true,0,0,0.001,0.001,ok,,,,,,1.0,200.9375,true,199.9375
cast,llama-long,FlagGems,321.3,321.5,,1.0006,ok,,false,true,0,0,0.001,0.001,ok,,,,,,1.0,1.0006,true,0.0006
cast,ds-ffn,PyTorch-eager,123.7,187.4,,1.0000,ok,,false,true,0,0,0.001,0.001,ok,,,,,,1.0,1.0000,true,0.0000
cast,ds-ffn,Arke,1.2,3.1,,103.0833,ok,,false,true,0,0,0.001,0.001,ok,,,,,,1.0,103.0833,true,102.0833
cast,ds-ffn,FlagGems,123.7,128.0,,1.0000,ok,,false,true,0,0,0.001,0.001,ok,,,,,,1.0,1.0000,true,0.0000
cast,ds-ffn-large,PyTorch-eager,183.6,188.4,,1.0000,ok,,false,true,0,0,0.001,0.001,ok,,,,,,1.0,1.0000,true,0.0000
cast,ds-ffn-large,Arke,1.3,5.1,,141.2308,ok,,false,true,0,0,0.001,0.001,ok,,,,,,1.0,141.2308,true,140.2308
cast,ds-ffn-large,FlagGems,182.9,185.3,,1.0038,ok,,false,true,0,0,0.001,0.001,ok,,,,,,1.0,1.0038,true,0.0038
cast,qwen-ffn,PyTorch-eager,187.8,233.5,,1.0000,ok,,false,true,0,0,0.001,0.001,ok,,,,,,1.0,1.0000,true,0.0000
cast,qwen-ffn,Arke,1.3,3.0,,144.4615,ok,,false,true,0,0,0.001,0.001,ok,,,,,,1.0,144.4615,true,143.4615
cast,qwen-ffn,FlagGems,187.7,195.5,,1.0005,ok,,false,true,0,0,0.001,0.001,ok,,,,,,1.0,1.0005,true,0.0005
cast,xlarge,PyTorch-eager,638.5,637.8,,1.0000,ok,,false,true,0,0,0.001,0.001,ok,,,,,,1.0,1.0000,true,0.0000
cast,xlarge,Arke,1.2,2.0,,532.0833,ok,,false,true,0,0,0.001,0.001,ok,,,,,,1.0,532.0833,true,531.0833
cast,xlarge,FlagGems,639.0,636.9,,0.9992,ok,,false,true,0,0,0.001,0.001,ok,,,,,,1.0,0.9992,false,-0.0008
cast,non-align-1,PyTorch-eager,81.0,96.4,,1.0000,ok,,false,true,0,0,0.001,0.001,ok,,,,,,1.0,1.0000,true,0.0000
cast,non-align-1,Arke,1.4,3.0,,57.8571,ok,,false,true,0,0,0.001,0.001,ok,,,,,,1.0,57.8571,true,56.8571
cast,non-align-1,FlagGems,70.7,94.1,,1.1457,ok,,false,true,0,0,0.001,0.001,ok,,,,,,1.0,1.1457,true,0.1457
cast,non-align-2,PyTorch-eager,80.5,106.5,,1.0000,ok,,false,true,0,0,0.001,0.001,ok,,,,,,1.0,1.0000,true,0.0000
cast,non-align-2,Arke,1.3,3.2,,61.9231,ok,,false,true,0,0,0.001,0.001,ok,,,,,,1.0,61.9231,true,60.9231
cast,non-align-2,FlagGems,76.7,132.0,,1.0495,ok,,false,true,0,0,0.001,0.001,ok,,,,,,1.0,1.0495,true,0.0495
cast,non-align-3,PyTorch-eager,162.9,198.7,,1.0000,ok,,false,true,0,0,0.001,0.001,ok,,,,,,1.0,1.0000,true,0.0000
cast,non-align-3,Arke,1.2,3.1,,135.7500,ok,,false,true,0,0,0.001,0.001,ok,,,,,,1.0,135.7500,true,134.7500
cast,non-align-3,FlagGems,162.9,198.7,,1.0000,ok,,false,true,0,0,0.001,0.001,ok,,,,,,1.0,1.0000,true,0.0000
cast,non-align-4,PyTorch-eager,76.1,88.9,,1.0000,ok,,false,true,0,0,0.001,0.001,ok,,,,,,1.0,1.0000,true,0.0000
cast,non-align-4,Arke,1.2,4.3,,63.4167,ok,,false,true,0,0,0.001,0.001,ok,,,,,,1.0,63.4167,true,62.4167
cast,non-align-4,FlagGems,82.1,129.0,,0.9269,ok,,false,true,0,0,0.001,0.001,ok,,,,,,1.0,0.9269,false,-0.0731
cast,non-align-5,PyTorch-eager,72.0,85.1,,1.0000,ok,,false,true,0,0,0.001,0.001,ok,,,,,,1.0,1.0000,true,0.0000
cast,non-align-5,Arke,1.3,3.9,,55.3846,ok,,false,true,0,0,0.001,0.001,ok,,,,,,1.0,55.3846,true,54.3846
cast,non-align-5,FlagGems,77.7,89.1,,0.9266,ok,,false,true,0,0,0.001,0.001,ok,,,,,,1.0,0.9266,false,-0.0734
cast,extreme-flat,PyTorch-eager,78.0,96.5,,1.0000,ok,,false,true,0,0,0.001,0.001,ok,,,,,,1.0,1.0000,true,0.0000
cast,extreme-flat,Arke,1.2,5.5,,65.0000,ok,,false,true,0,0,0.001,0.001,ok,,,,,,1.0,65.0000,true,64.0000
cast,extreme-flat,FlagGems,70.2,93.0,,1.1111,ok,,false,true,0,0,0.001,0.001,ok,,,,,,1.0,1.1111,true,0.1111
cast,extreme-tall,PyTorch-eager,78.6,91.1,,1.0000,ok,,false,true,0,0,0.001,0.001,ok,,,,,,1.0,1.0000,true,0.0000
cast,extreme-tall,Arke,1.2,5.0,,65.5000,ok,,false,true,0,0,0.001,0.001,ok,,,,,,1.0,65.5000,true,64.5000
cast,extreme-tall,FlagGems,78.5,99.6,,1.0013,ok,,false,true,0,0,0.001,0.001,ok,,,,,,1.0,1.0013,true,0.0013
cast,extreme-wide,PyTorch-eager,83.9,149.5,,1.0000,ok,,false,true,0,0,0.001,0.001,ok,,,,,,1.0,1.0000,true,0.0000
cast,extreme-wide,Arke,1.2,4.1,,69.9167,ok,,false,true,0,0,0.001,0.001,ok,,,,,,1.0,69.9167,true,68.9167
cast,extreme-wide,FlagGems,84.0,141.3,,0.9988,ok,,false,true,0,0,0.001,0.001,ok,,,,,,1.0,0.9988,false,-0.0012
concat,tiny-2,PyTorch-eager,49.3,7.2,,1.0000,ok,,false,true,0,0,0.001,0.001,ok,golden_runner='FlagGems' returned None; used PyTorch-eager reference fallback,,,,,1.0,1.0000,true,0.0000
concat,tiny-2,Arke,51.3,79.1,,0.9610,ok,,false,true,0,0,0.001,0.001,ok,golden_runner='FlagGems' returned None; used PyTorch-eager reference fallback,,,,,1.0,0.9610,false,-0.0390
concat,gpt2-qkv-merge,PyTorch-eager,49.6,19.8,,1.0000,ok,,false,true,0,0,0.001,0.001,ok,golden_runner='FlagGems' returned None; used PyTorch-eager reference fallback,,,,,1.0,1.0000,true,0.0000
concat,gpt2-qkv-merge,Arke,48.7,1.4,,1.0185,ok,,false,true,0,0,0.001,0.001,ok,golden_runner='FlagGems' returned None; used PyTorch-eager reference fallback,,,,,1.0,1.0185,true,0.0185
concat,llama-qkv-merge,PyTorch-eager,48.2,5.4,,1.0000,ok,,false,true,0,0,0.001,0.001,ok,golden_runner='FlagGems' returned None; used PyTorch-eager reference fallback,,,,,1.0,1.0000,true,0.0000
concat,llama-qkv-merge,Arke,48.1,1.4,,1.0021,ok,,false,true,0,0,0.001,0.001,ok,golden_runner='FlagGems' returned None; used PyTorch-eager reference fallback,,,,,1.0,1.0021,true,0.0021
concat,llama3-qkv-gqa,PyTorch-eager,48.8,8.1,,1.0000,ok,,false,true,0,0,0.001,0.001,ok,golden_runner='FlagGems' returned None; used PyTorch-eager reference fallback,,,,,1.0,1.0000,true,0.0000
concat,llama3-qkv-gqa,Arke,49.4,8.3,,0.9879,ok,,false,true,0,0,0.001,0.001,ok,golden_runner='FlagGems' returned None; used PyTorch-eager reference fallback,,,,,1.0,0.9879,false,-0.0121
concat,kvcache-append-512,PyTorch-eager,47.6,4.8,,1.0000,ok,,false,true,0,0,0.001,0.001,ok,golden_runner='FlagGems' returned None; used PyTorch-eager reference fallback,,,,,1.0,1.0000,true,0.0000
concat,kvcache-append-512,Arke,49.6,3.5,,0.9597,ok,,false,true,0,0,0.001,0.001,ok,golden_runner='FlagGems' returned None; used PyTorch-eager reference fallback,,,,,1.0,0.9597,false,-0.0403
concat,kvcache-append-2k,PyTorch-eager,50.5,6.4,,1.0000,ok,,false,true,0,0,0.001,0.001,ok,golden_runner='FlagGems' returned None; used PyTorch-eager reference fallback,,,,,1.0,1.0000,true,0.0000
concat,kvcache-append-2k,Arke,49.1,5.5,,1.0285,ok,,false,true,0,0,0.001,0.001,ok,golden_runner='FlagGems' returned None; used PyTorch-eager reference fallback,,,,,1.0,1.0285,true,0.0285
concat,batch-concat-4,PyTorch-eager,54.7,5.7,,1.0000,ok,,false,true,0,0,0.001,0.001,ok,golden_runner='FlagGems' returned None; used PyTorch-eager reference fallback,,,,,1.0,1.0000,true,0.0000
concat,batch-concat-4,Arke,47.3,2.8,,1.1564,ok,,false,true,0,0,0.001,0.001,ok,golden_runner='FlagGems' returned None; used PyTorch-eager reference fallback,,,,,1.0,1.1564,true,0.1564
concat,non-align-1,PyTorch-eager,47.5,25.2,,1.0000,ok,,false,true,0,0,0.001,0.001,ok,golden_runner='FlagGems' returned None; used PyTorch-eager reference fallback,,,,,1.0,1.0000,true,0.0000
concat,non-align-1,Arke,50.6,1.5,,0.9387,ok,,false,true,0,0,0.001,0.001,ok,golden_runner='FlagGems' returned None; used PyTorch-eager reference fallback,,,,,1.0,0.9387,false,-0.0613
concat,non-align-2,PyTorch-eager,48.9,61.0,,1.0000,ok,,false,true,0,0,0.001,0.001,ok,golden_runner='FlagGems' returned None; used PyTorch-eager reference fallback,,,,,1.0,1.0000,true,0.0000
concat,non-align-2,Arke,58.4,8.8,,0.8373,ok,,false,true,0,0,0.001,0.001,ok,golden_runner='FlagGems' returned None; used PyTorch-eager reference fallback,,,,,1.0,0.8373,false,-0.1627
concat,extreme-many-small,PyTorch-eager,55.0,5.0,,1.0000,ok,,false,true,0,0,0.001,0.001,ok,golden_runner='FlagGems' returned None; used PyTorch-eager reference fallback,,,,,1.0,1.0000,true,0.0000
concat,extreme-many-small,Arke,60.0,39.1,,0.9167,ok,,false,true,0,0,0.001,0.001,ok,golden_runner='FlagGems' returned None; used PyTorch-eager reference fallback,,,,,1.0,0.9167,false,-0.0833
concat,extreme-unbalanced,PyTorch-eager,53.6,34.0,,1.0000,ok,,false,true,0,0,0.001,0.001,ok,golden_runner='FlagGems' returned None; used PyTorch-eager reference fallback,,,,,1.0,1.0000,true,0.0000
concat,extreme-unbalanced,Arke,53.1,31.0,,1.0094,ok,,false,true,0,0,0.001,0.001,ok,golden_runner='FlagGems' returned None; used PyTorch-eager reference fallback,,,,,1.0,1.0094,true,0.0094
copy_,micro-tiny,PyTorch-eager,72.9,85.0,,1.0000,ok,,false,true,0,0,0.001,0.001,ok,golden_runner='FlagGems' returned None; used PyTorch-eager reference fallback,,,,,1.0,1.0000,true,0.0000
copy_,micro-tiny,Arke,74.0,16.6,,0.9851,ok,,false,true,0,0,0.001,0.001,ok,golden_runner='FlagGems' returned None; used PyTorch-eager reference fallback,,,,,1.0,0.9851,false,-0.0149
copy_,micro-small,PyTorch-eager,72.4,86.0,,1.0000,ok,,false,true,0,0,0.001,0.001,ok,golden_runner='FlagGems' returned None; used PyTorch-eager reference fallback,,,,,1.0,1.0000,true,0.0000
copy_,micro-small,Arke,78.3,96.3,,0.9246,ok,,false,true,0,0,0.001,0.001,ok,golden_runner='FlagGems' returned None; used PyTorch-eager reference fallback,,,,,1.0,0.9246,false,-0.0754
copy_,gpt2-hidden,PyTorch-eager,70.7,90.1,,1.0000,ok,,false,true,0,0,0.001,0.001,ok,golden_runner='FlagGems' returned None; used PyTorch-eager reference fallback,,,,,1.0,1.0000,true,0.0000
copy_,gpt2-hidden,Arke,72.7,73.9,,0.9725,ok,,false,true,0,0,0.001,0.001,ok,golden_runner='FlagGems' returned None; used PyTorch-eager reference fallback,,,,,1.0,0.9725,false,-0.0275
copy_,gpt2-ffn,PyTorch-eager,74.4,87.0,,1.0000,ok,,false,true,0,0,0.001,0.001,ok,golden_runner='FlagGems' returned None; used PyTorch-eager reference fallback,,,,,1.0,1.0000,true,0.0000
copy_,gpt2-ffn,Arke,72.7,89.2,,1.0234,ok,,false,true,0,0,0.001,0.001,ok,golden_runner='FlagGems' returned None; used PyTorch-eager reference fallback,,,,,1.0,1.0234,true,0.0234
copy_,square-1k,PyTorch-eager,76.5,83.8,,1.0000,ok,,false,true,0,0,0.001,0.001,ok,golden_runner='FlagGems' returned None; used PyTorch-eager reference fallback,,,,,1.0,1.0000,true,0.0000
copy_,square-1k,Arke,75.3,70.5,,1.0159,ok,,false,true,0,0,0.001,0.001,ok,golden_runner='FlagGems' returned None; used PyTorch-eager reference fallback,,,,,1.0,1.0159,true,0.0159
copy_,llama-ffn,PyTorch-eager,75.9,106.5,,1.0000,ok,,false,true,0,0,0.001,0.001,ok,golden_runner='FlagGems' returned None; used PyTorch-eager reference fallback,,,,,1.0,1.0000,true,0.0000
copy_,llama-ffn,Arke,76.6,129.8,,0.9909,ok,,false,true,0,0,0.001,0.001,ok,golden_runner='FlagGems' returned None; used PyTorch-eager reference fallback,,,,,1.0,0.9909,false,-0.0091
copy_,llama-hidden,PyTorch-eager,71.2,57.3,,1.0000,ok,,false,true,0,0,0.001,0.001,ok,golden_runner='FlagGems' returned None; used PyTorch-eager reference fallback,,,,,1.0,1.0000,true,0.0000
copy_,llama-hidden,Arke,75.3,102.3,,0.9456,ok,,false,true,0,0,0.001,0.001,ok,golden_runner='FlagGems' returned None; used PyTorch-eager reference fallback,,,,,1.0,0.9456,false,-0.0544
copy_,llama-long,PyTorch-eager,226.0,283.6,,1.0000,ok,,false,true,0,0,0.001,0.001,ok,golden_runner='FlagGems' returned None; used PyTorch-eager reference fallback,,,,,1.0,1.0000,true,0.0000
copy_,llama-long,Arke,217.4,225.3,,1.0396,ok,,false,true,0,0,0.001,0.001,ok,golden_runner='FlagGems' returned None; used PyTorch-eager reference fallback,,,,,1.0,1.0396,true,0.0396
copy_,ds-ffn,PyTorch-eager,85.0,137.1,,1.0000,ok,,false,true,0,0,0.001,0.001,ok,golden_runner='FlagGems' returned None; used PyTorch-eager reference fallback,,,,,1.0,1.0000,true,0.0000
copy_,ds-ffn,Arke,84.3,137.2,,1.0083,ok,,false,true,0,0,0.001,0.001,ok,golden_runner='FlagGems' returned None; used PyTorch-eager reference fallback,,,,,1.0,1.0083,true,0.0083
copy_,ds-ffn-large,PyTorch-eager,125.1,151.6,,1.0000,ok,,false,true,0,0,0.001,0.001,ok,golden_runner='FlagGems' returned None; used PyTorch-eager reference fallback,,,,,1.0,1.0000,true,0.0000
copy_,ds-ffn-large,Arke,124.7,130.0,,1.0032,ok,,false,true,0,0,0.001,0.001,ok,golden_runner='FlagGems' returned None; used PyTorch-eager reference fallback,,,,,1.0,1.0032,true,0.0032
copy_,qwen-ffn,PyTorch-eager,127.8,179.2,,1.0000,ok,,false,true,0,0,0.001,0.001,ok,golden_runner='FlagGems' returned None; used PyTorch-eager reference fallback,,,,,1.0,1.0000,true,0.0000
copy_,qwen-ffn,Arke,127.8,160.6,,1.0000,ok,,false,true,0,0,0.001,0.001,ok,golden_runner='FlagGems' returned None; used PyTorch-eager reference fallback,,,,,1.0,1.0000,true,0.0000
copy_,xlarge,PyTorch-eager,452.9,453.6,,1.0000,ok,,false,true,0,0,0.001,0.001,ok,golden_runner='FlagGems' returned None; used PyTorch-eager reference fallback,,,,,1.0,1.0000,true,0.0000
copy_,xlarge,Arke,429.6,429.1,,1.0542,ok,,false,true,0,0,0.001,0.001,ok,golden_runner='FlagGems' returned None; used PyTorch-eager reference fallback,,,,,1.0,1.0542,true,0.0542
copy_,non-align-1,PyTorch-eager,67.3,55.4,,1.0000,ok,,false,true,0,0,0.001,0.001,ok,golden_runner='FlagGems' returned None; used PyTorch-eager reference fallback,,,,,1.0,1.0000,true,0.0000
copy_,non-align-1,Arke,76.3,95.2,,0.8820,ok,,false,true,0,0,0.001,0.001,ok,golden_runner='FlagGems' returned None; used PyTorch-eager reference fallback,,,,,1.0,0.8820,false,-0.1180
copy_,non-align-2,PyTorch-eager,80.3,88.1,,1.0000,ok,,false,true,0,0,0.001,0.001,ok,golden_runner='FlagGems' returned None; used PyTorch-eager reference fallback,,,,,1.0,1.0000,true,0.0000
copy_,non-align-2,Arke,77.0,46.1,,1.0429,ok,,false,true,0,0,0.001,0.001,ok,golden_runner='FlagGems' returned None; used PyTorch-eager reference fallback,,,,,1.0,1.0429,true,0.0429
copy_,non-align-3,PyTorch-eager,109.8,114.6,,1.0000,ok,,false,true,0,0,0.001,0.001,ok,golden_runner='FlagGems' returned None; used PyTorch-eager reference fallback,,,,,1.0,1.0000,true,0.0000
copy_,non-align-3,Arke,109.9,138.2,,0.9991,ok,,false,true,0,0,0.001,0.001,ok,golden_runner='FlagGems' returned None; used PyTorch-eager reference fallback,,,,,1.0,0.9991,false,-0.0009
copy_,non-align-4,PyTorch-eager,75.9,103.2,,1.0000,ok,,false,true,0,0,0.001,0.001,ok,golden_runner='FlagGems' returned None; used PyTorch-eager reference fallback,,,,,1.0,1.0000,true,0.0000
copy_,non-align-4,Arke,80.7,75.8,,0.9405,ok,,false,true,0,0,0.001,0.001,ok,golden_runner='FlagGems' returned None; used PyTorch-eager reference fallback,,,,,1.0,0.9405,false,-0.0595
copy_,non-align-5,PyTorch-eager,70.2,38.9,,1.0000,ok,,false,true,0,0,0.001,0.001,ok,golden_runner='FlagGems' returned None; used PyTorch-eager reference fallback,,,,,1.0,1.0000,true,0.0000
copy_,non-align-5,Arke,84.4,64.7,,0.8318,ok,,false,true,0,0,0.001,0.001,ok,golden_runner='FlagGems' returned None; used PyTorch-eager reference fallback,,,,,1.0,0.8318,false,-0.1682
copy_,extreme-flat,PyTorch-eager,73.6,67.6,,1.0000,ok,,false,true,0,0,0.001,0.001,ok,golden_runner='FlagGems' returned None; used PyTorch-eager reference fallback,,,,,1.0,1.0000,true,0.0000
copy_,extreme-flat,Arke,67.9,84.0,,1.0839,ok,,false,true,0,0,0.001,0.001,ok,golden_runner='FlagGems' returned None; used PyTorch-eager reference fallback,,,,,1.0,1.0839,true,0.0839
copy_,extreme-tall,PyTorch-eager,71.5,79.9,,1.0000,ok,,false,true,0,0,0.001,0.001,ok,golden_runner='FlagGems' returned None; used PyTorch-eager reference fallback,,,,,1.0,1.0000,true,0.0000
copy_,extreme-tall,Arke,74.5,60.6,,0.9597,ok,,false,true,0,0,0.001,0.001,ok,golden_runner='FlagGems' returned None; used PyTorch-eager reference fallback,,,,,1.0,0.9597,false,-0.0403
copy_,extreme-wide,PyTorch-eager,69.2,61.4,,1.0000,ok,,false,true,0,0,0.001,0.001,ok,golden_runner='FlagGems' returned None; used PyTorch-eager reference fallback,,,,,1.0,1.0000,true,0.0000
copy_,extreme-wide,Arke,77.4,64.5,,0.8941,ok,,false,true,0,0,0.001,0.001,ok,golden_runner='FlagGems' returned None; used PyTorch-eager reference fallback,,,,,1.0,0.8941,false,-0.1059
cross_attention,tiny,PyTorch-eager,224.7,194.6,,1.0000,ok,,false,true,0,0,0.001,0.001,ok,,73728,3542771302,0.0000,attention,1.0,1.0000,true,0.0000
cross_attention,tiny,Arke,20.6,35.6,,10.9078,ok,,false,true,0,0,0.001,0.001,ok,,73728,3542771302,0.0000,attention,1.0,10.9078,true,9.9078
cross_attention,whisper-enc-dec,PyTorch-eager,3701.6,3587.1,,1.0000,ok,,false,true,0,0,0.001,0.001,ok,,42144000,3542771302,0.0119,attention,1.0,1.0000,true,0.0000
cross_attention,whisper-enc-dec,Arke,257.9,261.9,,14.3528,ok,,false,true,0,0,0.001,0.001,ok,,42144000,3542771302,0.0119,attention,1.0,14.3528,true,13.3528
cross_attention,whisper-decode-1,PyTorch-eager,212.7,207.9,,1.0000,ok,,false,true,0,0,0.001,0.001,ok,,4112,3542771302,0.0000,attention,1.0,1.0000,true,0.0000
cross_attention,whisper-decode-1,Arke,28.2,38.1,,7.5426,ok,,false,true,0,0,0.001,0.001,ok,,4112,3542771302,0.0000,attention,1.0,7.5426,true,6.5426
cross_attention,t5-small-enc128,PyTorch-eager,172.3,193.5,,1.0000,ok,,false,true,0,0,0.001,0.001,ok,,786432,3542771302,0.0002,attention,1.0,1.0000,true,0.0000
cross_attention,t5-small-enc128,Arke,21.3,34.9,,8.0892,ok,,false,true,0,0,0.001,0.001,ok,,786432,3542771302,0.0002,attention,1.0,8.0892,true,7.0892
cross_attention,t5-small-dec128,PyTorch-eager,182.3,205.7,,1.0000,ok,,false,true,0,0,0.001,0.001,ok,,786432,3542771302,0.0002,attention,1.0,1.0000,true,0.0000
cross_attention,t5-small-dec128,Arke,27.0,23.6,,6.7519,ok,,false,true,0,0,0.001,0.001,ok,,786432,3542771302,0.0002,attention,1.0,6.7519,true,5.7519
cross_attention,t5-base-dec512,PyTorch-eager,641.6,612.2,,1.0000,ok,,false,true,0,0,0.001,0.001,ok,,9437184,3542771302,0.0027,attention,1.0,1.0000,true,0.0000
cross_attention,t5-base-dec512,Arke,60.5,68.6,,10.6050,ok,,false,true,0,0,0.001,0.001,ok,,9437184,3542771302,0.0027,attention,1.0,10.6050,true,9.6050
cross_attention,sdxl-unet-64,PyTorch-eager,1439.2,1408.0,,1.0000,ok,,false,true,0,0,0.001,0.001,ok,,570425344,3542771302,0.1610,attention,1.0,1.0000,true,0.0000
cross_attention,sdxl-unet-64,Arke,137.2,145.3,,10.4898,ok,,false,true,0,0,0.001,0.001,ok,,570425344,3542771302,0.1610,attention,1.0,10.4898,true,9.4898
cross_attention,sdxl-unet-128,PyTorch-eager,inf,inf,,,skipped,memory preflight: estimated attention footprint 8724152320 bytes > budget 3542771302 bytes,true,,,,,,skipped,memory preflight: estimated attention footprint 8724152320 bytes > budget 3542771302 bytes,8724152320,3542771302,2.4625,attention,1.0,N/A,false,N/A
cross_attention,sdxl-unet-128,Arke,inf,inf,,,skipped,memory preflight: estimated attention footprint 8724152320 bytes > budget 3542771302 bytes,true,,,,,,skipped,memory preflight: estimated attention footprint 8724152320 bytes > budget 3542771302 bytes,8724152320,3542771302,2.4625,attention,1.0,N/A,false,N/A
cross_attention,llava-vision,PyTorch-eager,2659.5,2524.2,,1.0000,ok,,false,true,0,0,0.001,0.001,ok,,40108032,3542771302,0.0113,attention,1.0,1.0000,true,0.0000
cross_attention,llava-vision,Arke,319.8,319.5,,8.3161,ok,,false,true,0,0,0.001,0.001,ok,,40108032,3542771302,0.0113,attention,1.0,8.3161,true,7.3161
cross_attention,batch4-cross,PyTorch-eager,1590.0,1556.5,,1.0000,ok,,false,true,0,0,0.001,0.001,ok,,25165824,3542771302,0.0071,attention,1.0,1.0000,true,0.0000
cross_attention,batch4-cross,Arke,122.2,125.6,,13.0115,ok,,false,true,0,0,0.001,0.001,ok,,25165824,3542771302,0.0071,attention,1.0,13.0115,true,12.0115
cross_attention,non-align-1,PyTorch-eager,205.5,249.7,,1.0000,ok,,false,true,0,0,0.001,0.001,ok,,688086,3542771302,0.0002,attention,1.0,1.0000,true,0.0000
cross_attention,non-align-1,Arke,102.2,117.8,,2.0108,ok,,false,true,0,0,0.001,0.001,ok,,688086,3542771302,0.0002,attention,1.0,2.0108,true,1.0108
cross_attention,non-align-2,PyTorch-eager,2473.8,2391.0,,1.0000,ok,,false,true,0,0,0.001,0.001,ok,,10129860,3542771302,0.0029,attention,1.0,1.0000,true,0.0000
cross_attention,non-align-2,Arke,259.7,265.2,,9.5256,ok,,false,true,0,0,0.001,0.001,ok,,10129860,3542771302,0.0029,attention,1.0,9.5256,true,8.5256
cross_entropy,tiny,PyTorch-eager,19.2,12.0,,1.0000,ok,,false,true,0,0,0.01,0.01,ok,golden_runner='Liger-Kernel' returned None; used PyTorch-eager reference fallback,,,,,1.0,1.0000,true,0.0000
cross_entropy,tiny,Arke,36.9,34.6,,0.5203,ok,,false,true,0,0,0.01,0.01,ok,golden_runner='Liger-Kernel' returned None; used PyTorch-eager reference fallback,,,,,1.0,0.5203,false,-0.4797
cross_entropy,gpt2-seq128,PyTorch-eager,318.0,315.4,,1.0000,ok,,false,true,0,0,0.01,0.01,ok,golden_runner='Liger-Kernel' returned None; used PyTorch-eager reference fallback,,,,,1.0,1.0000,true,0.0000
cross_entropy,gpt2-seq128,Arke,453.5,452.6,,0.7012,ok,,false,true,0,0,0.01,0.01,ok,golden_runner='Liger-Kernel' returned None; used PyTorch-eager reference fallback,,,,,1.0,0.7012,false,-0.2988
cross_entropy,gpt2-seq512,PyTorch-eager,1225.6,1213.4,,1.0000,ok,,false,true,0,0,0.01,0.01,ok,golden_runner='Liger-Kernel' returned None; used PyTorch-eager reference fallback,,,,,1.0,1.0000,true,0.0000
cross_entropy,gpt2-seq512,Arke,1756.0,1735.7,,0.6979,ok,,false,true,0,0,0.01,0.01,ok,golden_runner='Liger-Kernel' returned None; used PyTorch-eager reference fallback,,,,,1.0,0.6979,false,-0.3021
cross_entropy,llama2-seq512,PyTorch-eager,829.4,821.1,,1.0000,ok,,false,true,0,0,0.01,0.01,ok,golden_runner='Liger-Kernel' returned None; used PyTorch-eager reference fallback,,,,,1.0,1.0000,true,0.0000
cross_entropy,llama2-seq512,Arke,1160.7,1156.1,,0.7146,ok,,false,true,0,0,0.01,0.01,ok,golden_runner='Liger-Kernel' returned None; used PyTorch-eager reference fallback,,,,,1.0,0.7146,false,-0.2854
cross_entropy,llama2-seq2k,PyTorch-eager,3285.4,3279.9,,1.0000,ok,,false,true,0,0,0.01,0.01,ok,golden_runner='Liger-Kernel' returned None; used PyTorch-eager reference fallback,,,,,1.0,1.0000,true,0.0000
cross_entropy,llama2-seq2k,Arke,4615.8,4598.8,,0.7118,ok,,false,true,0,0,0.01,0.01,ok,golden_runner='Liger-Kernel' returned None; used PyTorch-eager reference fallback,,,,,1.0,0.7118,false,-0.2882
cross_entropy,llama3-seq512,PyTorch-eager,3287.9,3284.0,,1.0000,ok,,false,true,0,0,0.01,0.01,ok,golden_runner='Liger-Kernel' returned None; used PyTorch-eager reference fallback,,,,,1.0,1.0000,true,0.0000
cross_entropy,llama3-seq512,Arke,4624.8,4603.8,,0.7109,ok,,false,true,0,0,0.01,0.01,ok,golden_runner='Liger-Kernel' returned None; used PyTorch-eager reference fallback,,,,,1.0,0.7109,false,-0.2891
cross_entropy,qwen25-seq512,PyTorch-eager,3887.5,3881.0,,1.0000,ok,,false,true,0,0,0.01,0.01,ok,golden_runner='Liger-Kernel' returned None; used PyTorch-eager reference fallback,,,,,1.0,1.0000,true,0.0000
cross_entropy,qwen25-seq512,Arke,5469.9,5451.8,,0.7107,ok,,false,true,0,0,0.01,0.01,ok,golden_runner='Liger-Kernel' returned None; used PyTorch-eager reference fallback,,,,,1.0,0.7107,false,-0.2893
cross_entropy,ds-v2-seq512,PyTorch-eager,2625.0,2619.4,,1.0000,ok,,false,true,0,0,0.01,0.01,ok,golden_runner='Liger-Kernel' returned None; used PyTorch-eager reference fallback,,,,,1.0,1.0000,true,0.0000
cross_entropy,ds-v2-seq512,Arke,3691.8,3682.0,,0.7110,ok,,false,true,0,0,0.01,0.01,ok,golden_runner='Liger-Kernel' returned None; used PyTorch-eager reference fallback,,,,,1.0,0.7110,false,-0.2890
cross_entropy,batch4-seq512,PyTorch-eager,4800.3,4796.4,,1.0000,ok,,false,true,0,0,0.01,0.01,ok,golden_runner='Liger-Kernel' returned None; used PyTorch-eager reference fallback,,,,,1.0,1.0000,true,0.0000
cross_entropy,batch4-seq512,Arke,6904.9,6884.4,,0.6952,ok,,false,true,0,0,0.01,0.01,ok,golden_runner='Liger-Kernel' returned None; used PyTorch-eager reference fallback,,,,,1.0,0.6952,false,-0.3048
cross_entropy,non-align-1,PyTorch-eager,312.8,312.1,,1.0000,ok,,false,true,0,0,0.01,0.01,ok,golden_runner='Liger-Kernel' returned None; used PyTorch-eager reference fallback,,,,,1.0,1.0000,true,0.0000
cross_entropy,non-align-1,Arke,444.0,443.4,,0.7045,ok,,false,true,0,0,0.01,0.01,ok,golden_runner='Liger-Kernel' returned None; used PyTorch-eager reference fallback,,,,,1.0,0.7045,false,-0.2955
cross_entropy,non-align-2,PyTorch-eager,2148.8,2138.0,,1.0000,ok,,false,true,0,0,0.01,0.01,ok,golden_runner='Liger-Kernel' returned None; used PyTorch-eager reference fallback,,,,,1.0,1.0000,true,0.0000
cross_entropy,non-align-2,Arke,3016.3,2997.2,,0.7124,ok,,false,true,0,0,0.01,0.01,ok,golden_runner='Liger-Kernel' returned None; used PyTorch-eager reference fallback,,,,,1.0,0.7124,false,-0.2876
cross_entropy,extreme-large-vocab,PyTorch-eager,3889.0,3882.9,,1.0000,ok,,false,true,0,0,0.01,0.01,ok,golden_runner='Liger-Kernel' returned None; used PyTorch-eager reference fallback,,,,,1.0,1.0000,true,0.0000
cross_entropy,extreme-large-vocab,Arke,5471.5,5445.6,,0.7108,ok,,false,true,0,0,0.01,0.01,ok,golden_runner='Liger-Kernel' returned None; used PyTorch-eager reference fallback,,,,,1.0,0.7108,false,-0.2892
cross_entropy,extreme-large-bs,PyTorch-eager,13114.2,13097.0,,1.0000,ok,,false,true,0,0,0.01,0.01,ok,golden_runner='Liger-Kernel' returned None; used PyTorch-eager reference fallback,,,,,1.0,1.0000,true,0.0000
cross_entropy,extreme-large-bs,Arke,18451.1,18389.0,,0.7108,ok,,false,true,0,0,0.01,0.01,ok,golden_runner='Liger-Kernel' returned None; used PyTorch-eager reference fallback,,,,,1.0,0.7108,false,-0.2892
cumsum,small-row,PyTorch-eager,72.9,70.7,,1.0000,ok,,false,true,0,0,0.001,0.001,ok,,,,,,1.0,1.0000,true,0.0000
cumsum,small-row,Arke,59.1,34.9,,1.2335,ok,,false,true,0,0,0.001,0.001,ok,,,,,,1.0,1.2335,true,0.2335
cumsum,small-row,FlagGems,50.6,61.4,,1.4407,ok,,false,true,0,0,0.001,0.001,ok,,,,,,1.0,1.4407,true,0.4407
cumsum,gpt2-row,PyTorch-eager,83.1,116.7,,1.0000,ok,,false,true,0,0,0.001,0.001,ok,,,,,,1.0,1.0000,true,0.0000
cumsum,gpt2-row,Arke,58.3,57.3,,1.4254,ok,,false,true,0,0,0.001,0.001,ok,,,,,,1.0,1.4254,true,0.4254
cumsum,gpt2-row,FlagGems,52.5,55.3,,1.5829,ok,,false,true,0,0,0.001,0.001,ok,,,,,,1.0,1.5829,true,0.5829
cumsum,llama-row,PyTorch-eager,69.8,31.7,,1.0000,ok,,false,true,0,0,0.001,0.001,ok,,,,,,1.0,1.0000,true,0.0000
cumsum,llama-row,Arke,86.0,36.8,,0.8116,ok,,false,true,0,0,0.001,0.001,ok,,,,,,1.0,0.8116,false,-0.1884
cumsum,llama-row,FlagGems,52.5,65.5,,1.3295,ok,,false,true,0,0,0.001,0.001,ok,,,,,,1.0,1.3295,true,0.3295
cumsum,llama-col,PyTorch-eager,57.9,38.8,,1.0000,ok,,false,true,0,0,0.001,0.001,ok,,,,,,1.0,1.0000,true,0.0000
cumsum,llama-col,Arke,55.2,46.2,,1.0489,ok,,false,true,0,0,0.001,0.001,ok,,,,,,1.0,1.0489,true,0.0489
cumsum,llama-col,FlagGems,50.6,77.6,,1.1443,ok,,false,true,0,0,0.001,0.001,ok,,,,,,1.0,1.1443,true,0.1443
cumsum,sampling-probs,PyTorch-eager,139.1,145.7,,1.0000,ok,,false,true,0,0,0.001,0.001,ok,,,,,,1.0,1.0000,true,0.0000
cumsum,sampling-probs,Arke,143.3,155.6,,0.9707,ok,,false,true,0,0,0.001,0.001,ok,,,,,,1.0,0.9707,false,-0.0293
cumsum,sampling-probs,FlagGems,144.7,44.0,,0.9613,ok,,false,true,0,0,0.001,0.001,ok,,,,,,1.0,0.9613,false,-0.0387
cumsum,sampling-probs-llama3,PyTorch-eager,157.2,135.0,,1.0000,ok,,false,true,0,0,0.001,0.001,ok,,,,,,1.0,1.0000,true,0.0000
cumsum,sampling-probs-llama3,Arke,141.2,120.8,,1.1133,ok,,false,true,0,0,0.001,0.001,ok,,,,,,1.0,1.1133,true,0.1133
cumsum,sampling-probs-llama3,FlagGems,140.4,123.9,,1.1197,ok,,false,true,0,0,0.001,0.001,ok,,,,,,1.0,1.1197,true,0.1197
cumsum,non-align-1,PyTorch-eager,71.0,68.6,,1.0000,ok,,false,true,0,0,0.001,0.001,ok,,,,,,1.0,1.0000,true,0.0000
cumsum,non-align-1,Arke,95.3,77.8,,0.7450,ok,,false,true,0,0,0.001,0.001,ok,,,,,,1.0,0.7450,false,-0.2550
cumsum,non-align-1,FlagGems,57.3,63.5,,1.2391,ok,,false,true,0,0,0.001,0.001,ok,,,,,,1.0,1.2391,true,0.2391
cumsum,non-align-2,PyTorch-eager,49.7,93.0,,1.0000,ok,,false,true,0,0,0.001,0.001,ok,,,,,,1.0,1.0000,true,0.0000
cumsum,non-align-2,Arke,52.6,72.6,,0.9449,ok,,false,true,0,0,0.001,0.001,ok,,,,,,1.0,0.9449,false,-0.0551
cumsum,non-align-2,FlagGems,56.0,46.1,,0.8875,ok,,false,true,0,0,0.001,0.001,ok,,,,,,1.0,0.8875,false,-0.1125
cumsum,non-align-3,PyTorch-eager,3530.9,3381.2,,1.0000,ok,,false,true,0,0,0.001,0.001,ok,,,,,,1.0,1.0000,true,0.0000
cumsum,non-align-3,Arke,3032.7,2883.4,,1.1643,ok,,false,true,0,0,0.001,0.001,ok,,,,,,1.0,1.1643,true,0.1643
cumsum,non-align-3,FlagGems,3082.6,2870.3,,1.1454,ok,,false,true,0,0,0.001,0.001,ok,,,,,,1.0,1.1454,true,0.1454
cumsum,extreme-long-row,PyTorch-eager,144.9,149.5,,1.0000,ok,,false,true,0,0,0.001,0.001,ok,,,,,,1.0,1.0000,true,0.0000
cumsum,extreme-long-row,Arke,166.4,150.5,,0.8708,ok,,false,true,0,0,0.001,0.001,ok,,,,,,1.0,0.8708,false,-0.1292
cumsum,extreme-long-row,FlagGems,168.9,145.4,,0.8579,ok,,false,true,0,0,0.001,0.001,ok,,,,,,1.0,0.8579,false,-0.1421
cumsum,extreme-tall-col,PyTorch-eager,142.0,149.5,,1.0000,ok,,false,true,0,0,0.001,0.001,ok,,,,,,1.0,1.0000,true,0.0000
cumsum,extreme-tall-col,Arke,135.8,155.6,,1.0457,ok,,false,true,0,0,0.001,0.001,ok,,,,,,1.0,1.0457,true,0.0457
cumsum,extreme-tall-col,FlagGems,141.7,164.9,,1.0021,ok,,false,true,0,0,0.001,0.001,ok,,,,,,1.0,1.0021,true,0.0021
dequantize_per_channel,tiny-int8,PyTorch-eager,207.6,183.3,,1.0000,ok,,false,true,0,0,0.001,0.001,ok,,,,,,1.0,1.0000,true,0.0000
dequantize_per_channel,tiny-int8,Arke,457.1,378.8,,0.4542,ok,,false,true,0,0,0.001,0.001,ok,,,,,,1.0,0.4542,false,-0.5458
dequantize_per_channel,gpt2-int8,PyTorch-eager,213.9,204.8,,1.0000,ok,,false,true,0,0,0.001,0.001,ok,,,,,,1.0,1.0000,true,0.0000
dequantize_per_channel,gpt2-int8,Arke,405.6,365.7,,0.5274,ok,,false,true,0,0,0.001,0.001,ok,,,,,,1.0,0.5274,false,-0.4726
dequantize_per_channel,llama2-int4-ffn,PyTorch-eager,212.0,248.8,,1.0000,ok,,false,true,0,0,0.001,0.001,ok,,,,,,1.0,1.0000,true,0.0000
dequantize_per_channel,llama2-int4-ffn,Arke,409.1,538.6,,0.5182,ok,,false,true,0,0,0.001,0.001,ok,,,,,,1.0,0.5182,false,-0.4818
dequantize_per_channel,llama2-int8-hidden,PyTorch-eager,208.7,219.1,,1.0000,ok,,false,true,0,0,0.001,0.001,ok,,,,,,1.0,1.0000,true,0.0000
dequantize_per_channel,llama2-int8-hidden,Arke,404.7,419.8,,0.5157,ok,,false,true,0,0,0.001,0.001,ok,,,,,,1.0,0.5157,false,-0.4843
dequantize_per_channel,llama3-int4-ffn,PyTorch-eager,212.5,219.1,,1.0000,ok,,false,true,0,0,0.001,0.001,ok,,,,,,1.0,1.0000,true,0.0000
dequantize_per_channel,llama3-int4-ffn,Arke,502.3,532.4,,0.4231,ok,,false,true,0,0,0.001,0.001,ok,,,,,,1.0,0.4231,false,-0.5769
dequantize_per_channel,ds-v2-int4,PyTorch-eager,226.9,173.0,,1.0000,ok,,false,true,0,0,0.001,0.001,ok,,,,,,1.0,1.0000,true,0.0000
dequantize_per_channel,ds-v2-int4,Arke,433.3,572.4,,0.5237,ok,,false,true,0,0,0.001,0.001,ok,,,,,,1.0,0.5237,false,-0.4763
dequantize_per_channel,ds-v3-int4,PyTorch-eager,217.6,302.0,,1.0000,ok,,false,true,0,0,0.001,0.001,ok,,,,,,1.0,1.0000,true,0.0000
dequantize_per_channel,ds-v3-int4,Arke,642.6,644.1,,0.3386,ok,,false,true,0,0,0.001,0.001,ok,,,,,,1.0,0.3386,false,-0.6614
dequantize_per_channel,qwen25-int4-ffn,PyTorch-eager,223.5,301.1,,1.0000,ok,,false,true,0,0,0.001,0.001,ok,,,,,,1.0,1.0000,true,0.0000
dequantize_per_channel,qwen25-int4-ffn,Arke,659.8,678.8,,0.3387,ok,,false,true,0,0,0.001,0.001,ok,,,,,,1.0,0.3387,false,-0.6613
dequantize_per_channel,non-align-1,PyTorch-eager,209.1,186.4,,1.0000,ok,,false,true,0,0,0.001,0.001,ok,,,,,,1.0,1.0000,true,0.0000
dequantize_per_channel,non-align-1,Arke,400.4,339.6,,0.5222,ok,,false,true,0,0,0.001,0.001,ok,,,,,,1.0,0.5222,false,-0.4778
dequantize_per_channel,non-align-2,PyTorch-eager,233.7,133.1,,1.0000,ok,,false,true,0,0,0.001,0.001,ok,,,,,,1.0,1.0000,true,0.0000
dequantize_per_channel,non-align-2,Arke,411.3,286.5,,0.5682,ok,,false,true,0,0,0.001,0.001,ok,,,,,,1.0,0.5682,false,-0.4318
dequantize_per_channel,extreme-ffn-large,PyTorch-eager,223.5,271.3,,1.0000,ok,,false,true,0,0,0.001,0.001,ok,,,,,,1.0,1.0000,true,0.0000
dequantize_per_channel,extreme-ffn-large,Arke,659.2,704.5,,0.3390,ok,,false,true,0,0,0.001,0.001,ok,,,,,,1.0,0.3390,false,-0.6610
dequantize_per_channel,extreme-lmhead,PyTorch-eager,1939.8,1744.9,,1.0000,ok,,false,true,0,0,0.001,0.001,ok,,,,,,1.0,1.0000,true,0.0000
dequantize_per_channel,extreme-lmhead,Arke,5769.5,5762.9,,0.3362,ok,,false,true,0,0,0.001,0.001,ok,,,,,,1.0,0.3362,false,-0.6638
embedding,tiny,PyTorch-eager,58.2,14.3,,1.0000,ok,,false,true,0,0,0.001,0.001,ok,,,,,,1.0,1.0000,true,0.0000
embedding,tiny,Arke,64.0,10.2,,0.9094,ok,,false,true,0,0,0.001,0.001,ok,,,,,,1.0,0.9094,false,-0.0906
embedding,tiny,FlagGems,63.9,57.4,,0.9108,ok,,false,true,0,0,0.001,0.001,ok,,,,,,1.0,0.9108,false,-0.0892
embedding,gpt2-small,PyTorch-eager,308.7,98.2,,1.0000,ok,,false,true,0,0,0.001,0.001,ok,,,,,,1.0,1.0000,true,0.0000
embedding,gpt2-small,Arke,60.8,6.1,,5.0773,ok,,false,true,0,0,0.001,0.001,ok,,,,,,1.0,5.0773,true,4.0773
embedding,gpt2-small,FlagGems,56.8,56.2,,5.4349,ok,,false,true,0,0,0.001,0.001,ok,,,,,,1.0,5.4349,true,4.4349
embedding,gpt2-medium,PyTorch-eager,86.4,89.1,,1.0000,ok,,false,true,0,0,0.001,0.001,ok,,,,,,1.0,1.0000,true,0.0000
embedding,gpt2-medium,Arke,50.0,55.3,,1.7280,ok,,false,true,0,0,0.001,0.001,ok,,,,,,1.0,1.7280,true,0.7280
embedding,gpt2-medium,FlagGems,68.5,77.9,,1.2613,ok,,false,true,0,0,0.001,0.001,ok,,,,,,1.0,1.2613,true,0.2613
embedding,llama2-seq512,PyTorch-eager,53.4,79.9,,1.0000,ok,,false,true,0,0,0.001,0.001,ok,,,,,,1.0,1.0000,true,0.0000
embedding,llama2-seq512,Arke,45.1,40.9,,1.1840,ok,,false,true,0,0,0.001,0.001,ok,,,,,,1.0,1.1840,true,0.1840
embedding,llama2-seq512,FlagGems,48.8,6.0,,1.0943,ok,,false,true,0,0,0.001,0.001,ok,,,,,,1.0,1.0943,true,0.0943
embedding,llama2-seq2k,PyTorch-eager,59.7,67.6,,1.0000,ok,,false,true,0,0,0.001,0.001,ok,,,,,,1.0,1.0000,true,0.0000
embedding,llama2-seq2k,Arke,46.8,7.2,,1.2756,ok,,false,true,0,0,0.001,0.001,ok,,,,,,1.0,1.2756,true,0.2756
embedding,llama2-seq2k,FlagGems,47.6,52.0,,1.2542,ok,,false,true,0,0,0.001,0.001,ok,,,,,,1.0,1.2542,true,0.2542
embedding,llama3-seq512,PyTorch-eager,219.8,225.3,,1.0000,ok,,false,true,0,0,0.001,0.001,ok,,,,,,1.0,1.0000,true,0.0000
embedding,llama3-seq512,Arke,64.9,33.8,,3.3867,ok,,false,true,0,0,0.001,0.001,ok,,,,,,1.0,3.3867,true,2.3867
embedding,llama3-seq512,FlagGems,75.0,56.3,,2.9307,ok,,false,true,0,0,0.001,0.001,ok,,,,,,1.0,2.9307,true,1.9307
embedding,llama3-seq2k,PyTorch-eager,216.1,218.1,,1.0000,ok,,false,true,0,0,0.001,0.001,ok,,,,,,1.0,1.0000,true,0.0000
embedding,llama3-seq2k,Arke,62.3,59.4,,3.4687,ok,,false,true,0,0,0.001,0.001,ok,,,,,,1.0,3.4687,true,2.4687
embedding,llama3-seq2k,FlagGems,65.3,75.8,,3.3093,ok,,false,true,0,0,0.001,0.001,ok,,,,,,1.0,3.3093,true,2.3093
embedding,qwen25-seq512,PyTorch-eager,257.5,260.1,,1.0000,ok,,false,true,0,0,0.001,0.001,ok,,,,,,1.0,1.0000,true,0.0000
embedding,qwen25-seq512,Arke,56.4,30.7,,4.5656,ok,,false,true,0,0,0.001,0.001,ok,,,,,,1.0,4.5656,true,3.5656
embedding,qwen25-seq512,FlagGems,84.7,75.8,,3.0401,ok,,false,true,0,0,0.001,0.001,ok,,,,,,1.0,3.0401,true,2.0401
embedding,batched-b4,PyTorch-eager,82.8,103.4,,1.0000,ok,,false,true,0,0,0.001,0.001,ok,,,,,,1.0,1.0000,true,0.0000
embedding,batched-b4,Arke,50.5,61.4,,1.6396,ok,,false,true,0,0,0.001,0.001,ok,,,,,,1.0,1.6396,true,0.6396
embedding,batched-b4,FlagGems,92.8,64.5,,0.8922,ok,,false,true,0,0,0.001,0.001,ok,,,,,,1.0,0.8922,false,-0.1078
embedding,non-align-1,PyTorch-eager,84.6,88.1,,1.0000,ok,,false,true,0,0,0.001,0.001,ok,,,,,,1.0,1.0000,true,0.0000
embedding,non-align-1,Arke,48.2,54.4,,1.7552,ok,,false,true,0,0,0.001,0.001,ok,,,,,,1.0,1.7552,true,0.7552
embedding,non-align-1,FlagGems,49.7,40.1,,1.7022,ok,,false,true,0,0,0.001,0.001,ok,,,,,,1.0,1.7022,true,0.7022
embedding,non-align-2,PyTorch-eager,53.1,87.9,,1.0000,ok,,false,true,0,0,0.001,0.001,ok,,,,,,1.0,1.0000,true,0.0000
embedding,non-align-2,Arke,56.8,67.6,,0.9349,ok,,false,true,0,0,0.001,0.001,ok,,,,,,1.0,0.9349,false,-0.0651
embedding,non-align-2,FlagGems,54.6,6.9,,0.9725,ok,,false,true,0,0,0.001,0.001,ok,,,,,,1.0,0.9725,false,-0.0275
embedding,extreme-large-vocab,PyTorch-eager,258.7,263.0,,1.0000,ok,,false,true,0,0,0.001,0.001,ok,,,,,,1.0,1.0000,true,0.0000
embedding,extreme-large-vocab,Arke,91.7,45.1,,2.8212,ok,,false,true,0,0,0.001,0.001,ok,,,,,,1.0,2.8212,true,1.8212
embedding,extreme-large-vocab,FlagGems,53.0,55.3,,4.8811,ok,,false,true,0,0,0.001,0.001,ok,,,,,,1.0,4.8811,true,3.8811
embedding,extreme-short-seq,PyTorch-eager,219.0,224.3,,1.0000,ok,,false,true,0,0,0.001,0.001,ok,,,,,,1.0,1.0000,true,0.0000
embedding,extreme-short-seq,Arke,51.4,68.6,,4.2607,ok,,false,true,0,0,0.001,0.001,ok,,,,,,1.0,4.2607,true,3.2607
embedding,extreme-short-seq,FlagGems,244.3,244.7,,0.8964,ok,,false,true,0,0,0.001,0.001,ok,,,,,,1.0,0.8964,false,-0.1036
exp,micro-tiny,cuBLAS/cuDNN,80.6,83.7,,1.3164,ok,,false,true,0,0,0.001,0.001,ok,,,,,,1.0,1.3164,true,0.3164
exp,micro-tiny,PyTorch-eager,106.1,103.6,,1.0000,ok,,false,true,0,0,0.001,0.001,ok,,,,,,1.0,1.0000,true,0.0000
exp,micro-tiny,Arke,81.9,94.2,,1.2955,ok,,false,true,0,0,0.001,0.001,ok,,,,,,1.0,1.2955,true,0.2955
exp,micro-tiny,FlagGems,92.7,89.1,,1.1446,ok,,false,true,0,0,0.001,0.001,ok,,,,,,1.0,1.1446,true,0.1446
exp,micro-small,cuBLAS/cuDNN,90.6,89.1,,1.1192,ok,,false,true,0,0,0.001,0.001,ok,,,,,,1.0,1.1192,true,0.1192
exp,micro-small,PyTorch-eager,101.4,86.0,,1.0000,ok,,false,true,0,0,0.001,0.001,ok,,,,,,1.0,1.0000,true,0.0000
exp,micro-small,Arke,111.1,3.9,,0.9127,ok,,false,true,0,0,0.001,0.001,ok,,,,,,1.0,0.9127,false,-0.0873
exp,micro-small,FlagGems,96.2,56.2,,1.0541,ok,,false,true,0,0,0.001,0.001,ok,,,,,,1.0,1.0541,true,0.0541
exp,gpt2-hidden,cuBLAS/cuDNN,96.1,57.3,,1.2893,ok,,false,true,0,0,0.001,0.001,ok,,,,,,1.0,1.2893,true,0.2893
exp,gpt2-hidden,PyTorch-eager,123.9,101.4,,1.0000,ok,,false,true,0,0,0.001,0.001,ok,,,,,,1.0,1.0000,true,0.0000
exp,gpt2-hidden,Arke,76.1,43.0,,1.6281,ok,,false,true,0,0,0.001,0.001,ok,,,,,,1.0,1.6281,true,0.6281
exp,gpt2-hidden,FlagGems,78.3,89.1,,1.5824,ok,,false,true,0,0,0.001,0.001,ok,,,,,,1.0,1.5824,true,0.5824
exp,gpt2-ffn,cuBLAS/cuDNN,72.3,8.2,,1.0097,ok,,false,true,0,0,0.001,0.001,ok,,,,,,1.0,1.0097,true,0.0097
exp,gpt2-ffn,PyTorch-eager,73.0,82.0,,1.0000,ok,,false,true,0,0,0.001,0.001,ok,,,,,,1.0,1.0000,true,0.0000
exp,gpt2-ffn,Arke,77.7,100.4,,0.9395,ok,,false,true,0,0,0.001,0.001,ok,,,,,,1.0,0.9395,false,-0.0605
exp,gpt2-ffn,FlagGems,78.3,94.2,,0.9323,ok,,false,true,0,0,0.001,0.001,ok,,,,,,1.0,0.9323,false,-0.0677
exp,square-1k,cuBLAS/cuDNN,83.9,68.6,,0.9225,ok,,false,true,0,0,0.001,0.001,ok,,,,,,1.0,0.9225,false,-0.0775
exp,square-1k,PyTorch-eager,77.4,87.0,,1.0000,ok,,false,true,0,0,0.001,0.001,ok,,,,,,1.0,1.0000,true,0.0000
exp,square-1k,Arke,81.0,77.8,,0.9556,ok,,false,true,0,0,0.001,0.001,ok,,,,,,1.0,0.9556,false,-0.0444
exp,square-1k,FlagGems,82.8,87.0,,0.9348,ok,,false,true,0,0,0.001,0.001,ok,,,,,,1.0,0.9348,false,-0.0652
exp,llama-ffn,cuBLAS/cuDNN,76.1,141.3,,1.0171,ok,,false,true,0,0,0.001,0.001,ok,,,,,,1.0,1.0171,true,0.0171
exp,llama-ffn,PyTorch-eager,77.4,144.4,,1.0000,ok,,false,true,0,0,0.001,0.001,ok,,,,,,1.0,1.0000,true,0.0000
exp,llama-ffn,Arke,84.9,147.5,,0.9117,ok,,false,true,0,0,0.001,0.001,ok,,,,,,1.0,0.9117,false,-0.0883
exp,llama-ffn,FlagGems,82.4,116.7,,0.9393,ok,,false,true,0,0,0.001,0.001,ok,,,,,,1.0,0.9393,false,-0.0607
exp,llama-hidden,cuBLAS/cuDNN,73.6,98.3,,1.0204,ok,,false,true,0,0,0.001,0.001,ok,,,,,,1.0,1.0204,true,0.0204
exp,llama-hidden,PyTorch-eager,75.1,100.2,,1.0000,ok,,false,true,0,0,0.001,0.001,ok,,,,,,1.0,1.0000,true,0.0000
exp,llama-hidden,Arke,75.3,100.7,,0.9973,ok,,false,true,0,0,0.001,0.001,ok,,,,,,1.0,0.9973,false,-0.0027
exp,llama-hidden,FlagGems,81.9,36.9,,0.9170,ok,,false,true,0,0,0.001,0.001,ok,,,,,,1.0,0.9170,false,-0.0830
exp,llama-long,cuBLAS/cuDNN,217.6,221.2,,1.0023,ok,,false,true,0,0,0.001,0.001,ok,,,,,,1.0,1.0023,true,0.0023
exp,llama-long,PyTorch-eager,218.1,281.5,,1.0000,ok,,false,true,0,0,0.001,0.001,ok,,,,,,1.0,1.0000,true,0.0000
exp,llama-long,Arke,236.4,262.1,,0.9226,ok,,false,true,0,0,0.001,0.001,ok,,,,,,1.0,0.9226,false,-0.0774
exp,llama-long,FlagGems,217.3,219.0,,1.0037,ok,,false,true,0,0,0.001,0.001,ok,,,,,,1.0,1.0037,true,0.0037
exp,ds-ffn,cuBLAS/cuDNN,85.0,146.4,,0.9918,ok,,false,true,0,0,0.001,0.001,ok,,,,,,1.0,0.9918,false,-0.0082
exp,ds-ffn,PyTorch-eager,84.3,118.8,,1.0000,ok,,false,true,0,0,0.001,0.001,ok,,,,,,1.0,1.0000,true,0.0000
exp,ds-ffn,Arke,92.3,89.0,,0.9133,ok,,false,true,0,0,0.001,0.001,ok,,,,,,1.0,0.9133,false,-0.0867
exp,ds-ffn,FlagGems,85.0,128.0,,0.9918,ok,,false,true,0,0,0.001,0.001,ok,,,,,,1.0,0.9918,false,-0.0082
exp,ds-ffn-large,cuBLAS/cuDNN,123.8,127.0,,1.0057,ok,,false,true,0,0,0.001,0.001,ok,,,,,,1.0,1.0057,true,0.0057
exp,ds-ffn-large,PyTorch-eager,124.5,142.3,,1.0000,ok,,false,true,0,0,0.001,0.001,ok,,,,,,1.0,1.0000,true,0.0000
exp,ds-ffn-large,Arke,124.2,146.4,,1.0024,ok,,false,true,0,0,0.001,0.001,ok,,,,,,1.0,1.0024,true,0.0024
exp,ds-ffn-large,FlagGems,124.1,181.1,,1.0032,ok,,false,true,0,0,0.001,0.001,ok,,,,,,1.0,1.0032,true,0.0032
exp,qwen-ffn,cuBLAS/cuDNN,127.7,165.8,,1.0031,ok,,false,true,0,0,0.001,0.001,ok,,,,,,1.0,1.0031,true,0.0031
exp,qwen-ffn,PyTorch-eager,128.1,172.0,,1.0000,ok,,false,true,0,0,0.001,0.001,ok,,,,,,1.0,1.0000,true,0.0000
exp,qwen-ffn,Arke,127.7,156.7,,1.0031,ok,,false,true,0,0,0.001,0.001,ok,,,,,,1.0,1.0031,true,0.0031
exp,qwen-ffn,FlagGems,127.8,133.1,,1.0023,ok,,false,true,0,0,0.001,0.001,ok,,,,,,1.0,1.0023,true,0.0023
exp,xlarge,cuBLAS/cuDNN,429.0,430.1,,1.0033,ok,,false,true,0,0,0.001,0.001,ok,,,,,,1.0,1.0033,true,0.0033
exp,xlarge,PyTorch-eager,430.4,430.1,,1.0000,ok,,false,true,0,0,0.001,0.001,ok,,,,,,1.0,1.0000,true,0.0000
exp,xlarge,Arke,429.3,430.1,,1.0026,ok,,false,true,0,0,0.001,0.001,ok,,,,,,1.0,1.0026,true,0.0026
exp,xlarge,FlagGems,445.1,429.1,,0.9670,ok,,false,true,0,0,0.001,0.001,ok,,,,,,1.0,0.9670,false,-0.0330
exp,non-align-1,cuBLAS/cuDNN,69.3,94.2,,1.0563,ok,,false,true,0,0,0.001,0.001,ok,,,,,,1.0,1.0563,true,0.0563
exp,non-align-1,PyTorch-eager,73.2,92.2,,1.0000,ok,,false,true,0,0,0.001,0.001,ok,,,,,,1.0,1.0000,true,0.0000
exp,non-align-1,Arke,80.5,104.5,,0.9093,ok,,false,true,0,0,0.001,0.001,ok,,,,,,1.0,0.9093,false,-0.0907
exp,non-align-1,FlagGems,88.1,90.1,,0.8309,ok,,false,true,0,0,0.001,0.001,ok,,,,,,1.0,0.8309,false,-0.1691
exp,non-align-2,cuBLAS/cuDNN,74.5,102.4,,0.9785,ok,,false,true,0,0,0.001,0.001,ok,,,,,,1.0,0.9785,false,-0.0215
exp,non-align-2,PyTorch-eager,72.9,107.3,,1.0000,ok,,false,true,0,0,0.001,0.001,ok,,,,,,1.0,1.0000,true,0.0000
exp,non-align-2,Arke,84.2,97.3,,0.8658,ok,,false,true,0,0,0.001,0.001,ok,,,,,,1.0,0.8658,false,-0.1342
exp,non-align-2,FlagGems,89.2,108.5,,0.8173,ok,,false,true,0,0,0.001,0.001,ok,,,,,,1.0,0.8173,false,-0.1827
exp,non-align-3,cuBLAS/cuDNN,109.1,171.8,,1.0000,ok,,false,true,0,0,0.001,0.001,ok,,,,,,1.0,1.0000,true,0.0000
exp,non-align-3,PyTorch-eager,109.1,177.2,,1.0000,ok,,false,true,0,0,0.001,0.001,ok,,,,,,1.0,1.0000,true,0.0000
exp,non-align-3,Arke,109.4,162.8,,0.9973,ok,,false,true,0,0,0.001,0.001,ok,,,,,,1.0,0.9973,false,-0.0027
exp,non-align-3,FlagGems,113.4,173.0,,0.9621,ok,,false,true,0,0,0.001,0.001,ok,,,,,,1.0,0.9621,false,-0.0379
exp,non-align-4,cuBLAS/cuDNN,68.5,115.7,,1.0657,ok,,false,true,0,0,0.001,0.001,ok,,,,,,1.0,1.0657,true,0.0657
exp,non-align-4,PyTorch-eager,73.0,115.7,,1.0000,ok,,false,true,0,0,0.001,0.001,ok,,,,,,1.0,1.0000,true,0.0000
exp,non-align-4,Arke,86.8,119.8,,0.8410,ok,,false,true,0,0,0.001,0.001,ok,,,,,,1.0,0.8410,false,-0.1590
exp,non-align-4,FlagGems,88.9,116.7,,0.8211,ok,,false,true,0,0,0.001,0.001,ok,,,,,,1.0,0.8211,false,-0.1789
exp,non-align-5,cuBLAS/cuDNN,76.6,98.3,,0.9191,ok,,false,true,0,0,0.001,0.001,ok,,,,,,1.0,0.9191,false,-0.0809
exp,non-align-5,PyTorch-eager,70.4,89.2,,1.0000,ok,,false,true,0,0,0.001,0.001,ok,,,,,,1.0,1.0000,true,0.0000
exp,non-align-5,Arke,92.2,27.6,,0.7636,ok,,false,true,0,0,0.001,0.001,ok,,,,,,1.0,0.7636,false,-0.2364
exp,non-align-5,FlagGems,87.5,90.1,,0.8046,ok,,false,true,0,0,0.001,0.001,ok,,,,,,1.0,0.8046,false,-0.1954
exp,extreme-flat,cuBLAS/cuDNN,81.9,95.2,,0.9829,ok,,false,true,0,0,0.001,0.001,ok,,,,,,1.0,0.9829,false,-0.0171
exp,extreme-flat,PyTorch-eager,80.5,94.0,,1.0000,ok,,false,true,0,0,0.001,0.001,ok,,,,,,1.0,1.0000,true,0.0000
exp,extreme-flat,Arke,75.0,96.0,,1.0733,ok,,false,true,0,0,0.001,0.001,ok,,,,,,1.0,1.0733,true,0.0733
exp,extreme-flat,FlagGems,78.5,91.1,,1.0255,ok,,false,true,0,0,0.001,0.001,ok,,,,,,1.0,1.0255,true,0.0255
exp,extreme-tall,cuBLAS/cuDNN,72.8,88.1,,1.0110,ok,,false,true,0,0,0.001,0.001,ok,,,,,,1.0,1.0110,true,0.0110
exp,extreme-tall,PyTorch-eager,73.6,95.3,,1.0000,ok,,false,true,0,0,0.001,0.001,ok,,,,,,1.0,1.0000,true,0.0000
exp,extreme-tall,Arke,82.6,74.8,,0.8910,ok,,false,true,0,0,0.001,0.001,ok,,,,,,1.0,0.8910,false,-0.1090
exp,extreme-tall,FlagGems,80.6,61.8,,0.9132,ok,,false,true,0,0,0.001,0.001,ok,,,,,,1.0,0.9132,false,-0.0868
exp,extreme-wide,cuBLAS/cuDNN,68.7,119.7,,1.3930,ok,,false,true,0,0,0.001,0.001,ok,,,,,,1.0,1.3930,true,0.3930
exp,extreme-wide,PyTorch-eager,95.7,124.9,,1.0000,ok,,false,true,0,0,0.001,0.001,ok,,,,,,1.0,1.0000,true,0.0000
exp,extreme-wide,Arke,86.4,123.9,,1.1076,ok,,false,true,0,0,0.001,0.001,ok,,,,,,1.0,1.1076,true,0.1076
exp,extreme-wide,FlagGems,72.7,122.9,,1.3164,ok,,false,true,0,0,0.001,0.001,ok,,,,,,1.0,1.3164,true,0.3164
flash_attention,gpt2-sm-128,cuBLAS/cuDNN,18.4,16.4,,14.3261,ok,,false,true,0,0,0.001,0.001,ok,,1179648,3542771302,0.0003,attention,1.0,14.3261,true,13.3261
flash_attention,gpt2-sm-128,PyTorch-eager,263.6,267.0,,1.0000,ok,,false,true,0,0,0.001,0.001,ok,,1179648,3542771302,0.0003,attention,1.0,1.0000,true,0.0000
flash_attention,gpt2-sm-128,Arke,20.6,14.3,,12.7961,ok,,false,true,0,0,0.001,0.001,ok,,1179648,3542771302,0.0003,attention,1.0,12.7961,true,11.7961
flash_attention,gpt2-sm-512,cuBLAS/cuDNN,45.8,47.1,,16.6070,ok,,false,true,0,0,0.001,0.001,ok,,9437184,3542771302,0.0027,attention,1.0,16.6070,true,15.6070
flash_attention,gpt2-sm-512,PyTorch-eager,760.6,752.6,,1.0000,ok,,false,true,0,0,0.001,0.001,ok,,9437184,3542771302,0.0027,attention,1.0,1.0000,true,0.0000
flash_attention,gpt2-sm-512,Arke,41.5,43.0,,18.3277,ok,,false,true,0,0,0.001,0.001,ok,,9437184,3542771302,0.0027,attention,1.0,18.3277,true,17.3277
flash_attention,gpt2-sm-1k,cuBLAS/cuDNN,89.7,94.2,,30.9231,ok,,false,true,0,0,0.001,0.001,ok,,31457280,3542771302,0.0089,attention,1.0,30.9231,true,29.9231
flash_attention,gpt2-sm-1k,PyTorch-eager,2773.8,2657.3,,1.0000,ok,,false,true,0,0,0.001,0.001,ok,,31457280,3542771302,0.0089,attention,1.0,1.0000,true,0.0000
flash_attention,gpt2-sm-1k,Arke,119.4,118.7,,23.2312,ok,,false,true,0,0,0.001,0.001,ok,,31457280,3542771302,0.0089,attention,1.0,23.2312,true,22.2312
flash_attention,gpt2-md-2k,cuBLAS/cuDNN,480.4,464.9,,30.7038,ok,,false,true,0,0,0.001,0.001,ok,,150994944,3542771302,0.0426,attention,1.0,30.7038,true,29.7038
flash_attention,gpt2-md-2k,PyTorch-eager,14750.1,14442.5,,1.0000,ok,,false,true,0,0,0.001,0.001,ok,,150994944,3542771302,0.0426,attention,1.0,1.0000,true,0.0000
flash_attention,gpt2-md-2k,Arke,480.4,458.8,,30.7038,ok,,false,true,0,0,0.001,0.001,ok,,150994944,3542771302,0.0426,attention,1.0,30.7038,true,29.7038
flash_attention,llama2-7b-512,cuBLAS/cuDNN,145.5,141.2,,14.9876,ok,,false,true,0,0,0.001,0.001,ok,,33554432,3542771302,0.0095,attention,1.0,14.9876,true,13.9876
flash_attention,llama2-7b-512,PyTorch-eager,2180.7,2111.4,,1.0000,ok,,false,true,0,0,0.001,0.001,ok,,33554432,3542771302,0.0095,attention,1.0,1.0000,true,0.0000
flash_attention,llama2-7b-512,Arke,142.3,150.3,,15.3247,ok,,false,true,0,0,0.001,0.001,ok,,33554432,3542771302,0.0095,attention,1.0,15.3247,true,14.3247
flash_attention,llama2-7b-2k,cuBLAS/cuDNN,1737.4,1655.8,,18.9823,ok,,false,true,0,0,0.001,0.001,ok,,335544320,3542771302,0.0947,attention,1.0,18.9823,true,17.9823
flash_attention,llama2-7b-2k,PyTorch-eager,32979.9,32503.8,,1.0000,ok,,false,true,0,0,0.001,0.001,ok,,335544320,3542771302,0.0947,attention,1.0,1.0000,true,0.0000
flash_attention,llama2-7b-2k,Arke,1754.5,1692.5,,18.7973,ok,,false,true,0,0,0.001,0.001,ok,,335544320,3542771302,0.0947,attention,1.0,18.7973,true,17.7973
flash_attention,llama2-7b-4k,cuBLAS/cuDNN,6830.0,6624.3,,18.0200,ok,,false,true,0,0,0.001,0.001,ok,,1207959552,3542771302,0.3410,attention,1.0,18.0200,true,17.0200
flash_attention,llama2-7b-4k,PyTorch-eager,123076.4,121429.0,,1.0000,ok,,false,true,0,0,0.001,0.001,ok,,1207959552,3542771302,0.3410,attention,1.0,1.0000,true,0.0000
flash_attention,llama2-7b-4k,Arke,6863.5,6674.4,,17.9320,ok,,false,true,0,0,0.001,0.001,ok,,1207959552,3542771302,0.3410,attention,1.0,17.9320,true,16.9320
flash_attention,llama2-7b-batch,cuBLAS/cuDNN,545.5,525.3,,15.1848,ok,,false,true,0,0,0.001,0.001,ok,,134217728,3542771302,0.0379,attention,1.0,15.1848,true,14.1848
flash_attention,llama2-7b-batch,PyTorch-eager,8283.3,8154.1,,1.0000,ok,,false,true,0,0,0.001,0.001,ok,,134217728,3542771302,0.0379,attention,1.0,1.0000,true,0.0000
flash_attention,llama2-7b-batch,Arke,551.4,537.6,,15.0223,ok,,false,true,0,0,0.001,0.001,ok,,134217728,3542771302,0.0379,attention,1.0,15.0223,true,14.0223
flash_attention,ds-v2-512,cuBLAS/cuDNN,545.6,529.4,,15.1629,ok,,false,true,0,0,0.001,0.001,ok,,134217728,3542771302,0.0379,attention,1.0,15.1629,true,14.1629
flash_attention,ds-v2-512,PyTorch-eager,8272.9,8201.2,,1.0000,ok,,false,true,0,0,0.001,0.001,ok,,134217728,3542771302,0.0379,attention,1.0,1.0000,true,0.0000
flash_attention,ds-v2-512,Arke,546.2,531.5,,15.1463,ok,,false,true,0,0,0.001,0.001,ok,,134217728,3542771302,0.0379,attention,1.0,15.1463,true,14.1463
flash_attention,ds-v2-2k,cuBLAS/cuDNN,6916.7,6775.8,,,ok,,false,,,,0.001,0.001,error,"!handles_.at(i) INTERNAL ASSERT FAILED at ""/pytorch/c10/cuda/CUDACachingAllocator.cpp"":400, please report a bug to PyTorch. ",1342177280,3542771302,0.3788,attention,1.0,,,
flash_attention,ds-v2-2k,PyTorch-eager,inf,inf,,,error,"!handles_.at(i) INTERNAL ASSERT FAILED at ""/pytorch/c10/cuda/CUDACachingAllocator.cpp"":400, please report a bug to PyTorch. ",false,,,,,,error,"!handles_.at(i) INTERNAL ASSERT FAILED at ""/pytorch/c10/cuda/CUDACachingAllocator.cpp"":400, please report a bug to PyTorch. ",1342177280,3542771302,0.3788,attention,1.0,N/A,false,N/A
flash_attention,ds-v2-2k,Arke,6926.3,6433.8,,,ok,,false,,,,0.001,0.001,error,"!handles_.at(i) INTERNAL ASSERT FAILED at ""/pytorch/c10/cuda/CUDACachingAllocator.cpp"":400, please report a bug to PyTorch. ",1342177280,3542771302,0.3788,attention,1.0,,,
flash_attention,ds-v2-4k,cuBLAS/cuDNN,inf,inf,,,skipped,memory preflight: estimated attention footprint 4831838208 bytes > budget 3542771302 bytes,true,,,,,,skipped,memory preflight: estimated attention footprint 4831838208 bytes > budget 3542771302 bytes,4831838208,3542771302,1.3639,attention,1.0,N/A,false,N/A
flash_attention,ds-v2-4k,PyTorch-eager,inf,inf,,,skipped,memory preflight: estimated attention footprint 4831838208 bytes > budget 3542771302 bytes,true,,,,,,skipped,memory preflight: estimated attention footprint 4831838208 bytes > budget 3542771302 bytes,4831838208,3542771302,1.3639,attention,1.0,N/A,false,N/A
flash_attention,ds-v2-4k,Arke,inf,inf,,,skipped,memory preflight: estimated attention footprint 4831838208 bytes > budget 3542771302 bytes,true,,,,,,skipped,memory preflight: estimated attention footprint 4831838208 bytes > budget 3542771302 bytes,4831838208,3542771302,1.3639,attention,1.0,N/A,false,N/A
flash_attention,ds-v2-8k,cuBLAS/cuDNN,inf,inf,,,skipped,memory preflight: estimated attention footprint 18253611008 bytes > budget 3542771302 bytes,true,,,,,,skipped,memory preflight: estimated attention footprint 18253611008 bytes > budget 3542771302 bytes,18253611008,3542771302,5.1524,attention,1.0,N/A,false,N/A
flash_attention,ds-v2-8k,PyTorch-eager,inf,inf,,,skipped,memory preflight: estimated attention footprint 18253611008 bytes > budget 3542771302 bytes,true,,,,,,skipped,memory preflight: estimated attention footprint 18253611008 bytes > budget 3542771302 bytes,18253611008,3542771302,5.1524,attention,1.0,N/A,false,N/A
flash_attention,ds-v2-8k,Arke,inf,inf,,,skipped,memory preflight: estimated attention footprint 18253611008 bytes > budget 3542771302 bytes,true,,,,,,skipped,memory preflight: estimated attention footprint 18253611008 bytes > budget 3542771302 bytes,18253611008,3542771302,5.1524,attention,1.0,N/A,false,N/A
flash_attention,ds-v2-16k,cuBLAS/cuDNN,inf,inf,,,skipped,memory preflight: estimated attention footprint 70866960384 bytes > budget 3542771302 bytes,true,,,,,,skipped,memory preflight: estimated attention footprint 70866960384 bytes > budget 3542771302 bytes,70866960384,3542771302,20.0033,attention,1.0,N/A,false,N/A
flash_attention,ds-v2-16k,PyTorch-eager,inf,inf,,,skipped,memory preflight: estimated attention footprint 70866960384 bytes > budget 3542771302 bytes,true,,,,,,skipped,memory preflight: estimated attention footprint 70866960384 bytes > budget 3542771302 bytes,70866960384,3542771302,20.0033,attention,1.0,N/A,false,N/A
flash_attention,ds-v2-16k,Arke,inf,inf,,,skipped,memory preflight: estimated attention footprint 70866960384 bytes > budget 3542771302 bytes,true,,,,,,skipped,memory preflight: estimated attention footprint 70866960384 bytes > budget 3542771302 bytes,70866960384,3542771302,20.0033,attention,1.0,N/A,false,N/A
flash_attention,ds-v3-32k,cuBLAS/cuDNN,inf,inf,,,skipped,memory preflight: estimated attention footprint 279172874240 bytes > budget 3542771302 bytes,true,,,,,,skipped,memory preflight: estimated attention footprint 279172874240 bytes > budget 3542771302 bytes,279172874240,3542771302,78.8007,attention,1.0,N/A,false,N/A
flash_attention,ds-v3-32k,PyTorch-eager,inf,inf,,,skipped,memory preflight: estimated attention footprint 279172874240 bytes > budget 3542771302 bytes,true,,,,,,skipped,memory preflight: estimated attention footprint 279172874240 bytes > budget 3542771302 bytes,279172874240,3542771302,78.8007,attention,1.0,N/A,false,N/A
flash_attention,ds-v3-32k,Arke,inf,inf,,,skipped,memory preflight: estimated attention footprint 279172874240 bytes > budget 3542771302 bytes,true,,,,,,skipped,memory preflight: estimated attention footprint 279172874240 bytes > budget 3542771302 bytes,279172874240,3542771302,78.8007,attention,1.0,N/A,false,N/A
flash_attention,ds-v3-163k,cuBLAS/cuDNN,inf,inf,,,skipped,memory preflight: estimated attention footprint 6893422510080 bytes > budget 3542771302 bytes,true,,,,,,skipped,memory preflight: estimated attention footprint 6893422510080 bytes > budget 3542771302 bytes,6893422510080,3542771302,1945.7712,attention,1.0,N/A,false,N/A
flash_attention,ds-v3-163k,PyTorch-eager,inf,inf,,,skipped,memory preflight: estimated attention footprint 6893422510080 bytes > budget 3542771302 bytes,true,,,,,,skipped,memory preflight: estimated attention footprint 6893422510080 bytes > budget 3542771302 bytes,6893422510080,3542771302,1945.7712,attention,1.0,N/A,false,N/A
flash_attention,ds-v3-163k,Arke,inf,inf,,,skipped,memory preflight: estimated attention footprint 6893422510080 bytes > budget 3542771302 bytes,true,,,,,,skipped,memory preflight: estimated attention footprint 6893422510080 bytes > budget 3542771302 bytes,6893422510080,3542771302,1945.7712,attention,1.0,N/A,false,N/A
flash_attention,ds-batch-8,cuBLAS/cuDNN,4351.1,4169.7,,14.9821,ok,,false,true,0,0,0.001,0.001,ok,,1073741824,3542771302,0.3031,attention,1.0,14.9821,true,13.9821
flash_attention,ds-batch-8,PyTorch-eager,65188.8,64247.8,,1.0000,ok,,false,true,0,0,0.001,0.001,ok,,1073741824,3542771302,0.3031,attention,1.0,1.0000,true,0.0000
flash_attention,ds-batch-8,Arke,4341.6,4138.8,,15.0149,ok,,false,true,0,0,0.001,0.001,ok,,1073741824,3542771302,0.3031,attention,1.0,15.0149,true,14.0149
fused_linear_cross_entropy,gpt2-seq128,PyTorch-eager,90.0,72.7,,1.0000,ok,,false,true,0,0,0.01,0.01,ok,golden_runner='Liger-Kernel' returned None; used PyTorch-eager reference fallback,103123968,3542771302,0.0291,linear_ce,1.0,1.0000,true,0.0000
fused_linear_cross_entropy,gpt2-seq128,Arke,148.6,89.3,,0.6057,ok,,false,true,0,0,0.01,0.01,ok,golden_runner='Liger-Kernel' returned None; used PyTorch-eager reference fallback,103123968,3542771302,0.0291,linear_ce,1.0,0.6057,false,-0.3943
fused_linear_cross_entropy,gpt2-seq512,PyTorch-eager,70.8,66.6,,1.0000,ok,,false,true,0,0,0.01,0.01,ok,golden_runner='Liger-Kernel' returned None; used PyTorch-eager reference fallback,180911616,3542771302,0.0511,linear_ce,1.0,1.0000,true,0.0000
fused_linear_cross_entropy,gpt2-seq512,Arke,74.8,71.7,,0.9465,ok,,false,true,0,0,0.01,0.01,ok,golden_runner='Liger-Kernel' returned None; used PyTorch-eager reference fallback,180911616,3542771302,0.0511,linear_ce,1.0,0.9465,false,-0.0535
fused_linear_cross_entropy,llama2-seq512,PyTorch-eager,205.7,213.0,,1.0000,ok,,false,true,0,0,0.01,0.01,ok,golden_runner='Liger-Kernel' returned None; used PyTorch-eager reference fallback,331878400,3542771302,0.0937,linear_ce,1.0,1.0000,true,0.0000
fused_linear_cross_entropy,llama2-seq512,Arke,123.9,124.9,,1.6602,ok,,false,true,0,0,0.01,0.01,ok,golden_runner='Liger-Kernel' returned None; used PyTorch-eager reference fallback,331878400,3542771302,0.0937,linear_ce,1.0,1.6602,true,0.6602
fused_linear_cross_entropy,llama2-seq2k,PyTorch-eager,766.8,742.3,,1.0000,ok,,false,true,0,0,0.01,0.01,ok,golden_runner='Liger-Kernel' returned None; used PyTorch-eager reference fallback,541081600,3542771302,0.1527,linear_ce,1.0,1.0000,true,0.0000
fused_linear_cross_entropy,llama2-seq2k,Arke,445.5,433.2,,1.7212,ok,,false,true,0,0,0.01,0.01,ok,golden_runner='Liger-Kernel' returned None; used PyTorch-eager reference fallback,541081600,3542771302,0.1527,linear_ce,1.0,1.7212,true,0.7212
fused_linear_cross_entropy,llama3-seq512,PyTorch-eager,209.6,204.8,,1.0000,ok,,false,true,0,0,0.01,0.01,ok,golden_runner='Liger-Kernel' returned None; used PyTorch-eager reference fallback,1317539840,3542771302,0.3719,linear_ce,1.0,1.0000,true,0.0000
fused_linear_cross_entropy,llama3-seq512,Arke,128.0,144.4,,1.6375,ok,,false,true,0,0,0.01,0.01,ok,golden_runner='Liger-Kernel' returned None; used PyTorch-eager reference fallback,1317539840,3542771302,0.3719,linear_ce,1.0,1.6375,true,0.6375
fused_linear_cross_entropy,llama3-seq2k,PyTorch-eager,789.4,749.6,,1.0000,ok,,false,true,0,0,0.01,0.01,ok,golden_runner='Liger-Kernel' returned None; used PyTorch-eager reference fallback,2118139904,3542771302,0.5979,linear_ce,1.0,1.0000,true,0.0000
fused_linear_cross_entropy,llama3-seq2k,Arke,453.2,451.6,,1.7418,ok,,false,true,0,0,0.01,0.01,ok,golden_runner='Liger-Kernel' returned None; used PyTorch-eager reference fallback,2118139904,3542771302,0.5979,linear_ce,1.0,1.7418,true,0.7418
fused_linear_cross_entropy,qwen25-seq512,PyTorch-eager,185.1,195.6,,1.0000,ok,,false,true,0,0,0.01,0.01,ok,golden_runner='Liger-Kernel' returned None; used PyTorch-eager reference fallback,298586112,3542771302,0.0843,linear_ce,1.0,1.0000,true,0.0000
fused_linear_cross_entropy,qwen25-seq512,Arke,119.1,112.4,,1.5542,ok,,false,true,0,0,0.01,0.01,ok,golden_runner='Liger-Kernel' returned None; used PyTorch-eager reference fallback,298586112,3542771302,0.0843,linear_ce,1.0,1.5542,true,0.5542
fused_linear_cross_entropy,qwen25-seq2k,PyTorch-eager,685.3,654.2,,1.0000,ok,,false,true,0,0,0.01,0.01,ok,golden_runner='Liger-Kernel' returned None; used PyTorch-eager reference fallback,506216448,3542771302,0.1429,linear_ce,1.0,1.0000,true,0.0000
fused_linear_cross_entropy,qwen25-seq2k,Arke,412.0,409.6,,1.6633,ok,,false,true,0,0,0.01,0.01,ok,golden_runner='Liger-Kernel' returned None; used PyTorch-eager reference fallback,506216448,3542771302,0.1429,linear_ce,1.0,1.6633,true,0.6633
fused_linear_cross_entropy,ds-v2-seq512,PyTorch-eager,257.0,264.2,,1.0000,ok,,false,true,0,0,0.01,0.01,ok,golden_runner='Liger-Kernel' returned None; used PyTorch-eager reference fallback,398462976,3542771302,0.1125,linear_ce,1.0,1.0000,true,0.0000
fused_linear_cross_entropy,ds-v2-seq512,Arke,149.7,153.4,,1.7168,ok,,false,true,0,0,0.01,0.01,ok,golden_runner='Liger-Kernel' returned None; used PyTorch-eager reference fallback,398462976,3542771302,0.1125,linear_ce,1.0,1.7168,true,0.7168
fused_linear_cross_entropy,non-align-1,PyTorch-eager,74.8,89.3,,1.0000,ok,,false,true,0,0,0.01,0.01,ok,golden_runner='Liger-Kernel' returned None; used PyTorch-eager reference fallback,65668342,3542771302,0.0185,linear_ce,1.0,1.0000,true,0.0000
fused_linear_cross_entropy,non-align-1,Arke,71.7,85.9,,1.0432,ok,,false,true,0,0,0.01,0.01,ok,golden_runner='Liger-Kernel' returned None; used PyTorch-eager reference fallback,65668342,3542771302,0.0185,linear_ce,1.0,1.0432,true,0.0432
fused_linear_cross_entropy,non-align-2,PyTorch-eager,170.4,179.2,,1.0000,ok,,false,true,0,0,0.01,0.01,ok,golden_runner='Liger-Kernel' returned None; used PyTorch-eager reference fallback,307563266,3542771302,0.0868,linear_ce,1.0,1.0000,true,0.0000
fused_linear_cross_entropy,non-align-2,Arke,105.6,126.8,,1.6136,ok,,false,true,0,0,0.01,0.01,ok,golden_runner='Liger-Kernel' returned None; used PyTorch-eager reference fallback,307563266,3542771302,0.0868,linear_ce,1.0,1.6136,true,0.6136
fused_linear_cross_entropy,extreme-large-vocab,PyTorch-eager,186.1,195.6,,1.0000,ok,,false,true,0,0,0.01,0.01,ok,golden_runner='Liger-Kernel' returned None; used PyTorch-eager reference fallback,298586112,3542771302,0.0843,linear_ce,1.0,1.0000,true,0.0000
fused_linear_cross_entropy,extreme-large-vocab,Arke,116.1,118.8,,1.6029,ok,,false,true,0,0,0.01,0.01,ok,golden_runner='Liger-Kernel' returned None; used PyTorch-eager reference fallback,298586112,3542771302,0.0843,linear_ce,1.0,1.6029,true,0.6029
gather,tiny,PyTorch-eager,60.9,65.7,,1.0000,ok,,false,true,0,0,0.001,0.001,ok,golden_runner='FlagGems' returned None; used PyTorch-eager reference fallback,,,,,1.0,1.0000,true,0.0000
gather,tiny,Arke,57.5,33.8,,1.0591,ok,,false,true,0,0,0.001,0.001,ok,golden_runner='FlagGems' returned None; used PyTorch-eager reference fallback,,,,,1.0,1.0591,true,0.0591
gather,moe-dispatch-top2,PyTorch-eager,83.9,122.9,,1.0000,ok,,false,true,0,0,0.001,0.001,ok,golden_runner='FlagGems' returned None; used PyTorch-eager reference fallback,,,,,1.0,1.0000,true,0.0000
gather,moe-dispatch-top2,Arke,63.5,79.9,,1.3213,ok,,false,true,0,0,0.001,0.001,ok,golden_runner='FlagGems' returned None; used PyTorch-eager reference fallback,,,,,1.0,1.3213,true,0.3213
gather,moe-dispatch-top4,PyTorch-eager,83.3,121.9,,1.0000,ok,,false,true,0,0,0.001,0.001,ok,golden_runner='FlagGems' returned None; used PyTorch-eager reference fallback,,,,,1.0,1.0000,true,0.0000
gather,moe-dispatch-top4,Arke,80.9,76.7,,1.0297,ok,,false,true,0,0,0.001,0.001,ok,golden_runner='FlagGems' returned None; used PyTorch-eager reference fallback,,,,,1.0,1.0297,true,0.0297
gather,kvcache-read-256,PyTorch-eager,68.7,94.2,,1.0000,ok,,false,true,0,0,0.001,0.001,ok,golden_runner='FlagGems' returned None; used PyTorch-eager reference fallback,,,,,1.0,1.0000,true,0.0000
gather,kvcache-read-256,Arke,55.7,8.2,,1.2334,ok,,false,true,0,0,0.001,0.001,ok,golden_runner='FlagGems' returned None; used PyTorch-eager reference fallback,,,,,1.0,1.2334,true,0.2334
gather,kvcache-read-2k,PyTorch-eager,320.0,318.5,,1.0000,ok,,false,true,0,0,0.001,0.001,ok,golden_runner='FlagGems' returned None; used PyTorch-eager reference fallback,,,,,1.0,1.0000,true,0.0000
gather,kvcache-read-2k,Arke,62.8,73.7,,5.0955,ok,,false,true,0,0,0.001,0.001,ok,golden_runner='FlagGems' returned None; used PyTorch-eager reference fallback,,,,,1.0,5.0955,true,4.0955
gather,ds-moe-top2,PyTorch-eager,102.9,120.8,,1.0000,ok,,false,true,0,0,0.001,0.001,ok,golden_runner='FlagGems' returned None; used PyTorch-eager reference fallback,,,,,1.0,1.0000,true,0.0000
gather,ds-moe-top2,Arke,65.0,64.6,,1.5831,ok,,false,true,0,0,0.001,0.001,ok,golden_runner='FlagGems' returned None; used PyTorch-eager reference fallback,,,,,1.0,1.5831,true,0.5831
gather,embed-lookup-512,PyTorch-eager,3716.6,3477.5,,1.0000,ok,,false,true,0,0,0.001,0.001,ok,golden_runner='FlagGems' returned None; used PyTorch-eager reference fallback,,,,,1.0,1.0000,true,0.0000
gather,embed-lookup-512,Arke,87.4,73.6,,42.5240,ok,,false,true,0,0,0.001,0.001,ok,golden_runner='FlagGems' returned None; used PyTorch-eager reference fallback,,,,,1.0,42.5240,true,41.5240
gather,non-align-1,PyTorch-eager,55.3,69.7,,1.0000,ok,,false,true,0,0,0.001,0.001,ok,golden_runner='FlagGems' returned None; used PyTorch-eager reference fallback,,,,,1.0,1.0000,true,0.0000
gather,non-align-1,Arke,70.1,41.0,,0.7889,ok,,false,true,0,0,0.001,0.001,ok,golden_runner='FlagGems' returned None; used PyTorch-eager reference fallback,,,,,1.0,0.7889,false,-0.2111
gather,non-align-2,PyTorch-eager,81.4,73.7,,1.0000,ok,,false,true,0,0,0.001,0.001,ok,golden_runner='FlagGems' returned None; used PyTorch-eager reference fallback,,,,,1.0,1.0000,true,0.0000
gather,non-align-2,Arke,89.6,73.7,,0.9085,ok,,false,true,0,0,0.001,0.001,ok,golden_runner='FlagGems' returned None; used PyTorch-eager reference fallback,,,,,1.0,0.9085,false,-0.0915
gather,extreme-k-large,PyTorch-eager,83.4,87.9,,1.0000,ok,,false,true,0,0,0.001,0.001,ok,golden_runner='FlagGems' returned None; used PyTorch-eager reference fallback,,,,,1.0,1.0000,true,0.0000
gather,extreme-k-large,Arke,100.5,64.5,,0.8299,ok,,false,true,0,0,0.001,0.001,ok,golden_runner='FlagGems' returned None; used PyTorch-eager reference fallback,,,,,1.0,0.8299,false,-0.1701
gather,extreme-m-large,PyTorch-eager,159.2,163.7,,1.0000,ok,,false,true,0,0,0.001,0.001,ok,golden_runner='FlagGems' returned None; used PyTorch-eager reference fallback,,,,,1.0,1.0000,true,0.0000
gather,extreme-m-large,Arke,94.6,56.3,,1.6829,ok,,false,true,0,0,0.001,0.001,ok,golden_runner='FlagGems' returned None; used PyTorch-eager reference fallback,,,,,1.0,1.6829,true,0.6829
geglu,gpt2-sm,PyTorch-eager,3.5,2.4,,1.0000,ok,,false,true,0,0,0.001,0.001,ok,golden_runner='Liger-Kernel' returned None; used PyTorch-eager reference fallback,,,,,1.0,1.0000,true,0.0000
geglu,gpt2-sm,Arke,7.8,3.2,,0.4487,ok,,false,true,0,0,0.001,0.001,ok,golden_runner='Liger-Kernel' returned None; used PyTorch-eager reference fallback,,,,,1.0,0.4487,false,-0.5513
geglu,llama-7b-512,PyTorch-eager,3.6,3.6,,1.0000,ok,,false,true,0,0,0.001,0.001,ok,golden_runner='Liger-Kernel' returned None; used PyTorch-eager reference fallback,,,,,1.0,1.0000,true,0.0000
geglu,llama-7b-512,Arke,8.1,25.8,,0.4444,ok,,false,true,0,0,0.001,0.001,ok,golden_runner='Liger-Kernel' returned None; used PyTorch-eager reference fallback,,,,,1.0,0.4444,false,-0.5556
geglu,llama-7b-2k,PyTorch-eager,3.6,2.2,,1.0000,ok,,false,true,0,0,0.001,0.001,ok,golden_runner='Liger-Kernel' returned None; used PyTorch-eager reference fallback,,,,,1.0,1.0000,true,0.0000
geglu,llama-7b-2k,Arke,8.2,3.3,,0.4390,ok,,false,true,0,0,0.001,0.001,ok,golden_runner='Liger-Kernel' returned None; used PyTorch-eager reference fallback,,,,,1.0,0.4390,false,-0.5610
geglu,llama3-8b,PyTorch-eager,3.8,2.1,,1.0000,ok,,false,true,0,0,0.001,0.001,ok,golden_runner='Liger-Kernel' returned None; used PyTorch-eager reference fallback,,,,,1.0,1.0000,true,0.0000
geglu,llama3-8b,Arke,7.9,1.6,,0.4810,ok,,false,true,0,0,0.001,0.001,ok,golden_runner='Liger-Kernel' returned None; used PyTorch-eager reference fallback,,,,,1.0,0.4810,false,-0.5190
geglu,ds-v2-512,PyTorch-eager,3.8,28.0,,1.0000,ok,,false,true,0,0,0.001,0.001,ok,golden_runner='Liger-Kernel' returned None; used PyTorch-eager reference fallback,,,,,1.0,1.0000,true,0.0000
geglu,ds-v2-512,Arke,7.7,3.7,,0.4935,ok,,false,true,0,0,0.001,0.001,ok,golden_runner='Liger-Kernel' returned None; used PyTorch-eager reference fallback,,,,,1.0,0.4935,false,-0.5065
geglu,ds-v2-2k,PyTorch-eager,3.7,3.6,,1.0000,ok,,false,true,0,0,0.001,0.001,ok,golden_runner='Liger-Kernel' returned None; used PyTorch-eager reference fallback,,,,,1.0,1.0000,true,0.0000
geglu,ds-v2-2k,Arke,7.9,10.6,,0.4684,ok,,false,true,0,0,0.001,0.001,ok,golden_runner='Liger-Kernel' returned None; used PyTorch-eager reference fallback,,,,,1.0,0.4684,false,-0.5316
geglu,ds-v3-512,PyTorch-eager,3.4,7.5,,1.0000,ok,,false,true,0,0,0.001,0.001,ok,golden_runner='Liger-Kernel' returned None; used PyTorch-eager reference fallback,,,,,1.0,1.0000,true,0.0000
geglu,ds-v3-512,Arke,7.8,4.6,,0.4359,ok,,false,true,0,0,0.001,0.001,ok,golden_runner='Liger-Kernel' returned None; used PyTorch-eager reference fallback,,,,,1.0,0.4359,false,-0.5641
geglu,ds-v3-2k,PyTorch-eager,3.2,3.1,,1.0000,ok,,false,true,0,0,0.001,0.001,ok,golden_runner='Liger-Kernel' returned None; used PyTorch-eager reference fallback,,,,,1.0,1.0000,true,0.0000
geglu,ds-v3-2k,Arke,7.9,40.9,,0.4051,ok,,false,true,0,0,0.001,0.001,ok,golden_runner='Liger-Kernel' returned None; used PyTorch-eager reference fallback,,,,,1.0,0.4051,false,-0.5949
geglu,qwen25-7b,PyTorch-eager,3.4,3.4,,1.0000,ok,,false,true,0,0,0.001,0.001,ok,golden_runner='Liger-Kernel' returned None; used PyTorch-eager reference fallback,,,,,1.0,1.0000,true,0.0000
geglu,qwen25-7b,Arke,7.9,25.3,,0.4304,ok,,false,true,0,0,0.001,0.001,ok,golden_runner='Liger-Kernel' returned None; used PyTorch-eager reference fallback,,,,,1.0,0.4304,false,-0.5696
geglu,qwen25-7b-2k,PyTorch-eager,3.6,3.2,,1.0000,ok,,false,true,0,0,0.001,0.001,ok,golden_runner='Liger-Kernel' returned None; used PyTorch-eager reference fallback,,,,,1.0,1.0000,true,0.0000
geglu,qwen25-7b-2k,Arke,7.8,25.5,,0.4615,ok,,false,true,0,0,0.001,0.001,ok,golden_runner='Liger-Kernel' returned None; used PyTorch-eager reference fallback,,,,,1.0,0.4615,false,-0.5385
geglu,non-align-1,PyTorch-eager,3.7,14.8,,1.0000,ok,,false,true,0,0,0.001,0.001,ok,golden_runner='Liger-Kernel' returned None; used PyTorch-eager reference fallback,,,,,1.0,1.0000,true,0.0000
geglu,non-align-1,Arke,8.0,7.5,,0.4625,ok,,false,true,0,0,0.001,0.001,ok,golden_runner='Liger-Kernel' returned None; used PyTorch-eager reference fallback,,,,,1.0,0.4625,false,-0.5375
geglu,non-align-2,PyTorch-eager,3.3,5.6,,1.0000,ok,,false,true,0,0,0.001,0.001,ok,golden_runner='Liger-Kernel' returned None; used PyTorch-eager reference fallback,,,,,1.0,1.0000,true,0.0000
geglu,non-align-2,Arke,7.9,67.9,,0.4177,ok,,false,true,0,0,0.001,0.001,ok,golden_runner='Liger-Kernel' returned None; used PyTorch-eager reference fallback,,,,,1.0,0.4177,false,-0.5823
gelu,micro-tiny,cuBLAS/cuDNN,87.4,3.8,,0.8524,ok,,false,true,0,0,0.001,0.001,ok,,,,,,1.0,0.8524,false,-0.1476
gelu,micro-tiny,Liger-Kernel,77.0,92.2,,0.9675,ok,,false,true,0.00195312,7.94828e-05,0.001,0.001,ok,,,,,,1.0,0.9675,false,-0.0325
gelu,micro-tiny,PyTorch-eager,74.5,37.9,,1.0000,ok,,false,true,0,0,0.001,0.001,ok,,,,,,1.0,1.0000,true,0.0000
gelu,micro-tiny,torch.compile,247.5,254.0,,0.3010,ok,,false,true,0,0,0.001,0.001,ok,,,,,,1.0,0.3010,false,-0.6990
gelu,micro-tiny,Arke,82.2,103.5,,0.9063,ok,,false,true,0,0,0.001,0.001,ok,,,,,,1.0,0.9063,false,-0.0937
gelu,micro-tiny,FlagGems,112.7,95.2,,0.6610,ok,,false,true,0,0,0.001,0.001,ok,,,,,,1.0,0.6610,false,-0.3390
gelu,micro-small,cuBLAS/cuDNN,83.3,85.9,,0.9376,ok,,false,true,0,0,0.001,0.001,ok,,,,,,1.0,0.9376,false,-0.0624
gelu,micro-small,Liger-Kernel,81.8,78.8,,0.9548,ok,,false,true,0.00195312,8.39249e-05,0.001,0.001,ok,,,,,,1.0,0.9548,false,-0.0452
gelu,micro-small,PyTorch-eager,78.1,94.2,,1.0000,ok,,false,true,0,0,0.001,0.001,ok,,,,,,1.0,1.0000,true,0.0000
gelu,micro-small,torch.compile,299.9,302.1,,0.2604,ok,,false,true,5.96046e-08,1.81899e-12,0.001,0.001,ok,,,,,,1.0,0.2604,false,-0.7396
gelu,micro-small,Arke,82.7,64.4,,0.9444,ok,,false,true,0,0,0.001,0.001,ok,,,,,,1.0,0.9444,false,-0.0556
gelu,micro-small,FlagGems,113.0,95.2,,0.6912,ok,,false,true,0,0,0.001,0.001,ok,,,,,,1.0,0.6912,false,-0.3088
gelu,gpt2-hidden,cuBLAS/cuDNN,83.7,76.8,,1.1816,ok,,false,true,0,0,0.001,0.001,ok,,,,,,1.0,1.1816,true,0.1816
gelu,gpt2-hidden,Liger-Kernel,114.3,15.4,,0.8653,ok,,false,true,0.00195312,8.44743e-05,0.001,0.001,ok,,,,,,1.0,0.8653,false,-0.1347
gelu,gpt2-hidden,PyTorch-eager,98.9,11.3,,1.0000,ok,,false,true,0,0,0.001,0.001,ok,,,,,,1.0,1.0000,true,0.0000
gelu,gpt2-hidden,torch.compile,295.5,206.8,,0.3347,ok,,false,true,5.96046e-08,3.03165e-12,0.001,0.001,ok,,,,,,1.0,0.3347,false,-0.6653
gelu,gpt2-hidden,Arke,75.6,12.3,,1.3082,ok,,false,true,0,0,0.001,0.001,ok,,,,,,1.0,1.3082,true,0.3082
gelu,gpt2-hidden,FlagGems,98.1,106.6,,1.0082,ok,,false,true,0,0,0.001,0.001,ok,,,,,,1.0,1.0082,true,0.0082
gelu,gpt2-ffn,cuBLAS/cuDNN,77.9,18.4,,1.0321,ok,,false,true,0,0,0.001,0.001,ok,,,,,,1.0,1.0321,true,0.0321
gelu,gpt2-ffn,Liger-Kernel,68.1,23.6,,1.1806,ok,,false,true,0.00195312,8.39218e-05,0.001,0.001,ok,,,,,,1.0,1.1806,true,0.1806
gelu,gpt2-ffn,PyTorch-eager,80.4,18.4,,1.0000,ok,,false,true,0,0,0.001,0.001,ok,,,,,,1.0,1.0000,true,0.0000
gelu,gpt2-ffn,torch.compile,307.2,216.1,,0.2617,ok,,false,true,5.96046e-08,2.27374e-12,0.001,0.001,ok,,,,,,1.0,0.2617,false,-0.7383
gelu,gpt2-ffn,Arke,79.4,18.4,,1.0126,ok,,false,true,0,0,0.001,0.001,ok,,,,,,1.0,1.0126,true,0.0126
gelu,gpt2-ffn,FlagGems,122.8,89.1,,0.6547,ok,,false,true,0,0,0.001,0.001,ok,,,,,,1.0,0.6547,false,-0.3453
gelu,square-1k,cuBLAS/cuDNN,204.7,150.5,,0.3991,ok,,false,true,0,0,0.001,0.001,ok,,,,,,1.0,0.3991,false,-0.6009
gelu,square-1k,Liger-Kernel,74.4,79.9,,1.0981,ok,,false,true,0.00195312,8.45003e-05,0.001,0.001,ok,,,,,,1.0,1.0981,true,0.0981
gelu,square-1k,PyTorch-eager,81.7,42.0,,1.0000,ok,,false,true,0,0,0.001,0.001,ok,,,,,,1.0,1.0000,true,0.0000
gelu,square-1k,torch.compile,319.8,302.1,,0.2555,ok,,false,true,5.96046e-08,2.04636e-12,0.001,0.001,ok,,,,,,1.0,0.2555,false,-0.7445
gelu,square-1k,Arke,83.2,103.4,,0.9820,ok,,false,true,0,0,0.001,0.001,ok,,,,,,1.0,0.9820,false,-0.0180
gelu,square-1k,FlagGems,113.2,94.2,,0.7217,ok,,false,true,0,0,0.001,0.001,ok,,,,,,1.0,0.7217,false,-0.2783
gelu,llama-ffn,cuBLAS/cuDNN,90.6,142.3,,0.9746,ok,,false,true,0,0,0.001,0.001,ok,,,,,,1.0,0.9746,false,-0.0254
gelu,llama-ffn,Liger-Kernel,135.1,159.7,,0.6536,ok,,false,true,0.00195312,8.43391e-05,0.001,0.001,ok,,,,,,1.0,0.6536,false,-0.3464
gelu,llama-ffn,PyTorch-eager,88.3,90.1,,1.0000,ok,,false,true,0,0,0.001,0.001,ok,,,,,,1.0,1.0000,true,0.0000
gelu,llama-ffn,torch.compile,301.9,311.3,,0.2925,ok,,false,true,5.96046e-08,1.58633e-12,0.001,0.001,ok,,,,,,1.0,0.2925,false,-0.7075
gelu,llama-ffn,Arke,80.1,144.4,,1.1024,ok,,false,true,0,0,0.001,0.001,ok,,,,,,1.0,1.1024,true,0.1024
gelu,llama-ffn,FlagGems,117.3,133.1,,0.7528,ok,,false,true,0,0,0.001,0.001,ok,,,,,,1.0,0.7528,false,-0.2472
gelu,llama-hidden,cuBLAS/cuDNN,79.3,85.8,,0.9748,ok,,false,true,0,0,0.001,0.001,ok,,,,,,1.0,0.9748,false,-0.0252
gelu,llama-hidden,Liger-Kernel,65.0,69.6,,1.1892,ok,,false,true,0.00195312,8.43783e-05,0.001,0.001,ok,,,,,,1.0,1.1892,true,0.1892
gelu,llama-hidden,PyTorch-eager,77.3,87.0,,1.0000,ok,,false,true,0,0,0.001,0.001,ok,,,,,,1.0,1.0000,true,0.0000
gelu,llama-hidden,torch.compile,298.1,291.8,,0.2593,ok,,false,true,5.96046e-08,1.64846e-12,0.001,0.001,ok,,,,,,1.0,0.2593,false,-0.7407
gelu,llama-hidden,Arke,91.1,106.6,,0.8485,ok,,false,true,0,0,0.001,0.001,ok,,,,,,1.0,0.8485,false,-0.1515
gelu,llama-hidden,FlagGems,112.8,98.3,,0.6853,ok,,false,true,0,0,0.001,0.001,ok,,,,,,1.0,0.6853,false,-0.3147
gelu,llama-long,cuBLAS/cuDNN,227.1,220.2,,1.0643,ok,,false,true,0,0,0.001,0.001,ok,,,,,,1.0,1.0643,true,0.0643
gelu,llama-long,Liger-Kernel,322.8,322.5,,0.7488,ok,,false,true,0.00195312,8.43893e-05,0.001,0.001,ok,,,,,,1.0,0.7488,false,-0.2512
gelu,llama-long,PyTorch-eager,241.7,256.0,,1.0000,ok,,false,true,0,0,0.001,0.001,ok,,,,,,1.0,1.0000,true,0.0000
gelu,llama-long,torch.compile,477.6,486.4,,0.5061,ok,,false,true,5.96046e-08,1.9682e-12,0.001,0.001,ok,,,,,,1.0,0.5061,false,-0.4939
gelu,llama-long,Arke,228.7,250.9,,1.0568,ok,,false,true,0,0,0.001,0.001,ok,,,,,,1.0,1.0568,true,0.0568
gelu,llama-long,FlagGems,250.4,255.0,,0.9653,ok,,false,true,0,0,0.001,0.001,ok,,,,,,1.0,0.9653,false,-0.0347
gelu,ds-ffn,cuBLAS/cuDNN,84.2,143.4,,0.9988,ok,,false,true,0,0,0.001,0.001,ok,,,,,,1.0,0.9988,false,-0.0012
gelu,ds-ffn,Liger-Kernel,125.9,130.0,,0.6680,ok,,false,true,0.00195312,8.43494e-05,0.001,0.001,ok,,,,,,1.0,0.6680,false,-0.3320
gelu,ds-ffn,PyTorch-eager,84.1,118.6,,1.0000,ok,,false,true,0,0,0.001,0.001,ok,,,,,,1.0,1.0000,true,0.0000
gelu,ds-ffn,torch.compile,300.9,333.5,,0.2795,ok,,false,true,5.96046e-08,1.51582e-12,0.001,0.001,ok,,,,,,1.0,0.2795,false,-0.7205
gelu,ds-ffn,Arke,86.2,110.6,,0.9756,ok,,false,true,0,0,0.001,0.001,ok,,,,,,1.0,0.9756,false,-0.0244
gelu,ds-ffn,FlagGems,111.5,149.4,,0.7543,ok,,false,true,0,0,0.001,0.001,ok,,,,,,1.0,0.7543,false,-0.2457
gelu,ds-ffn-large,cuBLAS/cuDNN,123.5,190.5,,1.0024,ok,,false,true,0,0,0.001,0.001,ok,,,,,,1.0,1.0024,true,0.0024
gelu,ds-ffn-large,Liger-Kernel,202.4,232.4,,0.6117,ok,,false,true,0.00195312,8.44066e-05,0.001,0.001,ok,,,,,,1.0,0.6117,false,-0.3883
gelu,ds-ffn-large,PyTorch-eager,123.8,129.0,,1.0000,ok,,false,true,0,0,0.001,0.001,ok,,,,,,1.0,1.0000,true,0.0000
gelu,ds-ffn-large,torch.compile,341.9,376.7,,0.3621,ok,,false,true,5.96046e-08,1.92004e-12,0.001,0.001,ok,,,,,,1.0,0.3621,false,-0.6379
gelu,ds-ffn-large,Arke,124.4,179.2,,0.9952,ok,,false,true,0,0,0.001,0.001,ok,,,,,,1.0,0.9952,false,-0.0048
gelu,ds-ffn-large,FlagGems,123.9,180.2,,0.9992,ok,,false,true,0,0,0.001,0.001,ok,,,,,,1.0,0.9992,false,-0.0008
gelu,qwen-ffn,cuBLAS/cuDNN,127.6,133.1,,0.9976,ok,,false,true,0,0,0.001,0.001,ok,,,,,,1.0,0.9976,false,-0.0024
gelu,qwen-ffn,Liger-Kernel,208.3,213.9,,0.6111,ok,,false,true,0.00195312,8.43906e-05,0.001,0.001,ok,,,,,,1.0,0.6111,false,-0.3889
gelu,qwen-ffn,PyTorch-eager,127.3,165.9,,1.0000,ok,,false,true,0,0,0.001,0.001,ok,,,,,,1.0,1.0000,true,0.0000
gelu,qwen-ffn,torch.compile,301.1,350.0,,0.4228,ok,,false,true,5.96046e-08,1.88659e-12,0.001,0.001,ok,,,,,,1.0,0.4228,false,-0.5772
gelu,qwen-ffn,Arke,127.2,148.5,,1.0008,ok,,false,true,0,0,0.001,0.001,ok,,,,,,1.0,1.0008,true,0.0008
gelu,qwen-ffn,FlagGems,133.9,167.9,,0.9507,ok,,false,true,0,0,0.001,0.001,ok,,,,,,1.0,0.9507,false,-0.0493
gelu,xlarge,cuBLAS/cuDNN,495.6,470.0,,0.9368,ok,,false,true,0,0,0.001,0.001,ok,,,,,,1.0,0.9368,false,-0.0632
gelu,xlarge,Liger-Kernel,664.9,638.8,,0.6983,ok,,false,true,0.00195312,8.44969e-05,0.001,0.001,ok,,,,,,1.0,0.6983,false,-0.3017
gelu,xlarge,PyTorch-eager,464.3,434.1,,1.0000,ok,,false,true,0,0,0.001,0.001,ok,,,,,,1.0,1.0000,true,0.0000
gelu,xlarge,torch.compile,967.5,948.2,,0.4799,ok,,false,true,5.96046e-08,1.81011e-12,0.001,0.001,ok,,,,,,1.0,0.4799,false,-0.5201
gelu,xlarge,Arke,491.9,459.8,,0.9439,ok,,false,true,0,0,0.001,0.001,ok,,,,,,1.0,0.9439,false,-0.0561
gelu,xlarge,FlagGems,531.0,455.7,,0.8744,ok,,false,true,0,0,0.001,0.001,ok,,,,,,1.0,0.8744,false,-0.1256
gelu,non-align-1,cuBLAS/cuDNN,76.3,96.3,,1.0616,ok,,false,true,0,0,0.001,0.001,ok,,,,,,1.0,1.0616,true,0.0616
gelu,non-align-1,Liger-Kernel,67.0,8.2,,1.2090,ok,,false,true,0.00195312,8.45439e-05,0.001,0.001,ok,,,,,,1.0,1.2090,true,0.2090
gelu,non-align-1,PyTorch-eager,81.0,97.2,,1.0000,ok,,false,true,0,0,0.001,0.001,ok,,,,,,1.0,1.0000,true,0.0000
gelu,non-align-1,torch.compile,299.3,20.5,,0.2706,ok,,false,true,5.96046e-08,2.44124e-12,0.001,0.001,ok,,,,,,1.0,0.2706,false,-0.7294
gelu,non-align-1,Arke,78.4,92.4,,1.0332,ok,,false,true,0,0,0.001,0.001,ok,,,,,,1.0,1.0332,true,0.0332
gelu,non-align-1,FlagGems,78.0,75.8,,1.0385,ok,,false,true,0,0,0.001,0.001,ok,,,,,,1.0,1.0385,true,0.0385
gelu,non-align-2,cuBLAS/cuDNN,86.2,111.6,,0.8724,ok,,false,true,0,0,0.001,0.001,ok,,,,,,1.0,0.8724,false,-0.1276
gelu,non-align-2,Liger-Kernel,72.1,114.7,,1.0430,ok,,false,true,0.00195312,8.44121e-05,0.001,0.001,ok,,,,,,1.0,1.0430,true,0.0430
gelu,non-align-2,PyTorch-eager,75.2,113.6,,1.0000,ok,,false,true,0,0,0.001,0.001,ok,,,,,,1.0,1.0000,true,0.0000
gelu,non-align-2,torch.compile,301.5,303.0,,0.2494,ok,,false,true,5.96046e-08,1.96695e-12,0.001,0.001,ok,,,,,,1.0,0.2494,false,-0.7506
gelu,non-align-2,Arke,84.6,94.0,,0.8889,ok,,false,true,0,0,0.001,0.001,ok,,,,,,1.0,0.8889,false,-0.1111
gelu,non-align-2,FlagGems,75.3,110.6,,0.9987,ok,,false,true,0,0,0.001,0.001,ok,,,,,,1.0,0.9987,false,-0.0013
gelu,non-align-3,cuBLAS/cuDNN,108.6,113.7,,1.1842,ok,,false,true,0,0,0.001,0.001,ok,,,,,,1.0,1.1842,true,0.1842
gelu,non-align-3,Liger-Kernel,162.4,163.8,,0.7919,ok,,false,true,0.00195312,8.44619e-05,0.001,0.001,ok,,,,,,1.0,0.7919,false,-0.2081
gelu,non-align-3,PyTorch-eager,128.6,159.7,,1.0000,ok,,false,true,0,0,0.001,0.001,ok,,,,,,1.0,1.0000,true,0.0000
gelu,non-align-3,torch.compile,360.7,378.8,,0.3565,ok,,false,true,5.96046e-08,1.90286e-12,0.001,0.001,ok,,,,,,1.0,0.3565,false,-0.6435
gelu,non-align-3,Arke,108.6,114.7,,1.1842,ok,,false,true,0,0,0.001,0.001,ok,,,,,,1.0,1.1842,true,0.1842
gelu,non-align-3,FlagGems,110.5,165.9,,1.1638,ok,,false,true,0,0,0.001,0.001,ok,,,,,,1.0,1.1638,true,0.1638
gelu,non-align-4,cuBLAS/cuDNN,103.5,118.6,,0.7343,ok,,false,true,0,0,0.001,0.001,ok,,,,,,1.0,0.7343,false,-0.2657
gelu,non-align-4,Liger-Kernel,85.7,119.8,,0.8868,ok,,false,true,0.00195312,8.44262e-05,0.001,0.001,ok,,,,,,1.0,0.8868,false,-0.1132
gelu,non-align-4,PyTorch-eager,76.0,119.8,,1.0000,ok,,false,true,0,0,0.001,0.001,ok,,,,,,1.0,1.0000,true,0.0000
gelu,non-align-4,torch.compile,333.5,291.8,,0.2279,ok,,false,true,5.96046e-08,1.75595e-12,0.001,0.001,ok,,,,,,1.0,0.2279,false,-0.7721
gelu,non-align-4,Arke,88.2,112.6,,0.8617,ok,,false,true,0,0,0.001,0.001,ok,,,,,,1.0,0.8617,false,-0.1383
gelu,non-align-4,FlagGems,76.8,108.5,,0.9896,ok,,false,true,0,0,0.001,0.001,ok,,,,,,1.0,0.9896,false,-0.0104
gelu,non-align-5,cuBLAS/cuDNN,77.6,95.2,,1.4046,ok,,false,true,0,0,0.001,0.001,ok,,,,,,1.0,1.4046,true,0.4046
gelu,non-align-5,Liger-Kernel,92.4,73.6,,1.1797,ok,,false,true,0.00195312,8.46839e-05,0.001,0.001,ok,,,,,,1.0,1.1797,true,0.1797
gelu,non-align-5,PyTorch-eager,109.0,64.5,,1.0000,ok,,false,true,0,0,0.001,0.001,ok,,,,,,1.0,1.0000,true,0.0000
gelu,non-align-5,torch.compile,351.6,287.7,,0.3100,ok,,false,true,5.96046e-08,1.96417e-12,0.001,0.001,ok,,,,,,1.0,0.3100,false,-0.6900
gelu,non-align-5,Arke,77.0,97.0,,1.4156,ok,,false,true,0,0,0.001,0.001,ok,,,,,,1.0,1.4156,true,0.4156
gelu,non-align-5,FlagGems,90.7,97.2,,1.2018,ok,,false,true,0,0,0.001,0.001,ok,,,,,,1.0,1.2018,true,0.2018
gelu,extreme-flat,cuBLAS/cuDNN,90.7,74.6,,0.7916,ok,,false,true,0,0,0.001,0.001,ok,,,,,,1.0,0.7916,false,-0.2084
gelu,extreme-flat,PyTorch-eager,71.8,88.2,,1.0000,ok,,false,true,0,0,0.001,0.001,ok,,,,,,1.0,1.0000,true,0.0000
gelu,extreme-flat,torch.compile,368.9,39.9,,0.1946,ok,,false,true,5.96046e-08,2.27374e-12,0.001,0.001,ok,,,,,,1.0,0.1946,false,-0.8054
gelu,extreme-flat,Arke,103.8,96.3,,0.6917,ok,,false,true,0,0,0.001,0.001,ok,,,,,,1.0,0.6917,false,-0.3083
gelu,extreme-flat,FlagGems,72.8,93.2,,0.9863,ok,,false,true,0,0,0.001,0.001,ok,,,,,,1.0,0.9863,false,-0.0137
gelu,extreme-flat,Liger-Kernel,inf,inf,,,error,Cannot launch Triton kernel since n = 1048576 exceeds the recommended Triton blocksize = 65536.,false,,,,,,error,Cannot launch Triton kernel since n = 1048576 exceeds the recommended Triton blocksize = 65536.,,,,,1.0,N/A,false,N/A
gelu,extreme-tall,cuBLAS/cuDNN,107.2,103.4,,1.0037,ok,,false,true,0,0,0.001,0.001,ok,,,,,,1.0,1.0037,true,0.0037
gelu,extreme-tall,Liger-Kernel,206.6,185.3,,0.5208,ok,,false,true,0.00195312,8.43007e-05,0.001,0.001,ok,,,,,,1.0,0.5208,false,-0.4792
gelu,extreme-tall,PyTorch-eager,107.6,23.6,,1.0000,ok,,false,true,0,0,0.001,0.001,ok,,,,,,1.0,1.0000,true,0.0000
gelu,extreme-tall,torch.compile,400.9,300.0,,0.2684,ok,,false,true,5.96046e-08,2.16005e-12,0.001,0.001,ok,,,,,,1.0,0.2684,false,-0.7316
gelu,extreme-tall,Arke,112.9,105.5,,0.9531,ok,,false,true,0,0,0.001,0.001,ok,,,,,,1.0,0.9531,false,-0.0469
gelu,extreme-tall,FlagGems,79.6,92.3,,1.3518,ok,,false,true,0,0,0.001,0.001,ok,,,,,,1.0,1.3518,true,0.3518
gelu,extreme-wide,cuBLAS/cuDNN,115.8,137.2,,0.8696,ok,,false,true,0,0,0.001,0.001,ok,,,,,,1.0,0.8696,false,-0.1304
gelu,extreme-wide,Liger-Kernel,104.2,121.9,,0.9664,ok,,false,true,0.00195312,8.46256e-05,0.001,0.001,ok,,,,,,1.0,0.9664,false,-0.0336
gelu,extreme-wide,PyTorch-eager,100.7,127.0,,1.0000,ok,,false,true,0,0,0.001,0.001,ok,,,,,,1.0,1.0000,true,0.0000
gelu,extreme-wide,torch.compile,345.3,306.2,,0.2916,ok,,false,true,5.96046e-08,1.63425e-12,0.001,0.001,ok,,,,,,1.0,0.2916,false,-0.7084
gelu,extreme-wide,Arke,75.7,80.9,,1.3303,ok,,false,true,0,0,0.001,0.001,ok,,,,,,1.0,1.3303,true,0.3303
gelu,extreme-wide,FlagGems,107.0,132.1,,0.9411,ok,,false,true,0,0,0.001,0.001,ok,,,,,,1.0,0.9411,false,-0.0589
grouped_matmul,moe-tiny,PyTorch-eager,63.2,85.0,,1.0000,ok,,false,true,0,0,0.01,0.01,ok,golden_runner='FlagGems' returned None; used PyTorch-eager reference fallback,180224,3542771302,0.0001,dense_matmul,1.0,1.0000,true,0.0000
grouped_matmul,moe-tiny,Arke,603.1,520.0,,0.1048,ok,,false,true,0,0,0.01,0.01,ok,golden_runner='FlagGems' returned None; used PyTorch-eager reference fallback,180224,3542771302,0.0001,dense_matmul,1.0,0.1048,false,-0.8952
grouped_matmul,moe-small,PyTorch-eager,276.8,227.3,,1.0000,ok,,false,true,0,0,0.01,0.01,ok,golden_runner='FlagGems' returned None; used PyTorch-eager reference fallback,1572864,3542771302,0.0004,dense_matmul,1.0,1.0000,true,0.0000
grouped_matmul,moe-small,Arke,1247.3,1012.7,,0.2219,ok,,false,true,0,0,0.01,0.01,ok,golden_runner='FlagGems' returned None; used PyTorch-eager reference fallback,1572864,3542771302,0.0004,dense_matmul,1.0,0.2219,false,-0.7781
grouped_matmul,moe-medium,PyTorch-eager,338.5,329.7,,1.0000,ok,,false,true,0,0,0.01,0.01,ok,golden_runner='FlagGems' returned None; used PyTorch-eager reference fallback,53477376,3542771302,0.0151,dense_matmul,1.0,1.0000,true,0.0000
grouped_matmul,moe-medium,Arke,16432.0,15307.8,,0.0206,ok,,false,true,0,0,0.01,0.01,ok,golden_runner='FlagGems' returned None; used PyTorch-eager reference fallback,53477376,3542771302,0.0151,dense_matmul,1.0,0.0206,false,-0.9794
grouped_matmul,ds-moe-512,PyTorch-eager,252.9,266.1,,1.0000,ok,,false,true,0,0,0.01,0.01,ok,golden_runner='FlagGems' returned None; used PyTorch-eager reference fallback,3397386240,3542771302,0.9590,dense_matmul,1.0,1.0000,true,0.0000
grouped_matmul,ds-moe-512,Arke,49885.0,48950.3,,0.0051,ok,,false,true,0,0,0.01,0.01,ok,golden_runner='FlagGems' returned None; used PyTorch-eager reference fallback,3397386240,3542771302,0.9590,dense_matmul,1.0,0.0051,false,-0.9949
grouped_matmul,ds-moe-2k,PyTorch-eager,249.7,268.3,,1.0000,ok,,false,true,0,0,0.01,0.01,ok,golden_runner='FlagGems' returned None; used PyTorch-eager reference fallback,3523215360,3542771302,0.9945,dense_matmul,1.0,1.0000,true,0.0000
grouped_matmul,ds-moe-2k,Arke,49939.5,48820.2,,0.0050,ok,,false,true,0,0,0.01,0.01,ok,golden_runner='FlagGems' returned None; used PyTorch-eager reference fallback,3523215360,3542771302,0.9945,dense_matmul,1.0,0.0050,false,-0.9950
grouped_matmul,ds-v3-moe,PyTorch-eager,inf,inf,,,skipped,memory preflight: estimated dense matmul footprint 26365394944 bytes > budget 3542771302 bytes,true,,,,,,skipped,memory preflight: estimated dense matmul footprint 26365394944 bytes > budget 3542771302 bytes,26365394944,3542771302,7.4420,dense_matmul,1.0,N/A,false,N/A
grouped_matmul,ds-v3-moe,Arke,inf,inf,,,skipped,memory preflight: estimated dense matmul footprint 26365394944 bytes > budget 3542771302 bytes,true,,,,,,skipped,memory preflight: estimated dense matmul footprint 26365394944 bytes > budget 3542771302 bytes,26365394944,3542771302,7.4420,dense_matmul,1.0,N/A,false,N/A
grouped_matmul,ds-v3-moe,FlagGems,inf,inf,,,skipped,memory preflight: estimated dense matmul footprint 26365394944 bytes > budget 3542771302 bytes,true,,,,,,skipped,memory preflight: estimated dense matmul footprint 26365394944 bytes > budget 3542771302 bytes,26365394944,3542771302,7.4420,dense_matmul,1.0,N/A,false,N/A
grouped_matmul,non-align-1,PyTorch-eager,90.3,88.9,,1.0000,ok,,false,true,0,0,0.01,0.01,ok,golden_runner='FlagGems' returned None; used PyTorch-eager reference fallback,12196340,3542771302,0.0034,dense_matmul,1.0,1.0000,true,0.0000
grouped_matmul,non-align-1,Arke,2018.1,1543.2,,0.0447,ok,,false,true,0,0,0.01,0.01,ok,golden_runner='FlagGems' returned None; used PyTorch-eager reference fallback,12196340,3542771302,0.0034,dense_matmul,1.0,0.0447,false,-0.9553
grouped_query_attention,llama3-8b-512,PyTorch-eager,2197.1,2140.2,,1.0000,ok,,false,true,0,0,0.001,0.001,ok,,33554432,3542771302,0.0095,attention,1.0,1.0000,true,0.0000
grouped_query_attention,llama3-8b-512,Arke,207.0,210.9,,10.6140,ok,,false,true,0,0,0.001,0.001,ok,,33554432,3542771302,0.0095,attention,1.0,10.6140,true,9.6140
grouped_query_attention,llama3-8b-2k,PyTorch-eager,33274.6,32607.2,,1.0000,ok,,false,true,0,0,0.001,0.001,ok,,335544320,3542771302,0.0947,attention,1.0,1.0000,true,0.0000
grouped_query_attention,llama3-8b-2k,Arke,1987.7,1905.7,,16.7403,ok,,false,true,0,0,0.001,0.001,ok,,335544320,3542771302,0.0947,attention,1.0,16.7403,true,15.7403
grouped_query_attention,llama3-8b-8k,PyTorch-eager,inf,inf,,,skipped,memory preflight: estimated attention footprint 4563402752 bytes > budget 3542771302 bytes,true,,,,,,skipped,memory preflight: estimated attention footprint 4563402752 bytes > budget 3542771302 bytes,4563402752,3542771302,1.2881,attention,1.0,N/A,false,N/A
grouped_query_attention,llama3-8b-8k,Arke,inf,inf,,,skipped,memory preflight: estimated attention footprint 4563402752 bytes > budget 3542771302 bytes,true,,,,,,skipped,memory preflight: estimated attention footprint 4563402752 bytes > budget 3542771302 bytes,4563402752,3542771302,1.2881,attention,1.0,N/A,false,N/A
grouped_query_attention,mistral-7b-512,PyTorch-eager,2196.1,2134.0,,1.0000,ok,,false,true,0,0,0.001,0.001,ok,,33554432,3542771302,0.0095,attention,1.0,1.0000,true,0.0000
grouped_query_attention,mistral-7b-512,Arke,206.9,226.3,,10.6143,ok,,false,true,0,0,0.001,0.001,ok,,33554432,3542771302,0.0095,attention,1.0,10.6143,true,9.6143
grouped_query_attention,qwen25-7b-512,PyTorch-eager,1877.1,1827.8,,1.0000,ok,,false,true,0,0,0.001,0.001,ok,,29360128,3542771302,0.0083,attention,1.0,1.0000,true,0.0000
grouped_query_attention,qwen25-7b-512,Arke,183.6,190.5,,10.2239,ok,,false,true,0,0,0.001,0.001,ok,,29360128,3542771302,0.0083,attention,1.0,10.2239,true,9.2239
grouped_query_attention,qwen25-7b-2k,PyTorch-eager,29048.0,28467.2,,1.0000,ok,,false,true,0,0,0.001,0.001,ok,,293601280,3542771302,0.0829,attention,1.0,1.0000,true,0.0000
grouped_query_attention,qwen25-7b-2k,Arke,1752.0,1685.5,,16.5799,ok,,false,true,0,0,0.001,0.001,ok,,293601280,3542771302,0.0829,attention,1.0,16.5799,true,15.5799
grouped_query_attention,qwen25-7b-8k,PyTorch-eager,inf,inf,,,skipped,memory preflight: estimated attention footprint 3992977408 bytes > budget 3542771302 bytes,true,,,,,,skipped,memory preflight: estimated attention footprint 3992977408 bytes > budget 3542771302 bytes,3992977408,3542771302,1.1271,attention,1.0,N/A,false,N/A
grouped_query_attention,qwen25-7b-8k,Arke,inf,inf,,,skipped,memory preflight: estimated attention footprint 3992977408 bytes > budget 3542771302 bytes,true,,,,,,skipped,memory preflight: estimated attention footprint 3992977408 bytes > budget 3542771302 bytes,3992977408,3542771302,1.1271,attention,1.0,N/A,false,N/A
grouped_query_attention,qwen25-7b-32k,PyTorch-eager,inf,inf,,,skipped,memory preflight: estimated attention footprint 61069066240 bytes > budget 3542771302 bytes,true,,,,,,skipped,memory preflight: estimated attention footprint 61069066240 bytes > budget 3542771302 bytes,61069066240,3542771302,17.2377,attention,1.0,N/A,false,N/A
grouped_query_attention,qwen25-7b-32k,Arke,inf,inf,,,skipped,memory preflight: estimated attention footprint 61069066240 bytes > budget 3542771302 bytes,true,,,,,,skipped,memory preflight: estimated attention footprint 61069066240 bytes > budget 3542771302 bytes,61069066240,3542771302,17.2377,attention,1.0,N/A,false,N/A
grouped_query_attention,ds-v2-mha-512,PyTorch-eager,8322.0,8204.3,,1.0000,ok,,false,true,0,0,0.001,0.001,ok,,134217728,3542771302,0.0379,attention,1.0,1.0000,true,0.0000
grouped_query_attention,ds-v2-mha-512,Arke,771.7,756.7,,10.7840,ok,,false,true,0,0,0.001,0.001,ok,,134217728,3542771302,0.0379,attention,1.0,10.7840,true,9.7840
grouped_query_attention,llama3-batch4,PyTorch-eager,8284.2,8077.3,,1.0000,ok,,false,true,0,0,0.001,0.001,ok,,134217728,3542771302,0.0379,attention,1.0,1.0000,true,0.0000
grouped_query_attention,llama3-batch4,Arke,774.3,761.7,,10.6990,ok,,false,true,0,0,0.001,0.001,ok,,134217728,3542771302,0.0379,attention,1.0,10.6990,true,9.6990
layernorm,gpt2-small,cuBLAS/cuDNN,62.9,82.9,,1.1399,ok,,false,true,0,0,0.005,0.005,ok,,,,,,1.0,1.1399,true,0.1399
layernorm,gpt2-small,PyTorch-eager,71.7,36.0,,1.0000,ok,,false,true,0,0,0.005,0.005,ok,,,,,,1.0,1.0000,true,0.0000
layernorm,gpt2-small,torch.compile,289.2,213.0,,0.2479,ok,,false,true,0.000244141,5.58794e-09,0.005,0.005,ok,,,,,,1.0,0.2479,false,-0.7521
layernorm,gpt2-small,Arke,340.1,346.1,,0.2108,ok,,false,true,0.00191355,0.000140759,0.005,0.005,ok,,,,,,1.0,0.2108,false,-0.7892
layernorm,gpt2-small,FlagGems,73.6,64.5,,0.9742,ok,,false,true,0,0,0.005,0.005,ok,,,,,,1.0,0.9742,false,-0.0258
layernorm,gpt2-ffn,cuBLAS/cuDNN,60.3,78.8,,1.1161,ok,,false,true,0,0,0.005,0.005,ok,,,,,,1.0,1.1161,true,0.1161
layernorm,gpt2-ffn,PyTorch-eager,67.3,78.8,,1.0000,ok,,false,true,0,0,0.005,0.005,ok,,,,,,1.0,1.0000,true,0.0000
layernorm,gpt2-ffn,torch.compile,310.0,44.9,,0.2171,ok,,false,true,0.000976562,7.45331e-09,0.005,0.005,ok,,,,,,1.0,0.2171,false,-0.7829
layernorm,gpt2-ffn,Arke,361.2,318.5,,0.1863,ok,,false,true,0.00189686,0.000140663,0.005,0.005,ok,,,,,,1.0,0.1863,false,-0.8137
layernorm,gpt2-ffn,FlagGems,65.6,90.1,,1.0259,ok,,false,true,0,0,0.005,0.005,ok,,,,,,1.0,1.0259,true,0.0259
layernorm,gpt2-medium,cuBLAS/cuDNN,60.6,75.9,,0.9719,ok,,false,true,0,0,0.005,0.005,ok,,,,,,1.0,0.9719,false,-0.0281
layernorm,gpt2-medium,PyTorch-eager,58.9,72.8,,1.0000,ok,,false,true,0,0,0.005,0.005,ok,,,,,,1.0,1.0000,true,0.0000
layernorm,gpt2-medium,torch.compile,299.7,288.8,,0.1965,ok,,false,true,0.000488281,2.18861e-08,0.005,0.005,ok,,,,,,1.0,0.1965,false,-0.8035
layernorm,gpt2-medium,Arke,376.1,322.6,,0.1566,ok,,false,true,0.00193501,0.000139827,0.005,0.005,ok,,,,,,1.0,0.1566,false,-0.8434
layernorm,gpt2-medium,FlagGems,78.7,86.7,,0.7484,ok,,false,true,0,0,0.005,0.005,ok,,,,,,1.0,0.7484,false,-0.2516
layernorm,llama-7b,cuBLAS/cuDNN,67.7,70.7,,0.8434,ok,,false,true,0,0,0.005,0.005,ok,,,,,,1.0,0.8434,false,-0.1566
layernorm,llama-7b,PyTorch-eager,57.1,76.0,,1.0000,ok,,false,true,0,0,0.005,0.005,ok,,,,,,1.0,1.0000,true,0.0000
layernorm,llama-7b,torch.compile,308.8,287.7,,0.1849,ok,,false,true,0.000976562,3.62726e-08,0.005,0.005,ok,,,,,,1.0,0.1849,false,-0.8151
layernorm,llama-7b,Arke,329.4,337.7,,0.1733,ok,,false,true,0.00192642,0.00014007,0.005,0.005,ok,,,,,,1.0,0.1733,false,-0.8267
layernorm,llama-7b,FlagGems,69.9,11.3,,0.8169,ok,,false,true,0,0,0.005,0.005,ok,,,,,,1.0,0.8169,false,-0.1831
layernorm,llama-13b,cuBLAS/cuDNN,70.2,80.9,,0.8348,ok,,false,true,0,0,0.005,0.005,ok,,,,,,1.0,0.8348,false,-0.1652
layernorm,llama-13b,PyTorch-eager,58.6,80.9,,1.0000,ok,,false,true,0,0,0.005,0.005,ok,,,,,,1.0,1.0000,true,0.0000
layernorm,llama-13b,torch.compile,329.2,292.9,,0.1780,ok,,false,true,0.00195312,3.16715e-08,0.005,0.005,ok,,,,,,1.0,0.1780,false,-0.8220
layernorm,llama-13b,Arke,342.9,323.3,,0.1709,ok,,false,true,0.00189066,0.000138939,0.005,0.005,ok,,,,,,1.0,0.1709,false,-0.8291
layernorm,llama-13b,FlagGems,59.0,85.0,,0.9932,ok,,false,true,0,0,0.005,0.005,ok,,,,,,1.0,0.9932,false,-0.0068
layernorm,llama-long,cuBLAS/cuDNN,109.8,140.3,,0.9991,ok,,false,true,0,0,0.005,0.005,ok,,,,,,1.0,0.9991,false,-0.0009
layernorm,llama-long,PyTorch-eager,109.7,163.8,,1.0000,ok,,false,true,0,0,0.005,0.005,ok,,,,,,1.0,1.0000,true,0.0000
layernorm,llama-long,torch.compile,331.4,415.7,,0.3310,ok,,false,true,0.00195312,1.83417e-08,0.005,0.005,ok,,,,,,1.0,0.3310,false,-0.6690
layernorm,llama-long,Arke,383.2,506.8,,0.2863,ok,,false,true,0.00194693,0.000140668,0.005,0.005,ok,,,,,,1.0,0.2863,false,-0.7137
layernorm,llama-long,FlagGems,109.1,160.8,,1.0055,ok,,false,true,0,0,0.005,0.005,ok,,,,,,1.0,1.0055,true,0.0055
layernorm,ds-v2,cuBLAS/cuDNN,69.8,52.2,,0.8295,ok,,false,true,0,0,0.005,0.005,ok,,,,,,1.0,0.8295,false,-0.1705
layernorm,ds-v2,PyTorch-eager,57.9,52.1,,1.0000,ok,,false,true,0,0,0.005,0.005,ok,,,,,,1.0,1.0000,true,0.0000
layernorm,ds-v2,torch.compile,320.4,299.0,,0.1807,ok,,false,true,0.00195312,2.59815e-08,0.005,0.005,ok,,,,,,1.0,0.1807,false,-0.8193
layernorm,ds-v2,Arke,340.4,328.6,,0.1701,ok,,false,true,0.00190067,0.000140411,0.005,0.005,ok,,,,,,1.0,0.1701,false,-0.8299
layernorm,ds-v2,FlagGems,90.7,80.9,,0.6384,ok,,false,true,0,0,0.005,0.005,ok,,,,,,1.0,0.6384,false,-0.3616
layernorm,ds-v3,cuBLAS/cuDNN,61.3,46.3,,0.9315,ok,,false,true,0,0,0.005,0.005,ok,,,,,,1.0,0.9315,false,-0.0685
layernorm,ds-v3,PyTorch-eager,57.1,46.9,,1.0000,ok,,false,true,0,0,0.005,0.005,ok,,,,,,1.0,1.0000,true,0.0000
layernorm,ds-v3,torch.compile,312.6,235.5,,0.1827,ok,,false,true,0.00195312,1.72503e-08,0.005,0.005,ok,,,,,,1.0,0.1827,false,-0.8173
layernorm,ds-v3,Arke,344.7,316.4,,0.1657,ok,,false,true,0.00188255,0.000140512,0.005,0.005,ok,,,,,,1.0,0.1657,false,-0.8343
layernorm,ds-v3,FlagGems,97.5,83.0,,0.5856,ok,,false,true,0,0,0.005,0.005,ok,,,,,,1.0,0.5856,false,-0.4144
layernorm,mixtral-ffn,cuBLAS/cuDNN,68.1,79.8,,0.8884,ok,,false,true,0,0,0.005,0.005,ok,,,,,,1.0,0.8884,false,-0.1116
layernorm,mixtral-ffn,PyTorch-eager,60.5,77.8,,1.0000,ok,,false,true,0,0,0.005,0.005,ok,,,,,,1.0,1.0000,true,0.0000
layernorm,mixtral-ffn,torch.compile,334.6,300.0,,0.1808,ok,,false,true,0.000976562,1.81667e-08,0.005,0.005,ok,,,,,,1.0,0.1808,false,-0.8192
layernorm,mixtral-ffn,Arke,343.7,342.9,,0.1760,ok,,false,true,0.00194979,0.000140059,0.005,0.005,ok,,,,,,1.0,0.1760,false,-0.8240
layernorm,mixtral-ffn,FlagGems,54.0,67.6,,1.1204,ok,,false,true,0,0,0.005,0.005,ok,,,,,,1.0,1.1204,true,0.1204
layernorm,non-align-1,cuBLAS/cuDNN,57.8,54.3,,1.0000,ok,,false,true,0,0,0.005,0.005,ok,,,,,,1.0,1.0000,true,0.0000
layernorm,non-align-1,PyTorch-eager,57.8,80.9,,1.0000,ok,,false,true,0,0,0.005,0.005,ok,,,,,,1.0,1.0000,true,0.0000
layernorm,non-align-1,torch.compile,315.1,278.7,,0.1834,ok,,false,true,0.000244141,3.43726e-09,0.005,0.005,ok,,,,,,1.0,0.1834,false,-0.8166
layernorm,non-align-1,Arke,335.4,326.6,,0.1723,ok,,false,true,0.00175571,0.000140248,0.005,0.005,ok,,,,,,1.0,0.1723,false,-0.8277
layernorm,non-align-1,FlagGems,73.2,8.2,,0.7896,ok,,false,true,0,0,0.005,0.005,ok,,,,,,1.0,0.7896,false,-0.2104
layernorm,non-align-2,cuBLAS/cuDNN,53.7,94.2,,1.1993,ok,,false,true,0,0,0.005,0.005,ok,,,,,,1.0,1.1993,true,0.1993
layernorm,non-align-2,PyTorch-eager,64.4,77.8,,1.0000,ok,,false,true,0,0,0.005,0.005,ok,,,,,,1.0,1.0000,true,0.0000
layernorm,non-align-2,torch.compile,348.4,222.0,,0.1848,ok,,false,true,0.00195312,1.60549e-08,0.005,0.005,ok,,,,,,1.0,0.1848,false,-0.8152
layernorm,non-align-2,Arke,335.5,369.7,,0.1920,ok,,false,true,0.00194788,0.000140866,0.005,0.005,ok,,,,,,1.0,0.1920,false,-0.8080
layernorm,non-align-2,FlagGems,58.4,98.3,,1.1027,ok,,false,true,0,0,0.005,0.005,ok,,,,,,1.0,1.1027,true,0.1027
layernorm,non-align-3,cuBLAS/cuDNN,59.4,53.2,,1.0202,ok,,false,true,0,0,0.005,0.005,ok,,,,,,1.0,1.0202,true,0.0202
layernorm,non-align-3,PyTorch-eager,60.6,69.6,,1.0000,ok,,false,true,0,0,0.005,0.005,ok,,,,,,1.0,1.0000,true,0.0000
layernorm,non-align-3,torch.compile,305.4,295.7,,0.1984,ok,,false,true,0.00195312,2.02913e-08,0.005,0.005,ok,,,,,,1.0,0.1984,false,-0.8016
layernorm,non-align-3,Arke,356.2,351.4,,0.1701,ok,,false,true,0.00192404,0.000140843,0.005,0.005,ok,,,,,,1.0,0.1701,false,-0.8299
layernorm,non-align-3,FlagGems,59.6,51.1,,1.0168,ok,,false,true,0,0,0.005,0.005,ok,,,,,,1.0,1.0168,true,0.0168
layernorm,non-align-4,cuBLAS/cuDNN,151.0,167.9,,1.0026,ok,,false,true,0,0,0.005,0.005,ok,,,,,,1.0,1.0026,true,0.0026
layernorm,non-align-4,PyTorch-eager,151.4,159.7,,1.0000,ok,,false,true,0,0,0.005,0.005,ok,,,,,,1.0,1.0000,true,0.0000
layernorm,non-align-4,torch.compile,346.6,410.6,,0.4368,ok,,false,true,0.00195312,1.93764e-08,0.005,0.005,ok,,,,,,1.0,0.4368,false,-0.5632
layernorm,non-align-4,Arke,433.1,493.6,,0.3496,ok,,false,true,0.00195169,0.00014038,0.005,0.005,ok,,,,,,1.0,0.3496,false,-0.6504
layernorm,non-align-4,FlagGems,152.9,165.9,,0.9902,ok,,false,true,0,0,0.005,0.005,ok,,,,,,1.0,0.9902,false,-0.0098
layernorm,extreme-small,cuBLAS/cuDNN,64.4,37.0,,0.9270,ok,,false,true,0,0,0.005,0.005,ok,,,,,,1.0,0.9270,false,-0.0730
layernorm,extreme-small,PyTorch-eager,59.7,8.2,,1.0000,ok,,false,true,0,0,0.005,0.005,ok,,,,,,1.0,1.0000,true,0.0000
layernorm,extreme-small,torch.compile,403.4,290.5,,0.1480,ok,,false,true,0,0,0.005,0.005,ok,,,,,,1.0,0.1480,false,-0.8520
layernorm,extreme-small,Arke,440.3,303.1,,0.1356,ok,,false,true,0.000951052,0.0001385,0.005,0.005,ok,,,,,,1.0,0.1356,false,-0.8644
layernorm,extreme-small,FlagGems,72.9,8.2,,0.8189,ok,,false,true,0,0,0.005,0.005,ok,,,,,,1.0,0.8189,false,-0.1811
layernorm,extreme-large,cuBLAS/cuDNN,427.5,428.0,,1.0058,ok,,false,true,0,0,0.005,0.005,ok,,,,,,1.0,1.0058,true,0.0058
layernorm,extreme-large,PyTorch-eager,430.0,428.0,,1.0000,ok,,false,true,0,0,0.005,0.005,ok,,,,,,1.0,1.0000,true,0.0000
layernorm,extreme-large,torch.compile,1309.3,1302.5,,0.3284,ok,,false,true,0.00195312,2.07609e-08,0.005,0.005,ok,,,,,,1.0,0.3284,false,-0.6716
layernorm,extreme-large,Arke,1496.9,1496.1,,0.2873,ok,,false,true,0.00195169,0.000140526,0.005,0.005,ok,,,,,,1.0,0.2873,false,-0.7127
layernorm,extreme-large,FlagGems,427.8,429.1,,1.0051,ok,,false,true,0,0,0.005,0.005,ok,,,,,,1.0,1.0051,true,0.0051
layernorm,llama3-8b-norm,cuBLAS/cuDNN,61.8,84.7,,0.9919,ok,,false,true,0,0,0.005,0.005,ok,,,,,,1.0,0.9919,false,-0.0081
layernorm,llama3-8b-norm,PyTorch-eager,61.3,47.4,,1.0000,ok,,false,true,0,0,0.005,0.005,ok,,,,,,1.0,1.0000,true,0.0000
layernorm,llama3-8b-norm,torch.compile,388.3,323.8,,0.1579,ok,,false,true,0.00195312,2.8211e-08,0.005,0.005,ok,,,,,,1.0,0.1579,false,-0.8421
layernorm,llama3-8b-norm,Arke,447.3,360.4,,0.1370,ok,,false,true,0.00194931,0.000140911,0.005,0.005,ok,,,,,,1.0,0.1370,false,-0.8630
layernorm,llama3-8b-norm,FlagGems,59.8,60.4,,1.0251,ok,,false,true,0,0,0.005,0.005,ok,,,,,,1.0,1.0251,true,0.0251
layernorm,llama3-8b-long,cuBLAS/cuDNN,427.3,429.0,,0.9995,ok,,false,true,0,0,0.005,0.005,ok,,,,,,1.0,0.9995,false,-0.0005
layernorm,llama3-8b-long,PyTorch-eager,427.1,428.0,,1.0000,ok,,false,true,0,0,0.005,0.005,ok,,,,,,1.0,1.0000,true,0.0000
layernorm,llama3-8b-long,torch.compile,1319.8,1275.9,,0.3236,ok,,false,true,0.00195312,2.09074e-08,0.005,0.005,ok,,,,,,1.0,0.3236,false,-0.6764
layernorm,llama3-8b-long,Arke,1498.7,1498.1,,0.2850,ok,,false,true,0.00195312,0.000140637,0.005,0.005,ok,,,,,,1.0,0.2850,false,-0.7150
layernorm,llama3-8b-long,FlagGems,429.2,430.1,,0.9951,ok,,false,true,0,0,0.005,0.005,ok,,,,,,1.0,0.9951,false,-0.0049
layernorm,qwen25-7b-norm,cuBLAS/cuDNN,76.7,80.8,,0.7275,ok,,false,true,0,0,0.005,0.005,ok,,,,,,1.0,0.7275,false,-0.2725
layernorm,qwen25-7b-norm,PyTorch-eager,55.8,80.9,,1.0000,ok,,false,true,0,0,0.005,0.005,ok,,,,,,1.0,1.0000,true,0.0000
layernorm,qwen25-7b-norm,torch.compile,381.3,268.3,,0.1463,ok,,false,true,0.00195312,1.91131e-08,0.005,0.005,ok,,,,,,1.0,0.1463,false,-0.8537
layernorm,qwen25-7b-norm,Arke,383.2,342.0,,0.1456,ok,,false,true,0.00194263,0.000141038,0.005,0.005,ok,,,,,,1.0,0.1456,false,-0.8544
layernorm,qwen25-7b-norm,FlagGems,58.4,87.0,,0.9555,ok,,false,true,0,0,0.005,0.005,ok,,,,,,1.0,0.9555,false,-0.0445
layernorm,qwen25-7b-long,cuBLAS/cuDNN,376.1,376.8,,0.9989,ok,,false,true,0,0,0.005,0.005,ok,,,,,,1.0,0.9989,false,-0.0011
layernorm,qwen25-7b-long,PyTorch-eager,375.7,375.8,,1.0000,ok,,false,true,0,0,0.005,0.005,ok,,,,,,1.0,1.0000,true,0.0000
layernorm,qwen25-7b-long,torch.compile,1229.6,1182.7,,0.3055,ok,,false,true,0.00195312,1.76623e-08,0.005,0.005,ok,,,,,,1.0,0.3055,false,-0.6945
layernorm,qwen25-7b-long,Arke,1310.7,1309.7,,0.2866,ok,,false,true,0.00195265,0.000140434,0.005,0.005,ok,,,,,,1.0,0.2866,false,-0.7134
layernorm,qwen25-7b-long,FlagGems,377.0,376.8,,0.9966,ok,,false,true,0,0,0.005,0.005,ok,,,,,,1.0,0.9966,false,-0.0034
layernorm,ds-v2-long,cuBLAS/cuDNN,667.8,601.1,,0.9238,ok,,false,true,0,0,0.005,0.005,ok,,,,,,1.0,0.9238,false,-0.0762
layernorm,ds-v2-long,PyTorch-eager,616.9,575.5,,1.0000,ok,,false,true,0,0,0.005,0.005,ok,,,,,,1.0,1.0000,true,0.0000
layernorm,ds-v2-long,torch.compile,1694.2,1629.1,,0.3641,ok,,false,true,0.00195312,2.28153e-08,0.005,0.005,ok,,,,,,1.0,0.3641,false,-0.6359
layernorm,ds-v2-long,Arke,1963.7,1966.1,,0.3142,ok,,false,true,0.00195312,0.000140408,0.005,0.005,ok,,,,,,1.0,0.3142,false,-0.6858
layernorm,ds-v2-long,FlagGems,695.2,696.3,,0.8874,ok,,false,true,0,0,0.005,0.005,ok,,,,,,1.0,0.8874,false,-0.1126
layernorm,ds-v3-long,cuBLAS/cuDNN,447.1,436.2,,1.0031,ok,,false,true,0,0,0.005,0.005,ok,,,,,,1.0,1.0031,true,0.0031
layernorm,ds-v3-long,PyTorch-eager,448.5,445.4,,1.0000,ok,,false,true,0,0,0.005,0.005,ok,,,,,,1.0,1.0000,true,0.0000
layernorm,ds-v3-long,torch.compile,1114.9,1083.4,,0.4023,ok,,false,true,0.00195312,1.63205e-08,0.005,0.005,ok,,,,,,1.0,0.4023,false,-0.5977
layernorm,ds-v3-long,Arke,1331.6,1327.1,,0.3368,ok,,false,true,0.00195217,0.000140551,0.005,0.005,ok,,,,,,1.0,0.3368,false,-0.6632
layernorm,ds-v3-long,FlagGems,463.2,461.8,,0.9683,ok,,false,true,0,0,0.005,0.005,ok,,,,,,1.0,0.9683,false,-0.0317
matmul,tiny,cuBLAS/cuDNN,13.8,8.2,0.303,1.1087,ok,,false,true,0,0,0.01,0.01,ok,,98304,3542771302,0.0000,dense_matmul,1.0,1.1087,true,0.1087
matmul,tiny,Triton-Tutorial,64.2,33.0,0.065,0.2383,ok,,false,true,0,0,0.01,0.01,ok,,98304,3542771302,0.0000,dense_matmul,1.0,0.2383,false,-0.7617
matmul,tiny,PyTorch-eager,15.3,29.5,0.274,1.0000,ok,,false,true,0,0,0.01,0.01,ok,,98304,3542771302,0.0000,dense_matmul,1.0,1.0000,true,0.0000
matmul,tiny,torch.compile,105.7,121.8,0.040,0.1447,ok,,false,true,0,0,0.01,0.01,ok,,98304,3542771302,0.0000,dense_matmul,1.0,0.1447,false,-0.8553
matmul,tiny,Arke,26.4,6.1,0.159,0.5795,ok,,false,true,0,0,0.01,0.01,ok,,98304,3542771302,0.0000,dense_matmul,1.0,0.5795,false,-0.4205
matmul,tiny,FlagGems,53.8,67.6,0.078,0.2844,ok,,false,true,0,0,0.01,0.01,ok,,98304,3542771302,0.0000,dense_matmul,1.0,0.2844,false,-0.7156
matmul,gpt2-c_proj,cuBLAS/cuDNN,19.7,16.4,7.658,1.2893,ok,,false,true,0,0,0.01,0.01,ok,,1572864,3542771302,0.0004,dense_matmul,1.0,1.2893,true,0.2893
matmul,gpt2-c_proj,Triton-Tutorial,80.2,105.5,1.883,0.3167,ok,,false,true,0,0,0.01,0.01,ok,,1572864,3542771302,0.0004,dense_matmul,1.0,0.3167,false,-0.6833
matmul,gpt2-c_proj,PyTorch-eager,25.4,14.3,5.935,1.0000,ok,,false,true,0,0,0.01,0.01,ok,,1572864,3542771302,0.0004,dense_matmul,1.0,1.0000,true,0.0000
matmul,gpt2-c_proj,torch.compile,145.2,107.5,1.040,0.1749,ok,,false,true,0,0,0.01,0.01,ok,,1572864,3542771302,0.0004,dense_matmul,1.0,0.1749,false,-0.8251
matmul,gpt2-c_proj,Arke,27.0,15.4,5.590,0.9407,ok,,false,true,0,0,0.01,0.01,ok,,1572864,3542771302,0.0004,dense_matmul,1.0,0.9407,false,-0.0593
matmul,gpt2-c_proj,FlagGems,61.3,73.0,2.463,0.4144,ok,,false,true,0,0,0.01,0.01,ok,,1572864,3542771302,0.0004,dense_matmul,1.0,0.4144,false,-0.5856
matmul,gpt2-c_attn,cuBLAS/cuDNN,33.5,35.8,13.528,1.0030,ok,,false,true,0,0,0.01,0.01,ok,,4325376,3542771302,0.0012,dense_matmul,1.0,1.0030,true,0.0030
matmul,gpt2-c_attn,Triton-Tutorial,68.4,82.9,6.624,0.4912,ok,,false,true,0,0,0.01,0.01,ok,,4325376,3542771302,0.0012,dense_matmul,1.0,0.4912,false,-0.5088
matmul,gpt2-c_attn,PyTorch-eager,33.6,37.6,13.489,1.0000,ok,,false,true,0,0,0.01,0.01,ok,,4325376,3542771302,0.0012,dense_matmul,1.0,1.0000,true,0.0000
matmul,gpt2-c_attn,torch.compile,131.4,135.2,3.448,0.2557,ok,,false,true,0,0,0.01,0.01,ok,,4325376,3542771302,0.0012,dense_matmul,1.0,0.2557,false,-0.7443
matmul,gpt2-c_attn,Arke,33.5,37.9,13.529,1.0030,ok,,false,true,0,0,0.01,0.01,ok,,4325376,3542771302,0.0012,dense_matmul,1.0,1.0030,true,0.0030
matmul,gpt2-c_attn,FlagGems,60.1,70.7,7.535,0.5591,ok,,false,true,0,0,0.01,0.01,ok,,4325376,3542771302,0.0012,dense_matmul,1.0,0.5591,false,-0.4409
matmul,square-1k,cuBLAS/cuDNN,155.4,158.7,13.821,1.0116,ok,,false,true,0,0,0.01,0.01,ok,,6291456,3542771302,0.0018,dense_matmul,1.0,1.0116,true,0.0116
matmul,square-1k,Triton-Tutorial,123.6,130.0,17.368,1.2718,ok,,false,true,0,0,0.01,0.01,ok,,6291456,3542771302,0.0018,dense_matmul,1.0,1.2718,true,0.2718
matmul,square-1k,PyTorch-eager,157.2,154.5,13.660,1.0000,ok,,false,true,0,0,0.01,0.01,ok,,6291456,3542771302,0.0018,dense_matmul,1.0,1.0000,true,0.0000
matmul,square-1k,torch.compile,188.3,190.5,11.405,0.8348,ok,,false,true,0,0,0.01,0.01,ok,,6291456,3542771302,0.0018,dense_matmul,1.0,0.8348,false,-0.1652
matmul,square-1k,Arke,154.4,155.6,13.911,1.0181,ok,,false,true,0,0,0.01,0.01,ok,,6291456,3542771302,0.0018,dense_matmul,1.0,1.0181,true,0.0181
matmul,square-1k,FlagGems,130.2,155.6,16.489,1.2074,ok,,false,true,0,0,0.01,0.01,ok,,6291456,3542771302,0.0018,dense_matmul,1.0,1.2074,true,0.2074
matmul,square-2k,cuBLAS/cuDNN,884.8,816.1,19.417,0.9730,ok,,false,true,0,0,0.01,0.01,ok,,25165824,3542771302,0.0071,dense_matmul,1.0,0.9730,false,-0.0270
matmul,square-2k,Triton-Tutorial,791.6,768.0,21.702,1.0875,ok,,false,true,0,0,0.01,0.01,ok,,25165824,3542771302,0.0071,dense_matmul,1.0,1.0875,true,0.0875
matmul,square-2k,PyTorch-eager,860.9,831.5,19.956,1.0000,ok,,false,true,0,0,0.01,0.01,ok,,25165824,3542771302,0.0071,dense_matmul,1.0,1.0000,true,0.0000
matmul,square-2k,torch.compile,951.6,960.5,18.054,0.9047,ok,,false,true,0,0,0.01,0.01,ok,,25165824,3542771302,0.0071,dense_matmul,1.0,0.9047,false,-0.0953
matmul,square-2k,Arke,851.7,827.4,20.171,1.0108,ok,,false,true,0,0,0.01,0.01,ok,,25165824,3542771302,0.0071,dense_matmul,1.0,1.0108,true,0.0108
matmul,square-2k,FlagGems,1006.2,907.3,17.075,0.8556,ok,,false,true,0,0,0.01,0.01,ok,,25165824,3542771302,0.0071,dense_matmul,1.0,0.8556,false,-0.1444
matmul,square-4k,cuBLAS/cuDNN,6026.3,5866.5,22.807,1.0048,ok,,false,true,0,0,0.01,0.01,ok,,100663296,3542771302,0.0284,dense_matmul,1.0,1.0048,true,0.0048
matmul,square-4k,Triton-Tutorial,5972.8,5801.0,23.011,1.0138,ok,,false,true,0,0,0.01,0.01,ok,,100663296,3542771302,0.0284,dense_matmul,1.0,1.0138,true,0.0138
matmul,square-4k,PyTorch-eager,6055.0,5922.8,22.698,1.0000,ok,,false,true,0,0,0.01,0.01,ok,,100663296,3542771302,0.0284,dense_matmul,1.0,1.0000,true,0.0000
matmul,square-4k,torch.compile,6510.4,6379.5,21.111,0.9301,ok,,false,true,0,0,0.01,0.01,ok,,100663296,3542771302,0.0284,dense_matmul,1.0,0.9301,false,-0.0699
matmul,square-4k,Arke,6080.2,5950.5,22.604,0.9959,ok,,false,true,0,0,0.01,0.01,ok,,100663296,3542771302,0.0284,dense_matmul,1.0,0.9959,false,-0.0041
matmul,square-4k,FlagGems,6230.2,6085.6,22.060,0.9719,ok,,false,true,0,0,0.01,0.01,ok,,100663296,3542771302,0.0284,dense_matmul,1.0,0.9719,false,-0.0281
matmul,rect-wide,cuBLAS/cuDNN,432.5,440.1,19.861,0.9970,ok,,false,true,0,0,0.01,0.01,ok,,18874368,3542771302,0.0053,dense_matmul,1.0,0.9970,false,-0.0030
matmul,rect-wide,Triton-Tutorial,392.8,395.3,21.866,1.0978,ok,,false,true,0,0,0.01,0.01,ok,,18874368,3542771302,0.0053,dense_matmul,1.0,1.0978,true,0.0978
matmul,rect-wide,PyTorch-eager,431.2,424.9,19.920,1.0000,ok,,false,true,0,0,0.01,0.01,ok,,18874368,3542771302,0.0053,dense_matmul,1.0,1.0000,true,0.0000
matmul,rect-wide,torch.compile,509.1,515.9,16.873,0.8470,ok,,false,true,0,0,0.01,0.01,ok,,18874368,3542771302,0.0053,dense_matmul,1.0,0.8470,false,-0.1530
matmul,rect-wide,Arke,432.2,441.3,19.877,0.9977,ok,,false,true,0,0,0.01,0.01,ok,,18874368,3542771302,0.0053,dense_matmul,1.0,0.9977,false,-0.0023
matmul,rect-wide,FlagGems,440.0,434.2,19.522,0.9800,ok,,false,true,0,0,0.01,0.01,ok,,18874368,3542771302,0.0053,dense_matmul,1.0,0.9800,false,-0.0200
matmul,rect-tall,cuBLAS/cuDNN,435.1,443.4,19.742,1.0460,ok,,false,true,0,0,0.01,0.01,ok,,18874368,3542771302,0.0053,dense_matmul,1.0,1.0460,true,0.0460
matmul,rect-tall,Triton-Tutorial,428.6,422.9,20.042,1.0618,ok,,false,false,0.125,0.00318552,0.01,0.01,mismatch,,18874368,3542771302,0.0053,dense_matmul,1.0,1.0618,true,0.0618
matmul,rect-tall,PyTorch-eager,455.1,446.3,18.873,1.0000,ok,,false,true,0,0,0.01,0.01,ok,,18874368,3542771302,0.0053,dense_matmul,1.0,1.0000,true,0.0000
matmul,rect-tall,torch.compile,522.7,528.4,16.434,0.8707,ok,,false,true,0,0,0.01,0.01,ok,,18874368,3542771302,0.0053,dense_matmul,1.0,0.8707,false,-0.1293
matmul,rect-tall,Arke,448.9,457.7,19.134,1.0138,ok,,false,true,0,0,0.01,0.01,ok,,18874368,3542771302,0.0053,dense_matmul,1.0,1.0138,true,0.0138
matmul,rect-tall,FlagGems,442.6,439.3,19.406,1.0282,ok,,false,true,0,0,0.01,0.01,ok,,18874368,3542771302,0.0053,dense_matmul,1.0,1.0282,true,0.0282
matmul,lm-head-gpt2,cuBLAS/cuDNN,710.8,669.7,13.902,1.0149,ok,,false,true,0,0,0.01,0.01,ok,,90257152,3542771302,0.0255,dense_matmul,1.0,1.0149,true,0.0149
matmul,lm-head-gpt2,Triton-Tutorial,911.8,867.3,10.837,0.7912,ok,,false,true,0,0,0.01,0.01,ok,,90257152,3542771302,0.0255,dense_matmul,1.0,0.7912,false,-0.2088
matmul,lm-head-gpt2,PyTorch-eager,721.4,690.2,13.696,1.0000,ok,,false,true,0,0,0.01,0.01,ok,,90257152,3542771302,0.0255,dense_matmul,1.0,1.0000,true,0.0000
matmul,lm-head-gpt2,torch.compile,1214.3,1179.6,8.137,0.5941,ok,,false,true,0,0,0.01,0.01,ok,,90257152,3542771302,0.0255,dense_matmul,1.0,0.5941,false,-0.4059
matmul,lm-head-gpt2,Arke,715.7,688.1,13.806,1.0080,ok,,false,true,0,0,0.01,0.01,ok,,90257152,3542771302,0.0255,dense_matmul,1.0,1.0080,true,0.0080
matmul,lm-head-gpt2,FlagGems,915.6,859.1,10.791,0.7879,ok,,false,true,0,0,0.01,0.01,ok,,90257152,3542771302,0.0255,dense_matmul,1.0,0.7879,false,-0.2121
matmul,llama-q,cuBLAS/cuDNN,6112.4,5952.5,22.485,0.9987,ok,,false,true,0,0,0.01,0.01,ok,,100663296,3542771302,0.0284,dense_matmul,1.0,0.9987,false,-0.0013
matmul,llama-q,Triton-Tutorial,6020.7,5860.4,22.828,1.0139,ok,,false,true,0,0,0.01,0.01,ok,,100663296,3542771302,0.0284,dense_matmul,1.0,1.0139,true,0.0139
matmul,llama-q,PyTorch-eager,6104.2,5949.3,22.516,1.0000,ok,,false,true,0,0,0.01,0.01,ok,,100663296,3542771302,0.0284,dense_matmul,1.0,1.0000,true,0.0000
matmul,llama-q,torch.compile,6563.1,6376.4,20.941,0.9301,ok,,false,true,0,0,0.01,0.01,ok,,100663296,3542771302,0.0284,dense_matmul,1.0,0.9301,false,-0.0699
matmul,llama-q,Arke,6106.1,5874.6,22.508,0.9997,ok,,false,true,0,0,0.01,0.01,ok,,100663296,3542771302,0.0284,dense_matmul,1.0,0.9997,false,-0.0003
matmul,llama-q,FlagGems,6229.3,6055.6,22.063,0.9799,ok,,false,true,0,0,0.01,0.01,ok,,100663296,3542771302,0.0284,dense_matmul,1.0,0.9799,false,-0.0201
matmul,llama-ffn,cuBLAS/cuDNN,15897.4,15599.5,23.234,1.0030,ok,,false,true,0,0,0.01,0.01,ok,,213909504,3542771302,0.0604,dense_matmul,1.0,1.0030,true,0.0030
matmul,llama-ffn,Triton-Tutorial,15748.6,15403.0,23.454,1.0124,ok,,false,true,0,0,0.01,0.01,ok,,213909504,3542771302,0.0604,dense_matmul,1.0,1.0124,true,0.0124
matmul,llama-ffn,PyTorch-eager,15944.4,15346.7,23.166,1.0000,ok,,false,true,0,0,0.01,0.01,ok,,213909504,3542771302,0.0604,dense_matmul,1.0,1.0000,true,0.0000
matmul,llama-ffn,torch.compile,16785.7,16396.3,22.005,0.9499,ok,,false,true,0,0,0.01,0.01,ok,,213909504,3542771302,0.0604,dense_matmul,1.0,0.9499,false,-0.0501
matmul,llama-ffn,Arke,15961.9,15735.8,23.141,0.9989,ok,,false,true,0,0,0.01,0.01,ok,,213909504,3542771302,0.0604,dense_matmul,1.0,0.9989,false,-0.0011
matmul,llama-ffn,FlagGems,16161.1,15936.4,22.855,0.9866,ok,,false,true,0,0,0.01,0.01,ok,,213909504,3542771302,0.0604,dense_matmul,1.0,0.9866,false,-0.0134
matmul,seq512,cuBLAS/cuDNN,99.5,102.3,18.208,1.0261,ok,,false,true,0,0,0.01,0.01,ok,,6684672,3542771302,0.0019,dense_matmul,1.0,1.0261,true,0.0261
matmul,seq512,Triton-Tutorial,94.6,122.9,19.152,1.0793,ok,,false,true,0,0,0.01,0.01,ok,,6684672,3542771302,0.0019,dense_matmul,1.0,1.0793,true,0.0793
matmul,seq512,PyTorch-eager,102.1,105.3,17.748,1.0000,ok,,false,true,0,0,0.01,0.01,ok,,6684672,3542771302,0.0019,dense_matmul,1.0,1.0000,true,0.0000
matmul,seq512,torch.compile,164.0,207.9,11.047,0.6226,ok,,false,true,0,0,0.01,0.01,ok,,6684672,3542771302,0.0019,dense_matmul,1.0,0.6226,false,-0.3774
matmul,seq512,Arke,97.4,109.5,18.612,1.0483,ok,,false,true,0,0,0.01,0.01,ok,,6684672,3542771302,0.0019,dense_matmul,1.0,1.0483,true,0.0483
matmul,seq512,FlagGems,95.2,160.8,19.027,1.0725,ok,,false,true,0,0,0.01,0.01,ok,,6684672,3542771302,0.0019,dense_matmul,1.0,1.0725,true,0.0725
matmul,non-align-1,cuBLAS/cuDNN,25.5,26.6,5.107,0.9765,ok,,false,true,0,0,0.01,0.01,ok,,1410302,3542771302,0.0004,dense_matmul,1.0,0.9765,false,-0.0235
matmul,non-align-1,Triton-Tutorial,68.8,98.3,1.894,0.3619,ok,,false,false,0.0625,0.00513287,0.01,0.01,mismatch,,1410302,3542771302,0.0004,dense_matmul,1.0,0.3619,false,-0.6381
matmul,non-align-1,PyTorch-eager,24.9,36.9,5.242,1.0000,ok,,false,true,0,0,0.01,0.01,ok,,1410302,3542771302,0.0004,dense_matmul,1.0,1.0000,true,0.0000
matmul,non-align-1,torch.compile,148.3,167.8,0.879,0.1679,ok,,false,true,0,0,0.01,0.01,ok,,1410302,3542771302,0.0004,dense_matmul,1.0,0.1679,false,-0.8321
matmul,non-align-1,Arke,42.3,39.7,3.081,0.5887,ok,,false,true,0,0,0.01,0.01,ok,,1410302,3542771302,0.0004,dense_matmul,1.0,0.5887,false,-0.4113
matmul,non-align-1,FlagGems,84.1,44.0,1.550,0.2961,ok,,false,true,0,0,0.01,0.01,ok,,1410302,3542771302,0.0004,dense_matmul,1.0,0.2961,false,-0.7039
matmul,non-align-2,cuBLAS/cuDNN,34.6,35.9,8.307,1.0405,ok,,false,true,0,0,0.01,0.01,ok,,1749582,3542771302,0.0005,dense_matmul,1.0,1.0405,true,0.0405
matmul,non-align-2,Triton-Tutorial,81.1,111.6,3.542,0.4439,ok,,false,true,0.0625,3.24589e-06,0.01,0.01,ok,,1749582,3542771302,0.0005,dense_matmul,1.0,0.4439,false,-0.5561
matmul,non-align-2,PyTorch-eager,36.0,36.8,7.977,1.0000,ok,,false,true,0,0,0.01,0.01,ok,,1749582,3542771302,0.0005,dense_matmul,1.0,1.0000,true,0.0000
matmul,non-align-2,torch.compile,217.1,152.6,1.323,0.1658,ok,,false,true,0,0,0.01,0.01,ok,,1749582,3542771302,0.0005,dense_matmul,1.0,0.1658,false,-0.8342
matmul,non-align-2,Arke,40.8,37.6,7.035,0.8824,ok,,false,true,0,0,0.01,0.01,ok,,1749582,3542771302,0.0005,dense_matmul,1.0,0.8824,false,-0.1176
matmul,non-align-2,FlagGems,58.4,92.2,4.914,0.6164,ok,,false,true,0,0,0.01,0.01,ok,,1749582,3542771302,0.0005,dense_matmul,1.0,0.6164,false,-0.3836
matmul,non-align-3,cuBLAS/cuDNN,184.1,187.4,11.663,0.9891,ok,,false,true,0,0,0.01,0.01,ok,,6291454,3542771302,0.0018,dense_matmul,1.0,0.9891,false,-0.0109
matmul,non-align-3,Triton-Tutorial,171.5,205.8,12.524,1.0618,ok,,false,false,0.125,0.00317348,0.01,0.01,mismatch,,6291454,3542771302,0.0018,dense_matmul,1.0,1.0618,true,0.0618
matmul,non-align-3,PyTorch-eager,182.1,183.1,11.793,1.0000,ok,,false,true,0,0,0.01,0.01,ok,,6291454,3542771302,0.0018,dense_matmul,1.0,1.0000,true,0.0000
matmul,non-align-3,torch.compile,218.6,316.4,9.822,0.8330,ok,,false,true,0,0,0.01,0.01,ok,,6291454,3542771302,0.0018,dense_matmul,1.0,0.8330,false,-0.1670
matmul,non-align-3,Arke,176.5,188.4,12.166,1.0317,ok,,false,true,0,0,0.01,0.01,ok,,6291454,3542771302,0.0018,dense_matmul,1.0,1.0317,true,0.0317
matmul,non-align-3,FlagGems,193.7,172.9,11.084,0.9401,ok,,false,true,0,0,0.01,0.01,ok,,6291454,3542771302,0.0018,dense_matmul,1.0,0.9401,false,-0.0599
matmul,non-align-4,cuBLAS/cuDNN,159.8,159.7,12.519,0.9856,ok,,false,true,0,0,0.01,0.01,ok,,6000000,3542771302,0.0017,dense_matmul,1.0,0.9856,false,-0.0144
matmul,non-align-4,Triton-Tutorial,231.9,235.5,8.624,0.6792,ok,,false,true,0.0625,6.6346e-06,0.01,0.01,ok,,6000000,3542771302,0.0017,dense_matmul,1.0,0.6792,false,-0.3208
matmul,non-align-4,PyTorch-eager,157.5,157.7,12.695,1.0000,ok,,false,true,0,0,0.01,0.01,ok,,6000000,3542771302,0.0017,dense_matmul,1.0,1.0000,true,0.0000
matmul,non-align-4,torch.compile,195.2,196.3,10.245,0.8069,ok,,false,true,0,0,0.01,0.01,ok,,6000000,3542771302,0.0017,dense_matmul,1.0,0.8069,false,-0.1931
matmul,non-align-4,Arke,157.8,160.8,12.674,0.9981,ok,,false,true,0,0,0.01,0.01,ok,,6000000,3542771302,0.0017,dense_matmul,1.0,0.9981,false,-0.0019
matmul,non-align-4,FlagGems,309.4,308.1,6.464,0.5090,ok,,false,true,0,0,0.01,0.01,ok,,6000000,3542771302,0.0017,dense_matmul,1.0,0.5090,false,-0.4910
matmul,non-align-5,cuBLAS/cuDNN,45.0,46.8,16.774,1.0089,ok,,false,true,0,0,0.01,0.01,ok,,3637248,3542771302,0.0010,dense_matmul,1.0,1.0089,true,0.0089
matmul,non-align-5,Triton-Tutorial,88.9,36.7,8.496,0.5107,ok,,false,true,0,0,0.01,0.01,ok,,3637248,3542771302,0.0010,dense_matmul,1.0,0.5107,false,-0.4893
matmul,non-align-5,PyTorch-eager,45.4,46.8,16.627,1.0000,ok,,false,true,0,0,0.01,0.01,ok,,3637248,3542771302,0.0010,dense_matmul,1.0,1.0000,true,0.0000
matmul,non-align-5,torch.compile,147.8,157.5,5.110,0.3072,ok,,false,true,0,0,0.01,0.01,ok,,3637248,3542771302,0.0010,dense_matmul,1.0,0.3072,false,-0.6928
matmul,non-align-5,Arke,56.4,48.1,13.387,0.8050,ok,,false,true,0,0,0.01,0.01,ok,,3637248,3542771302,0.0010,dense_matmul,1.0,0.8050,false,-0.1950
matmul,non-align-5,FlagGems,58.6,77.7,12.880,0.7747,ok,,false,true,0,0,0.01,0.01,ok,,3637248,3542771302,0.0010,dense_matmul,1.0,0.7747,false,-0.2253
matmul,non-align-6,cuBLAS/cuDNN,1113.5,1075.2,15.444,0.9613,ok,,false,true,0,0,0.01,0.01,ok,,25182206,3542771302,0.0071,dense_matmul,1.0,0.9613,false,-0.0387
matmul,non-align-6,Triton-Tutorial,1439.1,1365.9,11.950,0.7438,ok,,false,true,0.125,1.24471e-05,0.01,0.01,ok,,25182206,3542771302,0.0071,dense_matmul,1.0,0.7438,false,-0.2562
matmul,non-align-6,PyTorch-eager,1070.4,1041.4,16.066,1.0000,ok,,false,true,0,0,0.01,0.01,ok,,25182206,3542771302,0.0071,dense_matmul,1.0,1.0000,true,0.0000
matmul,non-align-6,torch.compile,1195.5,1162.2,14.384,0.8954,ok,,false,true,0,0,0.01,0.01,ok,,25182206,3542771302,0.0071,dense_matmul,1.0,0.8954,false,-0.1046
matmul,non-align-6,Arke,1094.6,1080.1,15.711,0.9779,ok,,false,true,0,0,0.01,0.01,ok,,25182206,3542771302,0.0071,dense_matmul,1.0,0.9779,false,-0.0221
matmul,non-align-6,FlagGems,1379.7,1330.2,12.464,0.7758,ok,,false,true,0,0,0.01,0.01,ok,,25182206,3542771302,0.0071,dense_matmul,1.0,0.7758,false,-0.2242
matmul,non-align-7,cuBLAS/cuDNN,169.2,173.1,10.750,0.9976,ok,,false,true,0,0,0.01,0.01,ok,,6699014,3542771302,0.0019,dense_matmul,1.0,0.9976,false,-0.0024
matmul,non-align-7,Triton-Tutorial,232.6,230.3,7.818,0.7257,ok,,false,true,0.0625,4.35322e-06,0.01,0.01,ok,,6699014,3542771302,0.0019,dense_matmul,1.0,0.7257,false,-0.2743
matmul,non-align-7,PyTorch-eager,168.8,171.9,10.772,1.0000,ok,,false,true,0,0,0.01,0.01,ok,,6699014,3542771302,0.0019,dense_matmul,1.0,1.0000,true,0.0000
matmul,non-align-7,torch.compile,205.3,297.8,8.858,0.8222,ok,,false,true,0,0,0.01,0.01,ok,,6699014,3542771302,0.0019,dense_matmul,1.0,0.8222,false,-0.1778
matmul,non-align-7,Arke,169.7,171.0,10.716,0.9947,ok,,false,true,0,0,0.01,0.01,ok,,6699014,3542771302,0.0019,dense_matmul,1.0,0.9947,false,-0.0053
matmul,non-align-7,FlagGems,225.3,230.4,8.071,0.7492,ok,,false,true,0,0,0.01,0.01,ok,,6699014,3542771302,0.0019,dense_matmul,1.0,0.7492,false,-0.2508
matmul,extreme-1row,cuBLAS/cuDNN,17.9,17.3,0.117,1.1061,ok,,false,true,0,0,0.01,0.01,ok,,2101248,3542771302,0.0006,dense_matmul,1.0,1.1061,true,0.1061
matmul,extreme-1row,Triton-Tutorial,63.7,44.0,0.033,0.3108,ok,,false,true,0,0,0.01,0.01,ok,,2101248,3542771302,0.0006,dense_matmul,1.0,0.3108,false,-0.6892
matmul,extreme-1row,PyTorch-eager,19.8,14.3,0.106,1.0000,ok,,false,true,0,0,0.01,0.01,ok,,2101248,3542771302,0.0006,dense_matmul,1.0,1.0000,true,0.0000
matmul,extreme-1row,torch.compile,168.2,142.2,0.012,0.1177,ok,,false,true,0,0,0.01,0.01,ok,,2101248,3542771302,0.0006,dense_matmul,1.0,0.1177,false,-0.8823
matmul,extreme-1row,Arke,18.1,32.8,0.116,1.0939,ok,,false,true,0,0,0.01,0.01,ok,,2101248,3542771302,0.0006,dense_matmul,1.0,1.0939,true,0.0939
matmul,extreme-1row,FlagGems,70.4,72.7,0.030,0.2812,ok,,false,true,0,0,0.01,0.01,ok,,2101248,3542771302,0.0006,dense_matmul,1.0,0.2812,false,-0.7188
matmul,extreme-16,cuBLAS/cuDNN,171.5,173.1,3.130,1.0566,ok,,false,true,0,0,0.01,0.01,ok,,33816576,3542771302,0.0095,dense_matmul,1.0,1.0566,true,0.0566
matmul,extreme-16,Triton-Tutorial,136.5,133.1,3.932,1.3275,ok,,false,true,0,0,0.01,0.01,ok,,33816576,3542771302,0.0095,dense_matmul,1.0,1.3275,true,0.3275
matmul,extreme-16,PyTorch-eager,181.2,185.3,2.964,1.0000,ok,,false,true,0,0,0.01,0.01,ok,,33816576,3542771302,0.0095,dense_matmul,1.0,1.0000,true,0.0000
matmul,extreme-16,torch.compile,417.8,427.0,1.285,0.4337,ok,,false,true,0,0,0.01,0.01,ok,,33816576,3542771302,0.0095,dense_matmul,1.0,0.4337,false,-0.5663
matmul,extreme-16,Arke,176.7,181.2,3.038,1.0255,ok,,false,true,0,0,0.01,0.01,ok,,33816576,3542771302,0.0095,dense_matmul,1.0,1.0255,true,0.0255
matmul,extreme-16,FlagGems,132.8,170.8,4.043,1.3645,ok,,false,true,0,0,0.01,0.01,ok,,33816576,3542771302,0.0095,dense_matmul,1.0,1.3645,true,0.3645
matmul,extreme-long,cuBLAS/cuDNN,355.4,303.1,12.085,0.8762,ok,,false,true,0,0,0.01,0.01,ok,,68681728,3542771302,0.0194,dense_matmul,1.0,0.8762,false,-0.1238
matmul,extreme-long,Triton-Tutorial,376.6,379.9,11.404,0.8269,ok,,false,false,0.25,0.0063219,0.01,0.01,mismatch,,68681728,3542771302,0.0194,dense_matmul,1.0,0.8269,false,-0.1731
matmul,extreme-long,PyTorch-eager,311.4,304.1,13.793,1.0000,ok,,false,true,0,0,0.01,0.01,ok,,68681728,3542771302,0.0194,dense_matmul,1.0,1.0000,true,0.0000
matmul,extreme-long,torch.compile,742.5,732.2,5.784,0.4194,ok,,false,true,0,0,0.01,0.01,ok,,68681728,3542771302,0.0194,dense_matmul,1.0,0.4194,false,-0.5806
matmul,extreme-long,Arke,321.1,325.6,13.378,0.9698,ok,,false,true,0,0,0.01,0.01,ok,,68681728,3542771302,0.0194,dense_matmul,1.0,0.9698,false,-0.0302
matmul,extreme-long,FlagGems,345.8,322.5,12.421,0.9005,ok,,false,true,0,0,0.01,0.01,ok,,68681728,3542771302,0.0194,dense_matmul,1.0,0.9005,false,-0.0995
matmul,ds-v2-attn,cuBLAS/cuDNN,1558.4,1458.2,17.225,0.9772,ok,,false,true,0,0,0.01,0.01,ok,,62914560,3542771302,0.0178,dense_matmul,1.0,0.9772,false,-0.0228
matmul,ds-v2-attn,Triton-Tutorial,1227.6,1179.6,21.866,1.2405,ok,,false,true,0,0,0.01,0.01,ok,,62914560,3542771302,0.0178,dense_matmul,1.0,1.2405,true,0.2405
matmul,ds-v2-attn,PyTorch-eager,1522.8,1463.3,17.628,1.0000,ok,,false,true,0,0,0.01,0.01,ok,,62914560,3542771302,0.0178,dense_matmul,1.0,1.0000,true,0.0000
matmul,ds-v2-attn,torch.compile,1929.3,1870.8,13.914,0.7893,ok,,false,true,0,0,0.01,0.01,ok,,62914560,3542771302,0.0178,dense_matmul,1.0,0.7893,false,-0.2107
matmul,ds-v2-attn,Arke,1525.5,1464.3,17.597,0.9982,ok,,false,true,0,0,0.01,0.01,ok,,62914560,3542771302,0.0178,dense_matmul,1.0,0.9982,false,-0.0018
matmul,ds-v2-attn,FlagGems,1575.1,1376.3,17.042,0.9668,ok,,false,true,0,0,0.01,0.01,ok,,62914560,3542771302,0.0178,dense_matmul,1.0,0.9668,false,-0.0332
matmul,ds-v2-ffn-up,cuBLAS/cuDNN,3392.5,3281.7,18.990,0.9987,ok,,false,true,0,0,0.01,0.01,ok,,143654912,3542771302,0.0405,dense_matmul,1.0,0.9987,false,-0.0013
matmul,ds-v2-ffn-up,Triton-Tutorial,2916.5,2792.4,22.090,1.1617,ok,,false,true,0,0,0.01,0.01,ok,,143654912,3542771302,0.0405,dense_matmul,1.0,1.1617,true,0.1617
matmul,ds-v2-ffn-up,PyTorch-eager,3388.1,3298.0,19.015,1.0000,ok,,false,true,0,0,0.01,0.01,ok,,143654912,3542771302,0.0405,dense_matmul,1.0,1.0000,true,0.0000
matmul,ds-v2-ffn-up,torch.compile,4285.4,4121.6,15.033,0.7906,ok,,false,true,0,0,0.01,0.01,ok,,143654912,3542771302,0.0405,dense_matmul,1.0,0.7906,false,-0.2094
matmul,ds-v2-ffn-up,Arke,3376.2,3322.9,19.082,1.0035,ok,,false,true,0,0,0.01,0.01,ok,,143654912,3542771302,0.0405,dense_matmul,1.0,1.0035,true,0.0035
matmul,ds-v2-ffn-up,FlagGems,3002.3,2881.5,21.458,1.1285,ok,,false,true,0,0,0.01,0.01,ok,,143654912,3542771302,0.0405,dense_matmul,1.0,1.1285,true,0.1285
matmul,ds-v2-ffn-down,cuBLAS/cuDNN,3600.8,3537.9,17.892,1.0006,ok,,false,true,0,0,0.01,0.01,ok,,143654912,3542771302,0.0405,dense_matmul,1.0,1.0006,true,0.0006
matmul,ds-v2-ffn-down,Triton-Tutorial,2951.1,2831.4,21.831,1.2208,ok,,false,true,0,0,0.01,0.01,ok,,143654912,3542771302,0.0405,dense_matmul,1.0,1.2208,true,0.2208
matmul,ds-v2-ffn-down,PyTorch-eager,3602.8,3539.7,17.882,1.0000,ok,,false,true,0,0,0.01,0.01,ok,,143654912,3542771302,0.0405,dense_matmul,1.0,1.0000,true,0.0000
matmul,ds-v2-ffn-down,torch.compile,4602.1,4446.2,13.999,0.7829,ok,,false,true,0,0,0.01,0.01,ok,,143654912,3542771302,0.0405,dense_matmul,1.0,0.7829,false,-0.2171
matmul,ds-v2-ffn-down,Arke,3611.4,3523.6,17.839,0.9976,ok,,false,true,0,0,0.01,0.01,ok,,143654912,3542771302,0.0405,dense_matmul,1.0,0.9976,false,-0.0024
matmul,ds-v2-ffn-down,FlagGems,3014.4,2904.8,21.372,1.1952,ok,,false,true,0,0,0.01,0.01,ok,,143654912,3542771302,0.0405,dense_matmul,1.0,1.1952,true,0.1952
matmul,ds-v2-lmhead,cuBLAS/cuDNN,28042.3,27580.4,19.145,1.0003,ok,,false,true,0,0,0.01,0.01,ok,,1158676480,3542771302,0.3271,dense_matmul,1.0,1.0003,true,0.0003
matmul,ds-v2-lmhead,Triton-Tutorial,23120.6,22741.0,23.220,1.2132,ok,,false,true,0,0,0.01,0.01,ok,,1158676480,3542771302,0.3271,dense_matmul,1.0,1.2132,true,0.2132
matmul,ds-v2-lmhead,PyTorch-eager,28050.3,27741.2,19.140,1.0000,ok,,false,true,0,0,0.01,0.01,ok,,1158676480,3542771302,0.3271,dense_matmul,1.0,1.0000,true,0.0000
matmul,ds-v2-lmhead,torch.compile,35310.0,34909.2,15.204,0.7944,ok,,false,true,0,0,0.01,0.01,ok,,1158676480,3542771302,0.3271,dense_matmul,1.0,0.7944,false,-0.2056
matmul,ds-v2-lmhead,Arke,28170.7,27700.2,19.058,0.9957,ok,,false,true,0,0,0.01,0.01,ok,,1158676480,3542771302,0.3271,dense_matmul,1.0,0.9957,false,-0.0043
matmul,ds-v2-lmhead,FlagGems,23679.9,23335.9,22.672,1.1846,ok,,false,,,,0.01,0.01,error,"!handles_.at(i) INTERNAL ASSERT FAILED at ""/pytorch/c10/cuda/CUDACachingAllocator.cpp"":400, please report a bug to PyTorch. ",1158676480,3542771302,0.3271,dense_matmul,1.0,1.1846,true,0.1846
matmul,ds-v3-attn,cuBLAS/cuDNN,5132.7,5014.5,20.501,1.0000,ok,,false,true,0,0,0.01,0.01,ok,,132120576,3542771302,0.0373,dense_matmul,1.0,1.0000,false,-0.0000
matmul,ds-v3-attn,Triton-Tutorial,4675.8,4515.8,22.505,1.0977,ok,,false,true,0,0,0.01,0.01,ok,,132120576,3542771302,0.0373,dense_matmul,1.0,1.0977,true,0.0977
matmul,ds-v3-attn,PyTorch-eager,5132.6,5014.5,20.502,1.0000,ok,,false,true,0,0,0.01,0.01,ok,,132120576,3542771302,0.0373,dense_matmul,1.0,1.0000,true,0.0000
matmul,ds-v3-attn,torch.compile,5993.0,5779.5,17.558,0.8564,ok,,false,true,0,0,0.01,0.01,ok,,132120576,3542771302,0.0373,dense_matmul,1.0,0.8564,false,-0.1436
matmul,ds-v3-attn,Arke,5140.2,4990.0,20.471,0.9985,ok,,false,true,0,0,0.01,0.01,ok,,132120576,3542771302,0.0373,dense_matmul,1.0,0.9985,false,-0.0015
matmul,ds-v3-attn,FlagGems,4782.3,4607.7,22.003,1.0732,ok,,false,true,0,0,0.01,0.01,ok,,132120576,3542771302,0.0373,dense_matmul,1.0,1.0732,true,0.0732
matmul,ds-v3-ffn-up,cuBLAS/cuDNN,12709.7,12234.8,21.290,1.0008,ok,,false,true,0,0,0.01,0.01,ok,,316669952,3542771302,0.0894,dense_matmul,1.0,1.0008,true,0.0008
matmul,ds-v3-ffn-up,Triton-Tutorial,11773.7,11587.6,22.982,1.0803,ok,,false,true,0,0,0.01,0.01,ok,,316669952,3542771302,0.0894,dense_matmul,1.0,1.0803,true,0.0803
matmul,ds-v3-ffn-up,PyTorch-eager,12719.7,12462.0,21.273,1.0000,ok,,false,true,0,0,0.01,0.01,ok,,316669952,3542771302,0.0894,dense_matmul,1.0,1.0000,true,0.0000
matmul,ds-v3-ffn-up,torch.compile,14626.7,14336.0,18.499,0.8696,ok,,false,true,0,0,0.01,0.01,ok,,316669952,3542771302,0.0894,dense_matmul,1.0,0.8696,false,-0.1304
matmul,ds-v3-ffn-up,Arke,12729.5,12461.1,21.256,0.9992,ok,,false,true,0,0,0.01,0.01,ok,,316669952,3542771302,0.0894,dense_matmul,1.0,0.9992,false,-0.0008
matmul,ds-v3-ffn-up,FlagGems,12007.1,11814.7,22.535,1.0593,ok,,false,true,0,0,0.01,0.01,ok,,316669952,3542771302,0.0894,dense_matmul,1.0,1.0593,true,0.0593
matmul,ds-v3-lmhead,cuBLAS/cuDNN,49483.3,48989.0,19.177,1.0028,ok,,false,,,,0.01,0.01,error,CUDA driver error: out of memory,1993080832,3542771302,0.5626,dense_matmul,1.0,1.0028,true,0.0028
matmul,ds-v3-lmhead,Triton-Tutorial,40907.4,40401.9,23.197,1.2130,ok,,false,,,,0.01,0.01,error,"!handles_.at(i) INTERNAL ASSERT FAILED at ""/pytorch/c10/cuda/CUDACachingAllocator.cpp"":400, please report a bug to PyTorch. ",1993080832,3542771302,0.5626,dense_matmul,1.0,1.2130,true,0.2130
matmul,ds-v3-lmhead,PyTorch-eager,49619.4,48843.8,19.124,1.0000,ok,,false,,,,0.01,0.01,error,"!handles_.at(i) INTERNAL ASSERT FAILED at ""/pytorch/c10/cuda/CUDACachingAllocator.cpp"":400, please report a bug to PyTorch. ",1993080832,3542771302,0.5626,dense_matmul,1.0,1.0000,true,0.0000
matmul,ds-v3-lmhead,torch.compile,62136.4,61191.2,15.272,0.7986,ok,,false,,,,0.01,0.01,error,"!handles_.at(i) INTERNAL ASSERT FAILED at ""/pytorch/c10/cuda/CUDACachingAllocator.cpp"":400, please report a bug to PyTorch. ",1993080832,3542771302,0.5626,dense_matmul,1.0,0.7986,false,-0.2014
matmul,ds-v3-lmhead,Arke,49606.5,49079.3,19.129,1.0003,ok,,false,,,,0.01,0.01,error,"!handles_.at(i) INTERNAL ASSERT FAILED at ""/pytorch/c10/cuda/CUDACachingAllocator.cpp"":400, please report a bug to PyTorch. ",1993080832,3542771302,0.5626,dense_matmul,1.0,1.0003,true,0.0003
matmul,ds-v3-lmhead,FlagGems,41535.8,41107.5,22.846,1.1946,ok,,false,,,,0.01,0.01,error,"!handles_.at(i) INTERNAL ASSERT FAILED at ""/pytorch/c10/cuda/CUDACachingAllocator.cpp"":400, please report a bug to PyTorch. ",1993080832,3542771302,0.5626,dense_matmul,1.0,1.1946,true,0.1946
matmul,qwen25-attn,cuBLAS/cuDNN,643.6,632.8,20.437,0.9924,ok,,false,true,0,0,0.01,0.01,ok,,33030144,3542771302,0.0093,dense_matmul,1.0,0.9924,false,-0.0076
matmul,qwen25-attn,Triton-Tutorial,581.5,578.6,22.621,1.0984,ok,,false,false,0.25,0.00883404,0.01,0.01,mismatch,,33030144,3542771302,0.0093,dense_matmul,1.0,1.0984,true,0.0984
matmul,qwen25-attn,PyTorch-eager,638.7,640.0,20.592,1.0000,ok,,false,true,0,0,0.01,0.01,ok,,33030144,3542771302,0.0093,dense_matmul,1.0,1.0000,true,0.0000
matmul,qwen25-attn,torch.compile,838.0,829.4,15.696,0.7622,ok,,false,true,0,0,0.01,0.01,ok,,33030144,3542771302,0.0093,dense_matmul,1.0,0.7622,false,-0.2378
matmul,qwen25-attn,Arke,664.8,643.1,19.786,0.9607,ok,,false,true,0,0,0.01,0.01,ok,,33030144,3542771302,0.0093,dense_matmul,1.0,0.9607,false,-0.0393
matmul,qwen25-attn,FlagGems,600.3,588.9,21.912,1.0640,ok,,false,true,0,0,0.01,0.01,ok,,33030144,3542771302,0.0093,dense_matmul,1.0,1.0640,true,0.0640
matmul,qwen25-ffn-up,cuBLAS/cuDNN,3708.1,3620.9,18.749,0.9982,ok,,false,true,0,0,0.01,0.01,ok,,158859264,3542771302,0.0448,dense_matmul,1.0,0.9982,false,-0.0018
matmul,qwen25-ffn-up,Triton-Tutorial,3109.8,2883.6,22.356,1.1903,ok,,false,true,0,0,0.01,0.01,ok,,158859264,3542771302,0.0448,dense_matmul,1.0,1.1903,true,0.1903
matmul,qwen25-ffn-up,PyTorch-eager,3701.5,3619.8,18.783,1.0000,ok,,false,true,0,0,0.01,0.01,ok,,158859264,3542771302,0.0448,dense_matmul,1.0,1.0000,true,0.0000
matmul,qwen25-ffn-up,torch.compile,4671.0,4528.1,14.884,0.7924,ok,,false,true,0,0,0.01,0.01,ok,,158859264,3542771302,0.0448,dense_matmul,1.0,0.7924,false,-0.2076
matmul,qwen25-ffn-up,Arke,3708.4,3590.1,18.748,0.9981,ok,,false,true,0,0,0.01,0.01,ok,,158859264,3542771302,0.0448,dense_matmul,1.0,0.9981,false,-0.0019
matmul,qwen25-ffn-up,FlagGems,3079.8,2977.5,22.575,1.2019,ok,,false,true,0,0,0.01,0.01,ok,,158859264,3542771302,0.0448,dense_matmul,1.0,1.2019,true,0.2019
matmul,qwen25-lmhead,cuBLAS/cuDNN,29500.2,29095.9,18.902,1.0010,ok,,false,,,,0.01,0.01,error,"!handles_.at(i) INTERNAL ASSERT FAILED at ""/pytorch/c10/cuda/CUDACachingAllocator.cpp"":400, please report a bug to PyTorch. ",1248329728,3542771302,0.3524,dense_matmul,1.0,1.0010,true,0.0010
matmul,qwen25-lmhead,Triton-Tutorial,24293.0,24003.6,22.953,1.2156,ok,,false,,,,0.01,0.01,error,"!handles_.at(i) INTERNAL ASSERT FAILED at ""/pytorch/c10/cuda/CUDACachingAllocator.cpp"":400, please report a bug to PyTorch. ",1248329728,3542771302,0.3524,dense_matmul,1.0,1.2156,true,0.2156
matmul,qwen25-lmhead,PyTorch-eager,29530.7,29142.0,18.882,1.0000,ok,,false,,,,0.01,0.01,error,"!handles_.at(i) INTERNAL ASSERT FAILED at ""/pytorch/c10/cuda/CUDACachingAllocator.cpp"":400, please report a bug to PyTorch. ",1248329728,3542771302,0.3524,dense_matmul,1.0,1.0000,true,0.0000
matmul,qwen25-lmhead,torch.compile,37050.2,36454.3,15.050,0.7970,ok,,false,,,,0.01,0.01,error,"!handles_.at(i) INTERNAL ASSERT FAILED at ""/pytorch/c10/cuda/CUDACachingAllocator.cpp"":400, please report a bug to PyTorch. ",1248329728,3542771302,0.3524,dense_matmul,1.0,0.7970,false,-0.2030
matmul,qwen25-lmhead,Arke,29516.0,28342.1,18.892,1.0005,ok,,false,,,,0.01,0.01,error,"!handles_.at(i) INTERNAL ASSERT FAILED at ""/pytorch/c10/cuda/CUDACachingAllocator.cpp"":400, please report a bug to PyTorch. ",1248329728,3542771302,0.3524,dense_matmul,1.0,1.0005,true,0.0005
matmul,qwen25-lmhead,FlagGems,24781.4,24474.6,22.501,1.1916,ok,,false,,,,0.01,0.01,error,"!handles_.at(i) INTERNAL ASSERT FAILED at ""/pytorch/c10/cuda/CUDACachingAllocator.cpp"":400, please report a bug to PyTorch. ",1248329728,3542771302,0.3524,dense_matmul,1.0,1.1916,true,0.1916
matmul,ds-v2-long-8k,cuBLAS/cuDNN,18611.6,18398.2,23.077,0.9998,ok,,false,true,0,0,0.01,0.01,ok,,220200960,3542771302,0.0622,dense_matmul,1.0,0.9998,false,-0.0002
matmul,ds-v2-long-8k,Triton-Tutorial,18508.1,18253.8,23.206,1.0054,ok,,false,true,0,0,0.01,0.01,ok,,220200960,3542771302,0.0622,dense_matmul,1.0,1.0054,true,0.0054
matmul,ds-v2-long-8k,PyTorch-eager,18608.0,17951.7,23.081,1.0000,ok,,false,true,0,0,0.01,0.01,ok,,220200960,3542771302,0.0622,dense_matmul,1.0,1.0000,true,0.0000
matmul,ds-v2-long-8k,torch.compile,19766.2,19238.9,21.729,0.9414,ok,,false,true,0,0,0.01,0.01,ok,,220200960,3542771302,0.0622,dense_matmul,1.0,0.9414,false,-0.0586
matmul,ds-v2-long-8k,Arke,18588.8,18260.0,23.105,1.0010,ok,,false,true,0,0,0.01,0.01,ok,,220200960,3542771302,0.0622,dense_matmul,1.0,1.0010,true,0.0010
matmul,ds-v2-long-8k,FlagGems,18850.3,18484.2,22.785,0.9871,ok,,false,true,0,0,0.01,0.01,ok,,220200960,3542771302,0.0622,dense_matmul,1.0,0.9871,false,-0.0129
matmul,ds-v3-long-32k,cuBLAS/cuDNN,145887.2,142596.1,23.081,0.9979,ok,,false,,,,0.01,0.01,error,"!handles_.at(i) INTERNAL ASSERT FAILED at ""/pytorch/c10/cuda/CUDACachingAllocator.cpp"":400, please report a bug to PyTorch. ",1042284544,3542771302,0.2942,dense_matmul,1.0,0.9979,false,-0.0021
matmul,ds-v3-long-32k,Triton-Tutorial,150361.6,147183.5,22.394,0.9683,ok,,false,,,,0.01,0.01,error,"!handles_.at(i) INTERNAL ASSERT FAILED at ""/pytorch/c10/cuda/CUDACachingAllocator.cpp"":400, please report a bug to PyTorch. ",1042284544,3542771302,0.2942,dense_matmul,1.0,0.9683,false,-0.0317
matmul,ds-v3-long-32k,PyTorch-eager,145588.1,143098.9,23.129,1.0000,ok,,false,,,,0.01,0.01,error,"!handles_.at(i) INTERNAL ASSERT FAILED at ""/pytorch/c10/cuda/CUDACachingAllocator.cpp"":400, please report a bug to PyTorch. ",1042284544,3542771302,0.2942,dense_matmul,1.0,1.0000,true,0.0000
matmul,ds-v3-long-32k,torch.compile,149732.7,146471.8,22.488,0.9723,ok,,false,,,,0.01,0.01,error,"!handles_.at(i) INTERNAL ASSERT FAILED at ""/pytorch/c10/cuda/CUDACachingAllocator.cpp"":400, please report a bug to PyTorch. ",1042284544,3542771302,0.2942,dense_matmul,1.0,0.9723,false,-0.0277
matmul,ds-v3-long-32k,Arke,145960.7,141948.9,23.070,0.9974,ok,,false,,,,0.01,0.01,error,"!handles_.at(i) INTERNAL ASSERT FAILED at ""/pytorch/c10/cuda/CUDACachingAllocator.cpp"":400, please report a bug to PyTorch. ",1042284544,3542771302,0.2942,dense_matmul,1.0,0.9974,false,-0.0026
matmul,ds-v3-long-32k,FlagGems,155733.6,150066.2,21.622,0.9349,ok,,false,,,,0.01,0.01,error,"!handles_.at(i) INTERNAL ASSERT FAILED at ""/pytorch/c10/cuda/CUDACachingAllocator.cpp"":400, please report a bug to PyTorch. ",1042284544,3542771302,0.2942,dense_matmul,1.0,0.9349,false,-0.0651
mul,micro-tiny,cuBLAS/cuDNN,80.3,27.6,,1.0934,ok,,false,true,0,0,0.001,0.001,ok,,,,,,1.0,1.0934,true,0.0934
mul,micro-tiny,PyTorch-eager,87.8,78.9,,1.0000,ok,,false,true,0,0,0.001,0.001,ok,,,,,,1.0,1.0000,true,0.0000
mul,micro-tiny,Arke,79.8,105.5,,1.1003,ok,,false,true,0,0,0.001,0.001,ok,,,,,,1.0,1.1003,true,0.1003
mul,micro-tiny,FlagGems,80.5,65.5,,1.0907,ok,,false,true,0,0,0.001,0.001,ok,,,,,,1.0,1.0907,true,0.0907
mul,micro-small,cuBLAS/cuDNN,95.7,98.4,,1.1923,ok,,false,true,0,0,0.001,0.001,ok,,,,,,1.0,1.1923,true,0.1923
mul,micro-small,PyTorch-eager,114.1,98.3,,1.0000,ok,,false,true,0,0,0.001,0.001,ok,,,,,,1.0,1.0000,true,0.0000
mul,micro-small,Arke,91.9,32.0,,1.2416,ok,,false,true,0,0,0.001,0.001,ok,,,,,,1.0,1.2416,true,0.2416
mul,micro-small,FlagGems,82.7,54.3,,1.3797,ok,,false,true,0,0,0.001,0.001,ok,,,,,,1.0,1.3797,true,0.3797
mul,gpt2-hidden,cuBLAS/cuDNN,119.2,100.4,,0.8809,ok,,false,true,0,0,0.001,0.001,ok,,,,,,1.0,0.8809,false,-0.1191
mul,gpt2-hidden,PyTorch-eager,105.0,72.0,,1.0000,ok,,false,true,0,0,0.001,0.001,ok,,,,,,1.0,1.0000,true,0.0000
mul,gpt2-hidden,Arke,102.4,109.6,,1.0254,ok,,false,true,0,0,0.001,0.001,ok,,,,,,1.0,1.0254,true,0.0254
mul,gpt2-hidden,FlagGems,84.4,102.7,,1.2441,ok,,false,true,0,0,0.001,0.001,ok,,,,,,1.0,1.2441,true,0.2441
mul,gpt2-ffn,cuBLAS/cuDNN,95.5,103.4,,1.0869,ok,,false,true,0,0,0.001,0.001,ok,,,,,,1.0,1.0869,true,0.0869
mul,gpt2-ffn,PyTorch-eager,103.8,78.8,,1.0000,ok,,false,true,0,0,0.001,0.001,ok,,,,,,1.0,1.0000,true,0.0000
mul,gpt2-ffn,Arke,109.1,80.9,,0.9514,ok,,false,true,0,0,0.001,0.001,ok,,,,,,1.0,0.9514,false,-0.0486
mul,gpt2-ffn,FlagGems,80.1,100.4,,1.2959,ok,,false,true,0,0,0.001,0.001,ok,,,,,,1.0,1.2959,true,0.2959
mul,square-1k,cuBLAS/cuDNN,84.9,100.3,,0.9847,ok,,false,true,0,0,0.001,0.001,ok,,,,,,1.0,0.9847,false,-0.0153
mul,square-1k,PyTorch-eager,83.6,94.9,,1.0000,ok,,false,true,0,0,0.001,0.001,ok,,,,,,1.0,1.0000,true,0.0000
mul,square-1k,Arke,80.9,100.0,,1.0334,ok,,false,true,0,0,0.001,0.001,ok,,,,,,1.0,1.0334,true,0.0334
mul,square-1k,FlagGems,81.3,99.4,,1.0283,ok,,false,true,0,0,0.001,0.001,ok,,,,,,1.0,1.0283,true,0.0283
mul,llama-ffn,cuBLAS/cuDNN,111.3,183.3,,0.9982,ok,,false,true,0,0,0.001,0.001,ok,,,,,,1.0,0.9982,false,-0.0018
mul,llama-ffn,PyTorch-eager,111.1,186.3,,1.0000,ok,,false,true,0,0,0.001,0.001,ok,,,,,,1.0,1.0000,true,0.0000
mul,llama-ffn,Arke,111.3,113.7,,0.9982,ok,,false,true,0,0,0.001,0.001,ok,,,,,,1.0,0.9982,false,-0.0018
mul,llama-ffn,FlagGems,111.8,186.3,,0.9937,ok,,false,true,0,0,0.001,0.001,ok,,,,,,1.0,0.9937,false,-0.0063
mul,llama-hidden,cuBLAS/cuDNN,101.7,113.7,,0.8486,ok,,false,true,0,0,0.001,0.001,ok,,,,,,1.0,0.8486,false,-0.1514
mul,llama-hidden,PyTorch-eager,86.3,110.8,,1.0000,ok,,false,true,0,0,0.001,0.001,ok,,,,,,1.0,1.0000,true,0.0000
mul,llama-hidden,Arke,86.2,121.9,,1.0012,ok,,false,true,0,0,0.001,0.001,ok,,,,,,1.0,1.0012,true,0.0012
mul,llama-hidden,FlagGems,80.6,107.5,,1.0707,ok,,false,true,0,0,0.001,0.001,ok,,,,,,1.0,1.0707,true,0.0707
mul,llama-long,cuBLAS/cuDNN,321.6,322.6,,1.0016,ok,,false,true,0,0,0.001,0.001,ok,,,,,,1.0,1.0016,true,0.0016
mul,llama-long,PyTorch-eager,322.1,322.5,,1.0000,ok,,false,true,0,0,0.001,0.001,ok,,,,,,1.0,1.0000,true,0.0000
mul,llama-long,Arke,321.9,323.6,,1.0006,ok,,false,true,0,0,0.001,0.001,ok,,,,,,1.0,1.0006,true,0.0006
mul,llama-long,FlagGems,321.5,322.6,,1.0019,ok,,false,true,0,0,0.001,0.001,ok,,,,,,1.0,1.0019,true,0.0019
mul,ds-ffn,cuBLAS/cuDNN,124.1,164.9,,0.9976,ok,,false,true,0,0,0.001,0.001,ok,,,,,,1.0,0.9976,false,-0.0024
mul,ds-ffn,PyTorch-eager,123.8,150.5,,1.0000,ok,,false,true,0,0,0.001,0.001,ok,,,,,,1.0,1.0000,true,0.0000
mul,ds-ffn,Arke,123.6,142.3,,1.0016,ok,,false,true,0,0,0.001,0.001,ok,,,,,,1.0,1.0016,true,0.0016
mul,ds-ffn,FlagGems,123.9,159.7,,0.9992,ok,,false,true,0,0,0.001,0.001,ok,,,,,,1.0,0.9992,false,-0.0008
mul,ds-ffn-large,cuBLAS/cuDNN,183.3,184.3,,1.0027,ok,,false,true,0,0,0.001,0.001,ok,,,,,,1.0,1.0027,true,0.0027
mul,ds-ffn-large,PyTorch-eager,183.8,215.0,,1.0000,ok,,false,true,0,0,0.001,0.001,ok,,,,,,1.0,1.0000,true,0.0000
mul,ds-ffn-large,Arke,183.4,185.3,,1.0022,ok,,false,true,0,0,0.001,0.001,ok,,,,,,1.0,1.0022,true,0.0022
mul,ds-ffn-large,FlagGems,182.9,221.2,,1.0049,ok,,false,true,0,0,0.001,0.001,ok,,,,,,1.0,1.0049,true,0.0049
mul,qwen-ffn,cuBLAS/cuDNN,188.0,192.4,,1.0027,ok,,false,true,0,0,0.001,0.001,ok,,,,,,1.0,1.0027,true,0.0027
mul,qwen-ffn,PyTorch-eager,188.5,193.5,,1.0000,ok,,false,true,0,0,0.001,0.001,ok,,,,,,1.0,1.0000,true,0.0000
mul,qwen-ffn,Arke,188.8,190.5,,0.9984,ok,,false,true,0,0,0.001,0.001,ok,,,,,,1.0,0.9984,false,-0.0016
mul,qwen-ffn,FlagGems,188.4,218.1,,1.0005,ok,,false,true,0,0,0.001,0.001,ok,,,,,,1.0,1.0005,true,0.0005
mul,xlarge,cuBLAS/cuDNN,638.4,638.0,,0.9983,ok,,false,true,0,0,0.001,0.001,ok,,,,,,1.0,0.9983,false,-0.0017
mul,xlarge,PyTorch-eager,637.3,638.0,,1.0000,ok,,false,true,0,0,0.001,0.001,ok,,,,,,1.0,1.0000,true,0.0000
mul,xlarge,Arke,637.3,637.7,,1.0000,ok,,false,true,0,0,0.001,0.001,ok,,,,,,1.0,1.0000,true,0.0000
mul,xlarge,FlagGems,639.4,639.0,,0.9967,ok,,false,true,0,0,0.001,0.001,ok,,,,,,1.0,0.9967,false,-0.0033
mul,non-align-1,cuBLAS/cuDNN,76.5,97.2,,1.0680,ok,,false,true,0,0,0.001,0.001,ok,,,,,,1.0,1.0680,true,0.0680
mul,non-align-1,PyTorch-eager,81.7,76.8,,1.0000,ok,,false,true,0,0,0.001,0.001,ok,,,,,,1.0,1.0000,true,0.0000
mul,non-align-1,Arke,84.8,58.4,,0.9634,ok,,false,true,0,0,0.001,0.001,ok,,,,,,1.0,0.9634,false,-0.0366
mul,non-align-1,FlagGems,81.2,87.0,,1.0062,ok,,false,true,0,0,0.001,0.001,ok,,,,,,1.0,1.0062,true,0.0062
mul,non-align-2,cuBLAS/cuDNN,80.5,103.3,,1.0087,ok,,false,true,0,0,0.001,0.001,ok,,,,,,1.0,1.0087,true,0.0087
mul,non-align-2,PyTorch-eager,81.2,135.0,,1.0000,ok,,false,true,0,0,0.001,0.001,ok,,,,,,1.0,1.0000,true,0.0000
mul,non-align-2,Arke,81.8,110.6,,0.9927,ok,,false,true,0,0,0.001,0.001,ok,,,,,,1.0,0.9927,false,-0.0073
mul,non-align-2,FlagGems,79.2,132.1,,1.0253,ok,,false,true,0,0,0.001,0.001,ok,,,,,,1.0,1.0253,true,0.0253
mul,non-align-3,cuBLAS/cuDNN,161.7,228.4,,1.0000,ok,,false,true,0,0,0.001,0.001,ok,,,,,,1.0,1.0000,true,0.0000
mul,non-align-3,PyTorch-eager,161.7,165.9,,1.0000,ok,,false,true,0,0,0.001,0.001,ok,,,,,,1.0,1.0000,true,0.0000
mul,non-align-3,Arke,162.0,204.8,,0.9981,ok,,false,true,0,0,0.001,0.001,ok,,,,,,1.0,0.9981,false,-0.0019
mul,non-align-3,FlagGems,162.1,172.0,,0.9975,ok,,false,true,0,0,0.001,0.001,ok,,,,,,1.0,0.9975,false,-0.0025
mul,non-align-4,cuBLAS/cuDNN,78.7,117.8,,1.0267,ok,,false,true,0,0,0.001,0.001,ok,,,,,,1.0,1.0267,true,0.0267
mul,non-align-4,PyTorch-eager,80.8,145.4,,1.0000,ok,,false,true,0,0,0.001,0.001,ok,,,,,,1.0,1.0000,true,0.0000
mul,non-align-4,Arke,85.0,153.6,,0.9506,ok,,false,true,0,0,0.001,0.001,ok,,,,,,1.0,0.9506,false,-0.0494
mul,non-align-4,FlagGems,85.3,147.5,,0.9472,ok,,false,true,0,0,0.001,0.001,ok,,,,,,1.0,0.9472,false,-0.0528
mul,non-align-5,cuBLAS/cuDNN,81.2,53.1,,0.9951,ok,,false,true,0,0,0.001,0.001,ok,,,,,,1.0,0.9951,false,-0.0049
mul,non-align-5,PyTorch-eager,80.8,93.2,,1.0000,ok,,false,true,0,0,0.001,0.001,ok,,,,,,1.0,1.0000,true,0.0000
mul,non-align-5,Arke,82.6,97.3,,0.9782,ok,,false,true,0,0,0.001,0.001,ok,,,,,,1.0,0.9782,false,-0.0218
mul,non-align-5,FlagGems,82.7,91.3,,0.9770,ok,,false,true,0,0,0.001,0.001,ok,,,,,,1.0,0.9770,false,-0.0230
mul,extreme-flat,cuBLAS/cuDNN,79.2,79.0,,1.0164,ok,,false,true,0,0,0.001,0.001,ok,,,,,,1.0,1.0164,true,0.0164
mul,extreme-flat,PyTorch-eager,80.5,98.3,,1.0000,ok,,false,true,0,0,0.001,0.001,ok,,,,,,1.0,1.0000,true,0.0000
mul,extreme-flat,Arke,84.4,86.0,,0.9538,ok,,false,true,0,0,0.001,0.001,ok,,,,,,1.0,0.9538,false,-0.0462
mul,extreme-flat,FlagGems,78.9,97.3,,1.0203,ok,,false,true,0,0,0.001,0.001,ok,,,,,,1.0,1.0203,true,0.0203
mul,extreme-tall,cuBLAS/cuDNN,80.6,76.1,,1.0149,ok,,false,true,0,0,0.001,0.001,ok,,,,,,1.0,1.0149,true,0.0149
mul,extreme-tall,PyTorch-eager,81.8,103.4,,1.0000,ok,,false,true,0,0,0.001,0.001,ok,,,,,,1.0,1.0000,true,0.0000
mul,extreme-tall,Arke,84.1,104.4,,0.9727,ok,,false,true,0,0,0.001,0.001,ok,,,,,,1.0,0.9727,false,-0.0273
mul,extreme-tall,FlagGems,77.6,31.7,,1.0541,ok,,false,true,0,0,0.001,0.001,ok,,,,,,1.0,1.0541,true,0.0541
mul,extreme-wide,cuBLAS/cuDNN,94.1,88.1,,0.8948,ok,,false,true,0,0,0.001,0.001,ok,,,,,,1.0,0.8948,false,-0.1052
mul,extreme-wide,PyTorch-eager,84.2,153.6,,1.0000,ok,,false,true,0,0,0.001,0.001,ok,,,,,,1.0,1.0000,true,0.0000
mul,extreme-wide,Arke,90.2,159.6,,0.9335,ok,,false,true,0,0,0.001,0.001,ok,,,,,,1.0,0.9335,false,-0.0665
mul,extreme-wide,FlagGems,84.5,91.1,,0.9964,ok,,false,true,0,0,0.001,0.001,ok,,,,,,1.0,0.9964,false,-0.0036
multi_latent_attention,ds-v2-mla-512,PyTorch-eager,8293.9,8182.8,,1.0000,ok,,false,,,,0.001,0.001,golden_unavailable_pending_baseline,golden_runner='PyTorch-eager' returned None; used PyTorch-eager reference fallback,134217728,3542771302,0.0379,attention,1.0,1.0000,true,0.0000
multi_latent_attention,ds-v2-mla-2k,PyTorch-eager,inf,inf,,,error,"!handles_.at(i) INTERNAL ASSERT FAILED at ""/pytorch/c10/cuda/CUDACachingAllocator.cpp"":400, please report a bug to PyTorch. ",false,,,,,,error,"!handles_.at(i) INTERNAL ASSERT FAILED at ""/pytorch/c10/cuda/CUDACachingAllocator.cpp"":400, please report a bug to PyTorch. ",1342177280,3542771302,0.3788,attention,1.0,N/A,false,N/A
multi_latent_attention,ds-v2-mla-4k,PyTorch-eager,inf,inf,,,skipped,memory preflight: estimated attention footprint 4831838208 bytes > budget 3542771302 bytes,true,,,,,,skipped,memory preflight: estimated attention footprint 4831838208 bytes > budget 3542771302 bytes,4831838208,3542771302,1.3639,attention,1.0,N/A,false,N/A
multi_latent_attention,ds-v2-mla-4k,Arke,inf,inf,,,skipped,memory preflight: estimated attention footprint 4831838208 bytes > budget 3542771302 bytes,true,,,,,,skipped,memory preflight: estimated attention footprint 4831838208 bytes > budget 3542771302 bytes,4831838208,3542771302,1.3639,attention,1.0,N/A,false,N/A
multi_latent_attention,ds-v2-mla-8k,PyTorch-eager,inf,inf,,,skipped,memory preflight: estimated attention footprint 18253611008 bytes > budget 3542771302 bytes,true,,,,,,skipped,memory preflight: estimated attention footprint 18253611008 bytes > budget 3542771302 bytes,18253611008,3542771302,5.1524,attention,1.0,N/A,false,N/A
multi_latent_attention,ds-v2-mla-8k,Arke,inf,inf,,,skipped,memory preflight: estimated attention footprint 18253611008 bytes > budget 3542771302 bytes,true,,,,,,skipped,memory preflight: estimated attention footprint 18253611008 bytes > budget 3542771302 bytes,18253611008,3542771302,5.1524,attention,1.0,N/A,false,N/A
multi_latent_attention,ds-v3-mla-512,PyTorch-eager,8293.3,8140.8,,1.0000,ok,,false,,,,0.001,0.001,golden_unavailable_pending_baseline,golden_runner='PyTorch-eager' returned None; used PyTorch-eager reference fallback,134217728,3542771302,0.0379,attention,1.0,1.0000,true,0.0000
multi_latent_attention,ds-v3-mla-2k,PyTorch-eager,inf,inf,,,error,"!handles_.at(i) INTERNAL ASSERT FAILED at ""/pytorch/c10/cuda/CUDACachingAllocator.cpp"":400, please report a bug to PyTorch. ",false,,,,,,error,"!handles_.at(i) INTERNAL ASSERT FAILED at ""/pytorch/c10/cuda/CUDACachingAllocator.cpp"":400, please report a bug to PyTorch. ",1342177280,3542771302,0.3788,attention,1.0,N/A,false,N/A
multi_latent_attention,ds-v3-mla-4k,PyTorch-eager,inf,inf,,,skipped,memory preflight: estimated attention footprint 4831838208 bytes > budget 3542771302 bytes,true,,,,,,skipped,memory preflight: estimated attention footprint 4831838208 bytes > budget 3542771302 bytes,4831838208,3542771302,1.3639,attention,1.0,N/A,false,N/A
multi_latent_attention,ds-v3-mla-4k,Arke,inf,inf,,,skipped,memory preflight: estimated attention footprint 4831838208 bytes > budget 3542771302 bytes,true,,,,,,skipped,memory preflight: estimated attention footprint 4831838208 bytes > budget 3542771302 bytes,4831838208,3542771302,1.3639,attention,1.0,N/A,false,N/A
multi_latent_attention,ds-v3-mla-8k,PyTorch-eager,inf,inf,,,skipped,memory preflight: estimated attention footprint 18253611008 bytes > budget 3542771302 bytes,true,,,,,,skipped,memory preflight: estimated attention footprint 18253611008 bytes > budget 3542771302 bytes,18253611008,3542771302,5.1524,attention,1.0,N/A,false,N/A
multi_latent_attention,ds-v3-mla-8k,Arke,inf,inf,,,skipped,memory preflight: estimated attention footprint 18253611008 bytes > budget 3542771302 bytes,true,,,,,,skipped,memory preflight: estimated attention footprint 18253611008 bytes > budget 3542771302 bytes,18253611008,3542771302,5.1524,attention,1.0,N/A,false,N/A
neg,micro-tiny,cuBLAS/cuDNN,94.0,69.6,,0.8160,ok,,false,true,0,0,0.001,0.001,ok,,,,,,1.0,0.8160,false,-0.1840
neg,micro-tiny,PyTorch-eager,76.7,7.9,,1.0000,ok,,false,true,0,0,0.001,0.001,ok,,,,,,1.0,1.0000,true,0.0000
neg,micro-tiny,Arke,72.5,63.6,,1.0579,ok,,false,true,0,0,0.001,0.001,ok,,,,,,1.0,1.0579,true,0.0579
neg,micro-tiny,FlagGems,84.6,6.1,,0.9066,ok,,false,true,0,0,0.001,0.001,ok,,,,,,1.0,0.9066,false,-0.0934
neg,micro-small,cuBLAS/cuDNN,92.8,90.2,,0.9644,ok,,false,true,0,0,0.001,0.001,ok,,,,,,1.0,0.9644,false,-0.0356
neg,micro-small,PyTorch-eager,89.5,97.3,,1.0000,ok,,false,true,0,0,0.001,0.001,ok,,,,,,1.0,1.0000,true,0.0000
neg,micro-small,Arke,81.2,86.0,,1.1022,ok,,false,true,0,0,0.001,0.001,ok,,,,,,1.0,1.1022,true,0.1022
neg,micro-small,FlagGems,73.5,89.1,,1.2177,ok,,false,true,0,0,0.001,0.001,ok,,,,,,1.0,1.2177,true,0.2177
neg,gpt2-hidden,cuBLAS/cuDNN,67.3,90.1,,1.3001,ok,,false,true,0,0,0.001,0.001,ok,,,,,,1.0,1.3001,true,0.3001
neg,gpt2-hidden,PyTorch-eager,87.5,85.0,,1.0000,ok,,false,true,0,0,0.001,0.001,ok,,,,,,1.0,1.0000,true,0.0000
neg,gpt2-hidden,Arke,69.0,72.7,,1.2681,ok,,false,true,0,0,0.001,0.001,ok,,,,,,1.0,1.2681,true,0.2681
neg,gpt2-hidden,FlagGems,76.3,78.0,,1.1468,ok,,false,true,0,0,0.001,0.001,ok,,,,,,1.0,1.1468,true,0.1468
neg,gpt2-ffn,cuBLAS/cuDNN,68.0,90.1,,1.1632,ok,,false,true,0,0,0.001,0.001,ok,,,,,,1.0,1.1632,true,0.1632
neg,gpt2-ffn,PyTorch-eager,79.1,91.2,,1.0000,ok,,false,true,0,0,0.001,0.001,ok,,,,,,1.0,1.0000,true,0.0000
neg,gpt2-ffn,Arke,76.1,84.0,,1.0394,ok,,false,true,0,0,0.001,0.001,ok,,,,,,1.0,1.0394,true,0.0394
neg,gpt2-ffn,FlagGems,73.9,86.3,,1.0704,ok,,false,true,0,0,0.001,0.001,ok,,,,,,1.0,1.0704,true,0.0704
neg,square-1k,cuBLAS/cuDNN,71.1,87.0,,1.0169,ok,,false,true,0,0,0.001,0.001,ok,,,,,,1.0,1.0169,true,0.0169
neg,square-1k,PyTorch-eager,72.3,91.1,,1.0000,ok,,false,true,0,0,0.001,0.001,ok,,,,,,1.0,1.0000,true,0.0000
neg,square-1k,Arke,72.5,95.2,,0.9972,ok,,false,true,0,0,0.001,0.001,ok,,,,,,1.0,0.9972,false,-0.0028
neg,square-1k,FlagGems,78.0,89.9,,0.9269,ok,,false,true,0,0,0.001,0.001,ok,,,,,,1.0,0.9269,false,-0.0731
neg,llama-ffn,cuBLAS/cuDNN,77.4,121.9,,1.4935,ok,,false,true,0,0,0.001,0.001,ok,,,,,,1.0,1.4935,true,0.4935
neg,llama-ffn,PyTorch-eager,115.6,108.3,,1.0000,ok,,false,true,0,0,0.001,0.001,ok,,,,,,1.0,1.0000,true,0.0000
neg,llama-ffn,Arke,78.9,132.0,,1.4651,ok,,false,true,0,0,0.001,0.001,ok,,,,,,1.0,1.4651,true,0.4651
neg,llama-ffn,FlagGems,93.0,136.9,,1.2430,ok,,false,true,0,0,0.001,0.001,ok,,,,,,1.0,1.2430,true,0.2430
neg,llama-hidden,cuBLAS/cuDNN,66.9,35.8,,1.1256,ok,,false,true,0,0,0.001,0.001,ok,,,,,,1.0,1.1256,true,0.1256
neg,llama-hidden,PyTorch-eager,75.3,84.0,,1.0000,ok,,false,true,0,0,0.001,0.001,ok,,,,,,1.0,1.0000,true,0.0000
neg,llama-hidden,Arke,73.9,98.3,,1.0189,ok,,false,true,0,0,0.001,0.001,ok,,,,,,1.0,1.0189,true,0.0189
neg,llama-hidden,FlagGems,85.5,98.3,,0.8807,ok,,false,true,0,0,0.001,0.001,ok,,,,,,1.0,0.8807,false,-0.1193
neg,llama-long,cuBLAS/cuDNN,217.1,219.1,,0.9982,ok,,false,true,0,0,0.001,0.001,ok,,,,,,1.0,0.9982,false,-0.0018
neg,llama-long,PyTorch-eager,216.7,220.2,,1.0000,ok,,false,true,0,0,0.001,0.001,ok,,,,,,1.0,1.0000,true,0.0000
neg,llama-long,Arke,216.2,217.1,,1.0023,ok,,false,true,0,0,0.001,0.001,ok,,,,,,1.0,1.0023,true,0.0023
neg,llama-long,FlagGems,216.7,229.4,,1.0000,ok,,false,true,0,0,0.001,0.001,ok,,,,,,1.0,1.0000,true,0.0000
neg,ds-ffn,cuBLAS/cuDNN,89.5,111.6,,0.9397,ok,,false,true,0,0,0.001,0.001,ok,,,,,,1.0,0.9397,false,-0.0603
neg,ds-ffn,PyTorch-eager,84.1,103.4,,1.0000,ok,,false,true,0,0,0.001,0.001,ok,,,,,,1.0,1.0000,true,0.0000
neg,ds-ffn,Arke,88.9,120.8,,0.9460,ok,,false,true,0,0,0.001,0.001,ok,,,,,,1.0,0.9460,false,-0.0540
neg,ds-ffn,FlagGems,90.2,110.6,,0.9324,ok,,false,true,0,0,0.001,0.001,ok,,,,,,1.0,0.9324,false,-0.0676
neg,ds-ffn-large,cuBLAS/cuDNN,123.8,129.0,,1.0048,ok,,false,true,0,0,0.001,0.001,ok,,,,,,1.0,1.0048,true,0.0048
neg,ds-ffn-large,PyTorch-eager,124.4,179.1,,1.0000,ok,,false,true,0,0,0.001,0.001,ok,,,,,,1.0,1.0000,true,0.0000
neg,ds-ffn-large,Arke,123.9,133.0,,1.0040,ok,,false,true,0,0,0.001,0.001,ok,,,,,,1.0,1.0040,true,0.0040
neg,ds-ffn-large,FlagGems,124.0,159.7,,1.0032,ok,,false,true,0,0,0.001,0.001,ok,,,,,,1.0,1.0032,true,0.0032
neg,qwen-ffn,cuBLAS/cuDNN,127.4,131.1,,1.0031,ok,,false,true,0,0,0.001,0.001,ok,,,,,,1.0,1.0031,true,0.0031
neg,qwen-ffn,PyTorch-eager,127.8,192.5,,1.0000,ok,,false,true,0,0,0.001,0.001,ok,,,,,,1.0,1.0000,true,0.0000
neg,qwen-ffn,Arke,127.4,196.6,,1.0031,ok,,false,true,0,0,0.001,0.001,ok,,,,,,1.0,1.0031,true,0.0031
neg,qwen-ffn,FlagGems,127.3,131.1,,1.0039,ok,,false,true,0,0,0.001,0.001,ok,,,,,,1.0,1.0039,true,0.0039
neg,xlarge,cuBLAS/cuDNN,428.9,430.1,,1.0033,ok,,false,true,0,0,0.001,0.001,ok,,,,,,1.0,1.0033,true,0.0033
neg,xlarge,PyTorch-eager,430.3,430.1,,1.0000,ok,,false,true,0,0,0.001,0.001,ok,,,,,,1.0,1.0000,true,0.0000
neg,xlarge,Arke,429.3,431.1,,1.0023,ok,,false,true,0,0,0.001,0.001,ok,,,,,,1.0,1.0023,true,0.0023
neg,xlarge,FlagGems,428.4,429.1,,1.0044,ok,,false,true,0,0,0.001,0.001,ok,,,,,,1.0,1.0044,true,0.0044
neg,non-align-1,cuBLAS/cuDNN,75.4,33.8,,0.9668,ok,,false,true,0,0,0.001,0.001,ok,,,,,,1.0,0.9668,false,-0.0332
neg,non-align-1,PyTorch-eager,72.9,97.5,,1.0000,ok,,false,true,0,0,0.001,0.001,ok,,,,,,1.0,1.0000,true,0.0000
neg,non-align-1,Arke,79.5,88.1,,0.9170,ok,,false,true,0,0,0.001,0.001,ok,,,,,,1.0,0.9170,false,-0.0830
neg,non-align-1,FlagGems,69.6,81.1,,1.0474,ok,,false,true,0,0,0.001,0.001,ok,,,,,,1.0,1.0474,true,0.0474
neg,non-align-2,cuBLAS/cuDNN,88.8,113.5,,0.9077,ok,,false,true,0,0,0.001,0.001,ok,,,,,,1.0,0.9077,false,-0.0923
neg,non-align-2,PyTorch-eager,80.6,100.3,,1.0000,ok,,false,true,0,0,0.001,0.001,ok,,,,,,1.0,1.0000,true,0.0000
neg,non-align-2,Arke,81.2,110.6,,0.9926,ok,,false,true,0,0,0.001,0.001,ok,,,,,,1.0,0.9926,false,-0.0074
neg,non-align-2,FlagGems,73.1,37.9,,1.1026,ok,,false,true,0,0,0.001,0.001,ok,,,,,,1.0,1.1026,true,0.1026
neg,non-align-3,cuBLAS/cuDNN,110.4,110.6,,0.9982,ok,,false,true,0,0,0.001,0.001,ok,,,,,,1.0,0.9982,false,-0.0018
neg,non-align-3,PyTorch-eager,110.2,158.7,,1.0000,ok,,false,true,0,0,0.001,0.001,ok,,,,,,1.0,1.0000,true,0.0000
neg,non-align-3,Arke,110.4,166.9,,0.9982,ok,,false,true,0,0,0.001,0.001,ok,,,,,,1.0,0.9982,false,-0.0018
neg,non-align-3,FlagGems,110.0,178.2,,1.0018,ok,,false,true,0,0,0.001,0.001,ok,,,,,,1.0,1.0018,true,0.0018
neg,non-align-4,cuBLAS/cuDNN,83.4,117.7,,0.9772,ok,,false,true,0,0,0.001,0.001,ok,,,,,,1.0,0.9772,false,-0.0228
neg,non-align-4,PyTorch-eager,81.5,117.8,,1.0000,ok,,false,true,0,0,0.001,0.001,ok,,,,,,1.0,1.0000,true,0.0000
neg,non-align-4,Arke,81.2,97.0,,1.0037,ok,,false,true,0,0,0.001,0.001,ok,,,,,,1.0,1.0037,true,0.0037
neg,non-align-4,FlagGems,88.7,54.1,,0.9188,ok,,false,true,0,0,0.001,0.001,ok,,,,,,1.0,0.9188,false,-0.0812
neg,non-align-5,cuBLAS/cuDNN,70.2,87.8,,0.9544,ok,,false,true,0,0,0.001,0.001,ok,,,,,,1.0,0.9544,false,-0.0456
neg,non-align-5,PyTorch-eager,67.0,89.0,,1.0000,ok,,false,true,0,0,0.001,0.001,ok,,,,,,1.0,1.0000,true,0.0000
neg,non-align-5,Arke,86.6,94.2,,0.7737,ok,,false,true,0,0,0.001,0.001,ok,,,,,,1.0,0.7737,false,-0.2263
neg,non-align-5,FlagGems,82.1,86.0,,0.8161,ok,,false,true,0,0,0.001,0.001,ok,,,,,,1.0,0.8161,false,-0.1839
neg,extreme-flat,cuBLAS/cuDNN,77.3,78.8,,0.9508,ok,,false,true,0,0,0.001,0.001,ok,,,,,,1.0,0.9508,false,-0.0492
neg,extreme-flat,PyTorch-eager,73.5,92.2,,1.0000,ok,,false,true,0,0,0.001,0.001,ok,,,,,,1.0,1.0000,true,0.0000
neg,extreme-flat,Arke,76.7,97.4,,0.9583,ok,,false,true,0,0,0.001,0.001,ok,,,,,,1.0,0.9583,false,-0.0417
neg,extreme-flat,FlagGems,69.2,82.1,,1.0621,ok,,false,true,0,0,0.001,0.001,ok,,,,,,1.0,1.0621,true,0.0621
neg,extreme-tall,cuBLAS/cuDNN,79.3,88.1,,0.9004,ok,,false,true,0,0,0.001,0.001,ok,,,,,,1.0,0.9004,false,-0.0996
neg,extreme-tall,PyTorch-eager,71.4,75.8,,1.0000,ok,,false,true,0,0,0.001,0.001,ok,,,,,,1.0,1.0000,true,0.0000
neg,extreme-tall,Arke,79.0,79.6,,0.9038,ok,,false,true,0,0,0.001,0.001,ok,,,,,,1.0,0.9038,false,-0.0962
neg,extreme-tall,FlagGems,71.3,92.2,,1.0014,ok,,false,true,0,0,0.001,0.001,ok,,,,,,1.0,1.0014,true,0.0014
neg,extreme-wide,cuBLAS/cuDNN,74.5,72.5,,0.9866,ok,,false,true,0,0,0.001,0.001,ok,,,,,,1.0,0.9866,false,-0.0134
neg,extreme-wide,PyTorch-eager,73.5,72.7,,1.0000,ok,,false,true,0,0,0.001,0.001,ok,,,,,,1.0,1.0000,true,0.0000
neg,extreme-wide,Arke,74.9,115.7,,0.9813,ok,,false,true,0,0,0.001,0.001,ok,,,,,,1.0,0.9813,false,-0.0187
neg,extreme-wide,FlagGems,93.0,123.9,,0.7903,ok,,false,true,0,0,0.001,0.001,ok,,,,,,1.0,0.7903,false,-0.2097
paged_attention,tiny,PyTorch-eager,186.3,135.2,,1.0000,ok,,false,,,,0.001,0.001,golden_unavailable_pending_baseline,golden_runner='PyTorch-eager' returned None; used PyTorch-eager reference fallback,1048576,3542771302,0.0003,attention,1.0,1.0000,true,0.0000
paged_attention,llama2-ctx512,PyTorch-eager,239.3,245.8,,1.0000,ok,,false,,,,0.001,0.001,golden_unavailable_pending_baseline,golden_runner='PyTorch-eager' returned None; used PyTorch-eager reference fallback,33554432,3542771302,0.0095,attention,1.0,1.0000,true,0.0000
paged_attention,llama2-ctx2k,PyTorch-eager,838.9,834.3,,1.0000,ok,,false,,,,0.001,0.001,golden_unavailable_pending_baseline,golden_runner='PyTorch-eager' returned None; used PyTorch-eager reference fallback,335544320,3542771302,0.0947,attention,1.0,1.0000,true,0.0000
paged_attention,llama2-ctx4k,PyTorch-eager,1670.6,1627.0,,1.0000,ok,,false,,,,0.001,0.001,golden_unavailable_pending_baseline,golden_runner='PyTorch-eager' returned None; used PyTorch-eager reference fallback,1207959552,3542771302,0.3410,attention,1.0,1.0000,true,0.0000
paged_attention,llama3-ctx8k,PyTorch-eager,inf,inf,,,skipped,memory preflight: estimated attention footprint 4563402752 bytes > budget 3542771302 bytes,true,,,,,,skipped,memory preflight: estimated attention footprint 4563402752 bytes > budget 3542771302 bytes,4563402752,3542771302,1.2881,attention,1.0,N/A,false,N/A
paged_attention,llama3-ctx8k,Arke,inf,inf,,,skipped,memory preflight: estimated attention footprint 4563402752 bytes > budget 3542771302 bytes,true,,,,,,skipped,memory preflight: estimated attention footprint 4563402752 bytes > budget 3542771302 bytes,4563402752,3542771302,1.2881,attention,1.0,N/A,false,N/A
paged_attention,llama3-ctx8k-gqa,PyTorch-eager,851.3,846.8,,1.0000,ok,,false,,,,0.001,0.001,golden_unavailable_pending_baseline,golden_runner='PyTorch-eager' returned None; used PyTorch-eager reference fallback,1140850688,3542771302,0.3220,attention,1.0,1.0000,true,0.0000
paged_attention,qwen25-ctx32k,PyTorch-eager,inf,inf,,,skipped,memory preflight: estimated attention footprint 8724152320 bytes > budget 3542771302 bytes,true,,,,,,skipped,memory preflight: estimated attention footprint 8724152320 bytes > budget 3542771302 bytes,8724152320,3542771302,2.4625,attention,1.0,N/A,false,N/A
paged_attention,qwen25-ctx32k,Arke,inf,inf,,,skipped,memory preflight: estimated attention footprint 8724152320 bytes > budget 3542771302 bytes,true,,,,,,skipped,memory preflight: estimated attention footprint 8724152320 bytes > budget 3542771302 bytes,8724152320,3542771302,2.4625,attention,1.0,N/A,false,N/A
paged_attention,vllm-batch16,PyTorch-eager,inf,inf,,,skipped,memory preflight: estimated attention footprint 5368709120 bytes > budget 3542771302 bytes,true,,,,,,skipped,memory preflight: estimated attention footprint 5368709120 bytes > budget 3542771302 bytes,5368709120,3542771302,1.5154,attention,1.0,N/A,false,N/A
paged_attention,vllm-batch16,Arke,inf,inf,,,skipped,memory preflight: estimated attention footprint 5368709120 bytes > budget 3542771302 bytes,true,,,,,,skipped,memory preflight: estimated attention footprint 5368709120 bytes > budget 3542771302 bytes,5368709120,3542771302,1.5154,attention,1.0,N/A,false,N/A
paged_attention,vllm-batch32-ctx4k,PyTorch-eager,inf,inf,,,skipped,memory preflight: estimated attention footprint 38654705664 bytes > budget 3542771302 bytes,true,,,,,,skipped,memory preflight: estimated attention footprint 38654705664 bytes > budget 3542771302 bytes,38654705664,3542771302,10.9109,attention,1.0,N/A,false,N/A
paged_attention,vllm-batch32-ctx4k,Arke,inf,inf,,,skipped,memory preflight: estimated attention footprint 38654705664 bytes > budget 3542771302 bytes,true,,,,,,skipped,memory preflight: estimated attention footprint 38654705664 bytes > budget 3542771302 bytes,38654705664,3542771302,10.9109,attention,1.0,N/A,false,N/A
paged_attention,blksize32-ctx4k,PyTorch-eager,1674.6,1650.7,,1.0000,ok,,false,,,,0.001,0.001,golden_unavailable_pending_baseline,golden_runner='PyTorch-eager' returned None; used PyTorch-eager reference fallback,1207959552,3542771302,0.3410,attention,1.0,1.0000,true,0.0000
paged_attention,non-align-1,PyTorch-eager,241.4,202.8,,1.0000,ok,,false,,,,0.001,0.001,golden_unavailable_pending_baseline,golden_runner='PyTorch-eager' returned None; used PyTorch-eager reference fallback,10276864,3542771302,0.0029,attention,1.0,1.0000,true,0.0000
paged_attention,non-align-2,PyTorch-eager,635.0,630.8,,1.0000,ok,,false,,,,0.001,0.001,golden_unavailable_pending_baseline,golden_runner='PyTorch-eager' returned None; used PyTorch-eager reference fallback,141189120,3542771302,0.0399,attention,1.0,1.0000,true,0.0000
permute,small-3d,PyTorch-eager,1.0,2.4,,1.0000,ok,,false,true,0,0,0.001,0.001,ok,,,,,,1.0,1.0000,true,0.0000
permute,gpt2-bhsd,PyTorch-eager,0.9,3.2,,1.0000,ok,,false,true,0,0,0.001,0.001,ok,,,,,,1.0,1.0000,true,0.0000
permute,gpt2-bshd,PyTorch-eager,0.9,5.0,,1.0000,ok,,false,true,0,0,0.001,0.001,ok,,,,,,1.0,1.0000,true,0.0000
permute,llama-bhsd-512,PyTorch-eager,1.0,3.2,,1.0000,ok,,false,true,0,0,0.001,0.001,ok,,,,,,1.0,1.0000,true,0.0000
permute,llama-bhsd-2k,PyTorch-eager,1.2,13.0,,1.0000,ok,,false,true,0,0,0.001,0.001,ok,,,,,,1.0,1.0000,true,0.0000
permute,llama3-gqa-512,PyTorch-eager,1.0,11.8,,1.0000,ok,,false,true,0,0,0.001,0.001,ok,,,,,,1.0,1.0000,true,0.0000
permute,llama3-kv-512,PyTorch-eager,1.3,3.0,,1.0000,ok,,false,true,0,0,0.001,0.001,ok,,,,,,1.0,1.0000,true,0.0000
permute,qwen25-q,PyTorch-eager,1.0,6.5,,1.0000,ok,,false,true,0,0,0.001,0.001,ok,,,,,,1.0,1.0000,true,0.0000
permute,qwen25-kv,PyTorch-eager,1.1,3.2,,1.0000,ok,,false,true,0,0,0.001,0.001,ok,,,,,,1.0,1.0000,true,0.0000
permute,non-align-1,PyTorch-eager,1.0,2.9,,1.0000,ok,,false,true,0,0,0.001,0.001,ok,,,,,,1.0,1.0000,true,0.0000
permute,non-align-2,PyTorch-eager,1.0,3.0,,1.0000,ok,,false,true,0,0,0.001,0.001,ok,,,,,,1.0,1.0000,true,0.0000
permute,extreme-5d,PyTorch-eager,1.0,5.4,,1.0000,ok,,false,true,0,0,0.001,0.001,ok,,,,,,1.0,1.0000,true,0.0000
quantize_per_token,tiny-int8,PyTorch-eager,100.8,21.5,,1.0000,ok,,false,true,0,0,0.001,0.001,ok,golden_runner='FlagGems' returned None; used PyTorch-eager reference fallback,,,,,1.0,1.0000,true,0.0000
quantize_per_token,tiny-int8,Arke,632.7,558.1,,0.1593,ok,,false,true,0,0,0.001,0.001,ok,golden_runner='FlagGems' returned None; used PyTorch-eager reference fallback,,,,,1.0,0.1593,false,-0.8407
quantize_per_token,gpt2-int8,PyTorch-eager,585.2,429.0,,1.0000,ok,,false,true,0,0,0.001,0.001,ok,golden_runner='FlagGems' returned None; used PyTorch-eager reference fallback,,,,,1.0,1.0000,true,0.0000
quantize_per_token,gpt2-int8,Arke,621.1,547.7,,0.9422,ok,,false,true,0,0,0.001,0.001,ok,golden_runner='FlagGems' returned None; used PyTorch-eager reference fallback,,,,,1.0,0.9422,false,-0.0578
quantize_per_token,llama2-int8-512,PyTorch-eager,614.5,536.6,,1.0000,ok,,false,true,0,0,0.001,0.001,ok,golden_runner='FlagGems' returned None; used PyTorch-eager reference fallback,,,,,1.0,1.0000,true,0.0000
quantize_per_token,llama2-int8-512,Arke,634.6,550.9,,0.9683,ok,,false,true,0,0,0.001,0.001,ok,golden_runner='FlagGems' returned None; used PyTorch-eager reference fallback,,,,,1.0,0.9683,false,-0.0317
quantize_per_token,llama2-fp8-512,PyTorch-eager,627.7,504.5,,1.0000,ok,,false,true,0,0,0.001,0.001,ok,golden_runner='FlagGems' returned None; used PyTorch-eager reference fallback,,,,,1.0,1.0000,true,0.0000
quantize_per_token,llama2-fp8-512,Arke,593.3,551.9,,1.0580,ok,,false,true,0,0,0.001,0.001,ok,golden_runner='FlagGems' returned None; used PyTorch-eager reference fallback,,,,,1.0,1.0580,true,0.0580
quantize_per_token,llama3-int8-512,PyTorch-eager,602.0,540.7,,1.0000,ok,,false,true,0,0,0.001,0.001,ok,golden_runner='FlagGems' returned None; used PyTorch-eager reference fallback,,,,,1.0,1.0000,true,0.0000
quantize_per_token,llama3-int8-512,Arke,629.9,561.1,,0.9557,ok,,false,true,0,0,0.001,0.001,ok,golden_runner='FlagGems' returned None; used PyTorch-eager reference fallback,,,,,1.0,0.9557,false,-0.0443
quantize_per_token,ds-v2-int8,PyTorch-eager,616.5,533.5,,1.0000,ok,,false,true,0,0,0.001,0.001,ok,golden_runner='FlagGems' returned None; used PyTorch-eager reference fallback,,,,,1.0,1.0000,true,0.0000
quantize_per_token,ds-v2-int8,Arke,636.5,547.8,,0.9686,ok,,false,true,0,0,0.001,0.001,ok,golden_runner='FlagGems' returned None; used PyTorch-eager reference fallback,,,,,1.0,0.9686,false,-0.0314
quantize_per_token,ds-v3-int8,PyTorch-eager,599.6,544.8,,1.0000,ok,,false,true,0,0,0.001,0.001,ok,golden_runner='FlagGems' returned None; used PyTorch-eager reference fallback,,,,,1.0,1.0000,true,0.0000
quantize_per_token,ds-v3-int8,Arke,650.1,550.9,,0.9223,ok,,false,true,0,0,0.001,0.001,ok,golden_runner='FlagGems' returned None; used PyTorch-eager reference fallback,,,,,1.0,0.9223,false,-0.0777
quantize_per_token,qwen25-fp8,PyTorch-eager,629.8,514.0,,1.0000,ok,,false,true,0,0,0.001,0.001,ok,golden_runner='FlagGems' returned None; used PyTorch-eager reference fallback,,,,,1.0,1.0000,true,0.0000
quantize_per_token,qwen25-fp8,Arke,623.7,566.0,,1.0098,ok,,false,true,0,0,0.001,0.001,ok,golden_runner='FlagGems' returned None; used PyTorch-eager reference fallback,,,,,1.0,1.0098,true,0.0098
quantize_per_token,non-align-1,PyTorch-eager,607.3,558.1,,1.0000,ok,,false,true,0,0,0.001,0.001,ok,golden_runner='FlagGems' returned None; used PyTorch-eager reference fallback,,,,,1.0,1.0000,true,0.0000
quantize_per_token,non-align-1,Arke,596.3,563.2,,1.0184,ok,,false,true,0,0,0.001,0.001,ok,golden_runner='FlagGems' returned None; used PyTorch-eager reference fallback,,,,,1.0,1.0184,true,0.0184
quantize_per_token,non-align-2,PyTorch-eager,722.0,548.9,,1.0000,ok,,false,true,0,0,0.001,0.001,ok,golden_runner='FlagGems' returned None; used PyTorch-eager reference fallback,,,,,1.0,1.0000,true,0.0000
quantize_per_token,non-align-2,Arke,685.0,586.8,,1.0540,ok,,false,true,0,0,0.001,0.001,ok,golden_runner='FlagGems' returned None; used PyTorch-eager reference fallback,,,,,1.0,1.0540,true,0.0540
quantize_per_token,extreme-wide,PyTorch-eager,684.8,787.5,,1.0000,ok,,false,true,0,0,0.001,0.001,ok,golden_runner='FlagGems' returned None; used PyTorch-eager reference fallback,,,,,1.0,1.0000,true,0.0000
quantize_per_token,extreme-wide,Arke,682.3,819.2,,1.0037,ok,,false,true,0,0,0.001,0.001,ok,golden_runner='FlagGems' returned None; used PyTorch-eager reference fallback,,,,,1.0,1.0037,true,0.0037
quantize_per_token,extreme-long-batch,PyTorch-eager,2345.4,2251.8,,1.0000,ok,,false,true,0,0,0.001,0.001,ok,golden_runner='FlagGems' returned None; used PyTorch-eager reference fallback,,,,,1.0,1.0000,true,0.0000
quantize_per_token,extreme-long-batch,Arke,2248.0,2250.8,,1.0433,ok,,false,true,0,0,0.001,0.001,ok,golden_runner='FlagGems' returned None; used PyTorch-eager reference fallback,,,,,1.0,1.0433,true,0.0433
reduce_max,small,cuBLAS/cuDNN,135.2,129.8,,0.8395,ok,,false,true,0,0,0.001,0.001,ok,,,,,,1.0,0.8395,false,-0.1605
reduce_max,small,PyTorch-eager,113.5,132.2,,1.0000,ok,,false,true,0,0,0.001,0.001,ok,,,,,,1.0,1.0000,true,0.0000
reduce_max,small,Arke,137.2,5.1,,0.8273,ok,,false,true,0,0,0.001,0.001,ok,,,,,,1.0,0.8273,false,-0.1727
reduce_max,small,FlagGems,117.4,132.1,,0.9668,ok,,false,true,0,0,0.001,0.001,ok,,,,,,1.0,0.9668,false,-0.0332
reduce_max,medium,cuBLAS/cuDNN,117.4,132.1,,1.1158,ok,,false,true,0,0,0.001,0.001,ok,,,,,,1.0,1.1158,true,0.1158
reduce_max,medium,PyTorch-eager,131.0,7.2,,1.0000,ok,,false,true,0,0,0.001,0.001,ok,,,,,,1.0,1.0000,true,0.0000
reduce_max,medium,Arke,125.4,141.2,,1.0447,ok,,false,true,0,0,0.001,0.001,ok,,,,,,1.0,1.0447,true,0.0447
reduce_max,medium,FlagGems,119.6,134.3,,1.0953,ok,,false,true,0,0,0.001,0.001,ok,,,,,,1.0,1.0953,true,0.0953
reduce_max,large,cuBLAS/cuDNN,118.2,137.2,,1.1692,ok,,false,true,0,0,0.001,0.001,ok,,,,,,1.0,1.1692,true,0.1692
reduce_max,large,PyTorch-eager,138.2,133.0,,1.0000,ok,,false,true,0,0,0.001,0.001,ok,,,,,,1.0,1.0000,true,0.0000
reduce_max,large,Arke,125.6,120.0,,1.1003,ok,,false,true,0,0,0.001,0.001,ok,,,,,,1.0,1.1003,true,0.1003
reduce_max,large,FlagGems,128.2,130.0,,1.0780,ok,,false,true,0,0,0.001,0.001,ok,,,,,,1.0,1.0780,true,0.0780
reduce_max,wide,cuBLAS/cuDNN,119.9,132.1,,0.9850,ok,,false,true,0,0,0.001,0.001,ok,,,,,,1.0,0.9850,false,-0.0150
reduce_max,wide,PyTorch-eager,118.1,130.0,,1.0000,ok,,false,true,0,0,0.001,0.001,ok,,,,,,1.0,1.0000,true,0.0000
reduce_max,wide,Arke,131.3,71.7,,0.8995,ok,,false,true,0,0,0.001,0.001,ok,,,,,,1.0,0.8995,false,-0.1005
reduce_max,wide,FlagGems,122.1,129.9,,0.9672,ok,,false,true,0,0,0.001,0.001,ok,,,,,,1.0,0.9672,false,-0.0328
reduce_max,llama3-wide,cuBLAS/cuDNN,128.7,153.6,,0.9860,ok,,false,true,0,0,0.001,0.001,ok,,,,,,1.0,0.9860,false,-0.0140
reduce_max,llama3-wide,PyTorch-eager,126.9,139.3,,1.0000,ok,,false,true,0,0,0.001,0.001,ok,,,,,,1.0,1.0000,true,0.0000
reduce_max,llama3-wide,Arke,139.7,137.3,,0.9084,ok,,false,true,0,0,0.001,0.001,ok,,,,,,1.0,0.9084,false,-0.0916
reduce_max,llama3-wide,FlagGems,108.1,126.0,,1.1739,ok,,false,true,0,0,0.001,0.001,ok,,,,,,1.0,1.1739,true,0.1739
reduce_max,qwen25-wide,cuBLAS/cuDNN,123.8,78.8,,1.0137,ok,,false,true,0,0,0.001,0.001,ok,,,,,,1.0,1.0137,true,0.0137
reduce_max,qwen25-wide,PyTorch-eager,125.5,133.9,,1.0000,ok,,false,true,0,0,0.001,0.001,ok,,,,,,1.0,1.0000,true,0.0000
reduce_max,qwen25-wide,Arke,124.6,102.6,,1.0072,ok,,false,true,0,0,0.001,0.001,ok,,,,,,1.0,1.0072,true,0.0072
reduce_max,qwen25-wide,FlagGems,113.7,119.6,,1.1038,ok,,false,true,0,0,0.001,0.001,ok,,,,,,1.0,1.1038,true,0.1038
reduce_max,non-align-1,cuBLAS/cuDNN,122.8,136.0,,0.9511,ok,,false,true,0,0,0.001,0.001,ok,,,,,,1.0,0.9511,false,-0.0489
reduce_max,non-align-1,PyTorch-eager,116.8,133.4,,1.0000,ok,,false,true,0,0,0.001,0.001,ok,,,,,,1.0,1.0000,true,0.0000
reduce_max,non-align-1,Arke,125.3,134.0,,0.9322,ok,,false,true,0,0,0.001,0.001,ok,,,,,,1.0,0.9322,false,-0.0678
reduce_max,non-align-1,FlagGems,132.8,103.2,,0.8795,ok,,false,true,0,0,0.001,0.001,ok,,,,,,1.0,0.8795,false,-0.1205
reduce_max,non-align-2,cuBLAS/cuDNN,121.0,124.9,,1.0306,ok,,false,true,0,0,0.001,0.001,ok,,,,,,1.0,1.0306,true,0.0306
reduce_max,non-align-2,PyTorch-eager,124.7,135.5,,1.0000,ok,,false,true,0,0,0.001,0.001,ok,,,,,,1.0,1.0000,true,0.0000
reduce_max,non-align-2,Arke,129.0,137.9,,0.9667,ok,,false,true,0,0,0.001,0.001,ok,,,,,,1.0,0.9667,false,-0.0333
reduce_max,non-align-2,FlagGems,127.8,135.2,,0.9757,ok,,false,true,0,0,0.001,0.001,ok,,,,,,1.0,0.9757,false,-0.0243
reduce_max,non-align-3,cuBLAS/cuDNN,246.0,299.0,,0.9915,ok,,false,true,0,0,0.001,0.001,ok,,,,,,1.0,0.9915,false,-0.0085
reduce_max,non-align-3,PyTorch-eager,243.9,282.6,,1.0000,ok,,false,true,0,0,0.001,0.001,ok,,,,,,1.0,1.0000,true,0.0000
reduce_max,non-align-3,Arke,218.9,274.4,,1.1142,ok,,false,true,0,0,0.001,0.001,ok,,,,,,1.0,1.1142,true,0.1142
reduce_max,non-align-3,FlagGems,233.8,213.0,,1.0432,ok,,false,true,0,0,0.001,0.001,ok,,,,,,1.0,1.0432,true,0.0432
reduce_max,extreme-tall,cuBLAS/cuDNN,275.6,311.3,,1.0065,ok,,false,true,0,0,0.001,0.001,ok,,,,,,1.0,1.0065,true,0.0065
reduce_max,extreme-tall,PyTorch-eager,277.4,295.9,,1.0000,ok,,false,true,0,0,0.001,0.001,ok,,,,,,1.0,1.0000,true,0.0000
reduce_max,extreme-tall,Arke,276.2,285.7,,1.0043,ok,,false,true,0,0,0.001,0.001,ok,,,,,,1.0,1.0043,true,0.0043
reduce_max,extreme-tall,FlagGems,283.2,308.2,,0.9795,ok,,false,true,0,0,0.001,0.001,ok,,,,,,1.0,0.9795,false,-0.0205
reduce_max,extreme-flat,cuBLAS/cuDNN,554.7,491.5,,0.9995,ok,,false,true,0,0,0.001,0.001,ok,,,,,,1.0,0.9995,false,-0.0005
reduce_max,extreme-flat,PyTorch-eager,554.4,532.5,,1.0000,ok,,false,true,0,0,0.001,0.001,ok,,,,,,1.0,1.0000,true,0.0000
reduce_max,extreme-flat,Arke,552.2,491.5,,1.0040,ok,,false,true,0,0,0.001,0.001,ok,,,,,,1.0,1.0040,true,0.0040
reduce_max,extreme-flat,FlagGems,550.1,495.5,,1.0078,ok,,false,true,0,0,0.001,0.001,ok,,,,,,1.0,1.0078,true,0.0078
reduce_mean,small,cuBLAS/cuDNN,44.8,59.3,,1.0491,ok,,false,true,0,0,0.001,0.001,ok,,,,,,1.0,1.0491,true,0.0491
reduce_mean,small,PyTorch-eager,47.0,45.1,,1.0000,ok,,false,true,0,0,0.001,0.001,ok,,,,,,1.0,1.0000,true,0.0000
reduce_mean,small,Arke,49.5,8.2,,0.9495,ok,,false,true,0,0,0.001,0.001,ok,,,,,,1.0,0.9495,false,-0.0505
reduce_mean,small,FlagGems,47.7,71.7,,0.9853,ok,,false,true,0,0,0.001,0.001,ok,,,,,,1.0,0.9853,false,-0.0147
reduce_mean,medium,cuBLAS/cuDNN,45.3,58.4,,1.0971,ok,,false,true,0,0,0.001,0.001,ok,,,,,,1.0,1.0971,true,0.0971
reduce_mean,medium,PyTorch-eager,49.7,12.2,,1.0000,ok,,false,true,0,0,0.001,0.001,ok,,,,,,1.0,1.0000,true,0.0000
reduce_mean,medium,Arke,49.6,27.9,,1.0020,ok,,false,true,0,0,0.001,0.001,ok,,,,,,1.0,1.0020,true,0.0020
reduce_mean,medium,FlagGems,47.6,70.7,,1.0441,ok,,false,true,0,0,0.001,0.001,ok,,,,,,1.0,1.0441,true,0.0441
reduce_mean,large,cuBLAS/cuDNN,44.9,33.7,,1.0579,ok,,false,true,0,0,0.001,0.001,ok,,,,,,1.0,1.0579,true,0.0579
reduce_mean,large,PyTorch-eager,47.5,47.2,,1.0000,ok,,false,true,0,0,0.001,0.001,ok,,,,,,1.0,1.0000,true,0.0000
reduce_mean,large,Arke,58.8,71.5,,0.8078,ok,,false,true,0,0,0.001,0.001,ok,,,,,,1.0,0.8078,false,-0.1922
reduce_mean,large,FlagGems,48.9,37.9,,0.9714,ok,,false,true,0,0,0.001,0.001,ok,,,,,,1.0,0.9714,false,-0.0286
reduce_mean,wide,cuBLAS/cuDNN,42.0,62.5,,1.1500,ok,,false,true,0,0,0.001,0.001,ok,,,,,,1.0,1.1500,true,0.1500
reduce_mean,wide,PyTorch-eager,48.3,62.5,,1.0000,ok,,false,true,0,0,0.001,0.001,ok,,,,,,1.0,1.0000,true,0.0000
reduce_mean,wide,Arke,46.8,61.2,,1.0321,ok,,false,true,0,0,0.001,0.001,ok,,,,,,1.0,1.0321,true,0.0321
reduce_mean,wide,FlagGems,45.8,30.7,,1.0546,ok,,false,true,0,0,0.001,0.001,ok,,,,,,1.0,1.0546,true,0.0546
reduce_mean,llama3-wide,cuBLAS/cuDNN,58.2,46.9,,0.8127,ok,,false,true,0,0,0.001,0.001,ok,,,,,,1.0,0.8127,false,-0.1873
reduce_mean,llama3-wide,PyTorch-eager,47.3,68.5,,1.0000,ok,,false,true,0,0,0.001,0.001,ok,,,,,,1.0,1.0000,true,0.0000
reduce_mean,llama3-wide,Arke,54.3,32.8,,0.8711,ok,,false,true,0,0,0.001,0.001,ok,,,,,,1.0,0.8711,false,-0.1289
reduce_mean,llama3-wide,FlagGems,47.7,70.7,,0.9916,ok,,false,true,0,0,0.001,0.001,ok,,,,,,1.0,0.9916,false,-0.0084
reduce_mean,qwen25-wide,cuBLAS/cuDNN,47.3,69.3,,1.0359,ok,,false,true,0,0,0.001,0.001,ok,,,,,,1.0,1.0359,true,0.0359
reduce_mean,qwen25-wide,PyTorch-eager,49.0,64.3,,1.0000,ok,,false,true,0,0,0.001,0.001,ok,,,,,,1.0,1.0000,true,0.0000
reduce_mean,qwen25-wide,Arke,53.6,70.7,,0.9142,ok,,false,true,0,0,0.001,0.001,ok,,,,,,1.0,0.9142,false,-0.0858
reduce_mean,qwen25-wide,FlagGems,45.6,19.4,,1.0746,ok,,false,true,0,0,0.001,0.001,ok,,,,,,1.0,1.0746,true,0.0746
reduce_mean,non-align-1,cuBLAS/cuDNN,47.0,52.3,,1.0404,ok,,false,true,0,0,0.001,0.001,ok,,,,,,1.0,1.0404,true,0.0404
reduce_mean,non-align-1,PyTorch-eager,48.9,63.6,,1.0000,ok,,false,true,0,0,0.001,0.001,ok,,,,,,1.0,1.0000,true,0.0000
reduce_mean,non-align-1,Arke,53.3,69.7,,0.9174,ok,,false,true,0,0,0.001,0.001,ok,,,,,,1.0,0.9174,false,-0.0826
reduce_mean,non-align-1,FlagGems,51.1,62.5,,0.9569,ok,,false,true,0,0,0.001,0.001,ok,,,,,,1.0,0.9569,false,-0.0431
reduce_mean,non-align-2,cuBLAS/cuDNN,53.1,70.4,,1.0132,ok,,false,true,0,0,0.001,0.001,ok,,,,,,1.0,1.0132,true,0.0132
reduce_mean,non-align-2,PyTorch-eager,53.8,67.6,,1.0000,ok,,false,true,0,0,0.001,0.001,ok,,,,,,1.0,1.0000,true,0.0000
reduce_mean,non-align-2,Arke,59.5,11.1,,0.9042,ok,,false,true,0,0,0.001,0.001,ok,,,,,,1.0,0.9042,false,-0.0958
reduce_mean,non-align-2,FlagGems,46.9,65.6,,1.1471,ok,,false,true,0,0,0.001,0.001,ok,,,,,,1.0,1.1471,true,0.1471
reduce_mean,non-align-3,cuBLAS/cuDNN,169.0,155.6,,1.0834,ok,,false,true,0,0,0.001,0.001,ok,,,,,,1.0,1.0834,true,0.0834
reduce_mean,non-align-3,PyTorch-eager,183.1,195.6,,1.0000,ok,,false,true,0,0,0.001,0.001,ok,,,,,,1.0,1.0000,true,0.0000
reduce_mean,non-align-3,Arke,183.4,187.4,,0.9984,ok,,false,true,0,0,0.001,0.001,ok,,,,,,1.0,0.9984,false,-0.0016
reduce_mean,non-align-3,FlagGems,169.2,157.7,,1.0822,ok,,false,true,0,0,0.001,0.001,ok,,,,,,1.0,1.0822,true,0.0822
reduce_mean,extreme-tall,cuBLAS/cuDNN,173.1,166.9,,0.9024,ok,,false,true,0,0,0.001,0.001,ok,,,,,,1.0,0.9024,false,-0.0976
reduce_mean,extreme-tall,PyTorch-eager,156.2,164.9,,1.0000,ok,,false,true,0,0,0.001,0.001,ok,,,,,,1.0,1.0000,true,0.0000
reduce_mean,extreme-tall,Arke,157.5,155.6,,0.9917,ok,,false,true,0,0,0.001,0.001,ok,,,,,,1.0,0.9917,false,-0.0083
reduce_mean,extreme-tall,FlagGems,167.5,165.9,,0.9325,ok,,false,true,0,0,0.001,0.001,ok,,,,,,1.0,0.9325,false,-0.0675
reduce_mean,extreme-flat,cuBLAS/cuDNN,49.1,50.2,,1.0122,ok,,false,true,0,0,0.001,0.001,ok,,,,,,1.0,1.0122,true,0.0122
reduce_mean,extreme-flat,PyTorch-eager,49.7,41.9,,1.0000,ok,,false,true,0,0,0.001,0.001,ok,,,,,,1.0,1.0000,true,0.0000
reduce_mean,extreme-flat,Arke,49.1,53.2,,1.0122,ok,,false,true,0,0,0.001,0.001,ok,,,,,,1.0,1.0122,true,0.0122
reduce_mean,extreme-flat,FlagGems,60.9,48.0,,0.8161,ok,,false,true,0,0,0.001,0.001,ok,,,,,,1.0,0.8161,false,-0.1839
reduce_sum,small,cuBLAS/cuDNN,52.7,67.6,,0.8159,ok,,false,true,0,0,0.001,0.001,ok,,,,,,1.0,0.8159,false,-0.1841
reduce_sum,small,PyTorch-eager,43.0,47.9,,1.0000,ok,,false,true,0,0,0.001,0.001,ok,,,,,,1.0,1.0000,true,0.0000
reduce_sum,small,Arke,53.7,66.4,,0.8007,ok,,false,true,0,0,0.001,0.001,ok,,,,,,1.0,0.8007,false,-0.1993
reduce_sum,small,FlagGems,45.4,67.7,,0.9471,ok,,false,true,0,0,0.001,0.001,ok,,,,,,1.0,0.9471,false,-0.0529
reduce_sum,medium,cuBLAS/cuDNN,44.5,45.9,,1.0135,ok,,false,true,0,0,0.001,0.001,ok,,,,,,1.0,1.0135,true,0.0135
reduce_sum,medium,PyTorch-eager,45.1,64.5,,1.0000,ok,,false,true,0,0,0.001,0.001,ok,,,,,,1.0,1.0000,true,0.0000
reduce_sum,medium,Arke,45.4,70.4,,0.9934,ok,,false,true,0,0,0.001,0.001,ok,,,,,,1.0,0.9934,false,-0.0066
reduce_sum,medium,FlagGems,45.0,69.6,,1.0022,ok,,false,true,0,0,0.001,0.001,ok,,,,,,1.0,1.0022,true,0.0022
reduce_sum,large,cuBLAS/cuDNN,45.4,70.7,,1.0308,ok,,false,true,0,0,0.001,0.001,ok,,,,,,1.0,1.0308,true,0.0308
reduce_sum,large,PyTorch-eager,46.8,30.7,,1.0000,ok,,false,true,0,0,0.001,0.001,ok,,,,,,1.0,1.0000,true,0.0000
reduce_sum,large,Arke,48.2,33.6,,0.9710,ok,,false,true,0,0,0.001,0.001,ok,,,,,,1.0,0.9710,false,-0.0290
reduce_sum,large,FlagGems,57.0,32.8,,0.8211,ok,,false,true,0,0,0.001,0.001,ok,,,,,,1.0,0.8211,false,-0.1789
reduce_sum,wide,cuBLAS/cuDNN,48.8,66.3,,0.9816,ok,,false,true,0,0,0.001,0.001,ok,,,,,,1.0,0.9816,false,-0.0184
reduce_sum,wide,PyTorch-eager,47.9,70.7,,1.0000,ok,,false,true,0,0,0.001,0.001,ok,,,,,,1.0,1.0000,true,0.0000
reduce_sum,wide,Arke,50.9,70.7,,0.9411,ok,,false,true,0,0,0.001,0.001,ok,,,,,,1.0,0.9411,false,-0.0589
reduce_sum,wide,FlagGems,45.0,70.6,,1.0644,ok,,false,true,0,0,0.001,0.001,ok,,,,,,1.0,1.0644,true,0.0644
reduce_sum,llama3-wide,cuBLAS/cuDNN,47.9,65.4,,1.0605,ok,,false,true,0,0,0.001,0.001,ok,,,,,,1.0,1.0605,true,0.0605
reduce_sum,llama3-wide,PyTorch-eager,50.8,65.4,,1.0000,ok,,false,true,0,0,0.001,0.001,ok,,,,,,1.0,1.0000,true,0.0000
reduce_sum,llama3-wide,Arke,58.9,64.5,,0.8625,ok,,false,true,0,0,0.001,0.001,ok,,,,,,1.0,0.8625,false,-0.1375
reduce_sum,llama3-wide,FlagGems,46.2,51.9,,1.0996,ok,,false,true,0,0,0.001,0.001,ok,,,,,,1.0,1.0996,true,0.0996
reduce_sum,qwen25-wide,cuBLAS/cuDNN,65.3,10.2,,0.6753,ok,,false,true,0,0,0.001,0.001,ok,,,,,,1.0,0.6753,false,-0.3247
reduce_sum,qwen25-wide,PyTorch-eager,44.1,59.4,,1.0000,ok,,false,true,0,0,0.001,0.001,ok,,,,,,1.0,1.0000,true,0.0000
reduce_sum,qwen25-wide,Arke,47.1,65.4,,0.9363,ok,,false,true,0,0,0.001,0.001,ok,,,,,,1.0,0.9363,false,-0.0637
reduce_sum,qwen25-wide,FlagGems,48.9,63.5,,0.9018,ok,,false,true,0,0,0.001,0.001,ok,,,,,,1.0,0.9018,false,-0.0982
reduce_sum,non-align-1,cuBLAS/cuDNN,75.0,26.5,,0.6600,ok,,false,true,0,0,0.001,0.001,ok,,,,,,1.0,0.6600,false,-0.3400
reduce_sum,non-align-1,PyTorch-eager,49.5,66.8,,1.0000,ok,,false,true,0,0,0.001,0.001,ok,,,,,,1.0,1.0000,true,0.0000
reduce_sum,non-align-1,Arke,52.6,74.7,,0.9411,ok,,false,true,0,0,0.001,0.001,ok,,,,,,1.0,0.9411,false,-0.0589
reduce_sum,non-align-1,FlagGems,48.8,58.4,,1.0143,ok,,false,true,0,0,0.001,0.001,ok,,,,,,1.0,1.0143,true,0.0143
reduce_sum,non-align-2,cuBLAS/cuDNN,45.7,65.8,,1.0197,ok,,false,true,0,0,0.001,0.001,ok,,,,,,1.0,1.0197,true,0.0197
reduce_sum,non-align-2,PyTorch-eager,46.6,67.5,,1.0000,ok,,false,true,0,0,0.001,0.001,ok,,,,,,1.0,1.0000,true,0.0000
reduce_sum,non-align-2,Arke,46.5,69.7,,1.0022,ok,,false,true,0,0,0.001,0.001,ok,,,,,,1.0,1.0022,true,0.0022
reduce_sum,non-align-2,FlagGems,55.5,13.3,,0.8396,ok,,false,true,0,0,0.001,0.001,ok,,,,,,1.0,0.8396,false,-0.1604
reduce_sum,non-align-3,cuBLAS/cuDNN,158.1,184.3,,1.0759,ok,,false,true,0,0,0.001,0.001,ok,,,,,,1.0,1.0759,true,0.0759
reduce_sum,non-align-3,PyTorch-eager,170.1,204.8,,1.0000,ok,,false,true,0,0,0.001,0.001,ok,,,,,,1.0,1.0000,true,0.0000
reduce_sum,non-align-3,Arke,165.6,172.0,,1.0272,ok,,false,true,0,0,0.001,0.001,ok,,,,,,1.0,1.0272,true,0.0272
reduce_sum,non-align-3,FlagGems,155.6,159.7,,1.0932,ok,,false,true,0,0,0.001,0.001,ok,,,,,,1.0,1.0932,true,0.0932
reduce_sum,extreme-tall,cuBLAS/cuDNN,150.3,172.0,,1.0033,ok,,false,true,0,0,0.001,0.001,ok,,,,,,1.0,1.0033,true,0.0033
reduce_sum,extreme-tall,PyTorch-eager,150.8,155.6,,1.0000,ok,,false,true,0,0,0.001,0.001,ok,,,,,,1.0,1.0000,true,0.0000
reduce_sum,extreme-tall,Arke,151.2,163.7,,0.9974,ok,,false,true,0,0,0.001,0.001,ok,,,,,,1.0,0.9974,false,-0.0026
reduce_sum,extreme-tall,FlagGems,163.5,164.9,,0.9223,ok,,false,true,0,0,0.001,0.001,ok,,,,,,1.0,0.9223,false,-0.0777
reduce_sum,extreme-flat,cuBLAS/cuDNN,49.4,64.5,,1.0000,ok,,false,true,0,0,0.001,0.001,ok,,,,,,1.0,1.0000,true,0.0000
reduce_sum,extreme-flat,PyTorch-eager,49.4,73.6,,1.0000,ok,,false,true,0,0,0.001,0.001,ok,,,,,,1.0,1.0000,true,0.0000
reduce_sum,extreme-flat,Arke,46.4,72.7,,1.0647,ok,,false,true,0,0,0.001,0.001,ok,,,,,,1.0,1.0647,true,0.0647
reduce_sum,extreme-flat,FlagGems,47.6,77.7,,1.0378,ok,,false,true,0,0,0.001,0.001,ok,,,,,,1.0,1.0378,true,0.0378
relu,micro-tiny,cuBLAS/cuDNN,12.2,16.4,,0.9672,ok,,false,true,0,0,0.001,0.001,ok,,,,,,1.0,0.9672,false,-0.0328
relu,micro-tiny,PyTorch-eager,11.8,18.4,,1.0000,ok,,false,true,0,0,0.001,0.001,ok,,,,,,1.0,1.0000,true,0.0000
relu,micro-tiny,torch.compile,112.7,116.7,,0.1047,ok,,false,true,0,0,0.001,0.001,ok,,,,,,1.0,0.1047,false,-0.8953
relu,micro-tiny,Arke,12.5,8.2,,0.9440,ok,,false,true,0,0,0.001,0.001,ok,,,,,,1.0,0.9440,false,-0.0560
relu,micro-tiny,FlagGems,73.5,92.4,,0.1605,ok,,false,true,0,0,0.001,0.001,ok,,,,,,1.0,0.1605,false,-0.8395
relu,micro-small,cuBLAS/cuDNN,11.6,20.5,,1.0776,ok,,false,true,0,0,0.001,0.001,ok,,,,,,1.0,1.0776,true,0.0776
relu,micro-small,PyTorch-eager,12.5,5.1,,1.0000,ok,,false,true,0,0,0.001,0.001,ok,,,,,,1.0,1.0000,true,0.0000
relu,micro-small,torch.compile,136.0,112.6,,0.0919,ok,,false,true,0,0,0.001,0.001,ok,,,,,,1.0,0.0919,false,-0.9081
relu,micro-small,Arke,14.7,7.0,,0.8503,ok,,false,true,0,0,0.001,0.001,ok,,,,,,1.0,0.8503,false,-0.1497
relu,micro-small,FlagGems,78.5,16.4,,0.1592,ok,,false,true,0,0,0.001,0.001,ok,,,,,,1.0,0.1592,false,-0.8408
relu,gpt2-hidden,cuBLAS/cuDNN,11.7,19.5,,0.9487,ok,,false,true,0,0,0.001,0.001,ok,,,,,,1.0,0.9487,false,-0.0513
relu,gpt2-hidden,PyTorch-eager,11.1,15.4,,1.0000,ok,,false,true,0,0,0.001,0.001,ok,,,,,,1.0,1.0000,true,0.0000
relu,gpt2-hidden,torch.compile,137.7,129.9,,0.0806,ok,,false,true,0,0,0.001,0.001,ok,,,,,,1.0,0.0806,false,-0.9194
relu,gpt2-hidden,Arke,12.5,17.4,,0.8880,ok,,false,true,0,0,0.001,0.001,ok,,,,,,1.0,0.8880,false,-0.1120
relu,gpt2-hidden,FlagGems,72.6,94.2,,0.1529,ok,,false,true,0,0,0.001,0.001,ok,,,,,,1.0,0.1529,false,-0.8471
relu,gpt2-ffn,cuBLAS/cuDNN,11.3,26.6,,0.9912,ok,,false,true,0,0,0.001,0.001,ok,,,,,,1.0,0.9912,false,-0.0088
relu,gpt2-ffn,PyTorch-eager,11.2,11.3,,1.0000,ok,,false,true,0,0,0.001,0.001,ok,,,,,,1.0,1.0000,true,0.0000
relu,gpt2-ffn,torch.compile,139.3,152.5,,0.0804,ok,,false,true,0,0,0.001,0.001,ok,,,,,,1.0,0.0804,false,-0.9196
relu,gpt2-ffn,Arke,12.4,27.6,,0.9032,ok,,false,true,0,0,0.001,0.001,ok,,,,,,1.0,0.9032,false,-0.0968
relu,gpt2-ffn,FlagGems,77.1,26.9,,0.1453,ok,,false,true,0,0,0.001,0.001,ok,,,,,,1.0,0.1453,false,-0.8547
relu,square-1k,cuBLAS/cuDNN,14.7,21.5,,1.0000,ok,,false,true,0,0,0.001,0.001,ok,,,,,,1.0,1.0000,true,0.0000
relu,square-1k,PyTorch-eager,14.7,17.4,,1.0000,ok,,false,true,0,0,0.001,0.001,ok,,,,,,1.0,1.0000,true,0.0000
relu,square-1k,torch.compile,130.0,148.5,,0.1131,ok,,false,true,0,0,0.001,0.001,ok,,,,,,1.0,0.1131,false,-0.8869
relu,square-1k,Arke,14.0,21.5,,1.0500,ok,,false,true,0,0,0.001,0.001,ok,,,,,,1.0,1.0500,true,0.0500
relu,square-1k,FlagGems,76.8,89.4,,0.1914,ok,,false,true,0,0,0.001,0.001,ok,,,,,,1.0,0.1914,false,-0.8086
relu,llama-ffn,cuBLAS/cuDNN,75.6,77.8,,0.9947,ok,,false,true,0,0,0.001,0.001,ok,,,,,,1.0,0.9947,false,-0.0053
relu,llama-ffn,PyTorch-eager,75.2,76.8,,1.0000,ok,,false,true,0,0,0.001,0.001,ok,,,,,,1.0,1.0000,true,0.0000
relu,llama-ffn,torch.compile,157.4,237.6,,0.4778,ok,,false,true,0,0,0.001,0.001,ok,,,,,,1.0,0.4778,false,-0.5222
relu,llama-ffn,Arke,75.4,77.8,,0.9973,ok,,false,true,0,0,0.001,0.001,ok,,,,,,1.0,0.9973,false,-0.0027
relu,llama-ffn,FlagGems,76.2,79.9,,0.9869,ok,,false,true,0,0,0.001,0.001,ok,,,,,,1.0,0.9869,false,-0.0131
relu,llama-hidden,cuBLAS/cuDNN,30.8,32.8,,0.9935,ok,,false,true,0,0,0.001,0.001,ok,,,,,,1.0,0.9935,false,-0.0065
relu,llama-hidden,PyTorch-eager,30.6,31.7,,1.0000,ok,,false,true,0,0,0.001,0.001,ok,,,,,,1.0,1.0000,true,0.0000
relu,llama-hidden,torch.compile,127.8,143.4,,0.2394,ok,,false,true,0,0,0.001,0.001,ok,,,,,,1.0,0.2394,false,-0.7606
relu,llama-hidden,Arke,30.3,31.7,,1.0099,ok,,false,true,0,0,0.001,0.001,ok,,,,,,1.0,1.0099,true,0.0099
relu,llama-hidden,FlagGems,74.4,97.3,,0.4113,ok,,false,true,0,0,0.001,0.001,ok,,,,,,1.0,0.4113,false,-0.5887
relu,llama-long,cuBLAS/cuDNN,216.3,218.1,,1.0000,ok,,false,true,0,0,0.001,0.001,ok,,,,,,1.0,1.0000,true,0.0000
relu,llama-long,PyTorch-eager,216.3,214.0,,1.0000,ok,,false,true,0,0,0.001,0.001,ok,,,,,,1.0,1.0000,true,0.0000
relu,llama-long,torch.compile,442.0,444.4,,0.4894,ok,,false,true,0,0,0.001,0.001,ok,,,,,,1.0,0.4894,false,-0.5106
relu,llama-long,Arke,216.2,218.1,,1.0005,ok,,false,true,0,0,0.001,0.001,ok,,,,,,1.0,1.0005,true,0.0005
relu,llama-long,FlagGems,215.9,222.0,,1.0019,ok,,false,true,0,0,0.001,0.001,ok,,,,,,1.0,1.0019,true,0.0019
relu,ds-ffn,cuBLAS/cuDNN,83.5,86.0,,0.9988,ok,,false,true,0,0,0.001,0.001,ok,,,,,,1.0,0.9988,false,-0.0012
relu,ds-ffn,PyTorch-eager,83.4,84.8,,1.0000,ok,,false,true,0,0,0.001,0.001,ok,,,,,,1.0,1.0000,true,0.0000
relu,ds-ffn,torch.compile,180.3,219.1,,0.4626,ok,,false,true,0,0,0.001,0.001,ok,,,,,,1.0,0.4626,false,-0.5374
relu,ds-ffn,Arke,83.4,85.0,,1.0000,ok,,false,true,0,0,0.001,0.001,ok,,,,,,1.0,1.0000,true,0.0000
relu,ds-ffn,FlagGems,84.4,104.4,,0.9882,ok,,false,true,0,0,0.001,0.001,ok,,,,,,1.0,0.9882,false,-0.0118
relu,ds-ffn-large,cuBLAS/cuDNN,123.6,124.9,,0.9951,ok,,false,true,0,0,0.001,0.001,ok,,,,,,1.0,0.9951,false,-0.0049
relu,ds-ffn-large,PyTorch-eager,123.0,124.7,,1.0000,ok,,false,true,0,0,0.001,0.001,ok,,,,,,1.0,1.0000,true,0.0000
relu,ds-ffn-large,torch.compile,254.9,257.0,,0.4825,ok,,false,true,0,0,0.001,0.001,ok,,,,,,1.0,0.4825,false,-0.5175
relu,ds-ffn-large,Arke,122.8,124.9,,1.0016,ok,,false,true,0,0,0.001,0.001,ok,,,,,,1.0,1.0016,true,0.0016
relu,ds-ffn-large,FlagGems,123.5,176.1,,0.9960,ok,,false,true,0,0,0.001,0.001,ok,,,,,,1.0,0.9960,false,-0.0040
relu,qwen-ffn,cuBLAS/cuDNN,127.0,128.9,,0.9992,ok,,false,true,0,0,0.001,0.001,ok,,,,,,1.0,0.9992,false,-0.0008
relu,qwen-ffn,PyTorch-eager,126.9,127.7,,1.0000,ok,,false,true,0,0,0.001,0.001,ok,,,,,,1.0,1.0000,true,0.0000
relu,qwen-ffn,torch.compile,261.2,263.2,,0.4858,ok,,false,true,0,0,0.001,0.001,ok,,,,,,1.0,0.4858,false,-0.5142
relu,qwen-ffn,Arke,126.4,128.0,,1.0040,ok,,false,true,0,0,0.001,0.001,ok,,,,,,1.0,1.0040,true,0.0040
relu,qwen-ffn,FlagGems,126.8,190.4,,1.0008,ok,,false,true,0,0,0.001,0.001,ok,,,,,,1.0,1.0008,true,0.0008
relu,xlarge,cuBLAS/cuDNN,428.5,428.0,,1.0009,ok,,false,true,0,0,0.001,0.001,ok,,,,,,1.0,1.0009,true,0.0009
relu,xlarge,PyTorch-eager,428.9,429.1,,1.0000,ok,,false,true,0,0,0.001,0.001,ok,,,,,,1.0,1.0000,true,0.0000
relu,xlarge,torch.compile,877.8,877.6,,0.4886,ok,,false,true,0,0,0.001,0.001,ok,,,,,,1.0,0.4886,false,-0.5114
relu,xlarge,Arke,428.8,429.1,,1.0002,ok,,false,true,0,0,0.001,0.001,ok,,,,,,1.0,1.0002,true,0.0002
relu,xlarge,FlagGems,428.2,428.0,,1.0016,ok,,false,true,0,0,0.001,0.001,ok,,,,,,1.0,1.0016,true,0.0016
relu,non-align-1,cuBLAS/cuDNN,11.7,4.1,,0.9231,ok,,false,true,0,0,0.001,0.001,ok,,,,,,1.0,0.9231,false,-0.0769
relu,non-align-1,PyTorch-eager,10.8,7.2,,1.0000,ok,,false,true,0,0,0.001,0.001,ok,,,,,,1.0,1.0000,true,0.0000
relu,non-align-1,torch.compile,129.3,141.2,,0.0835,ok,,false,true,0,0,0.001,0.001,ok,,,,,,1.0,0.0835,false,-0.9165
relu,non-align-1,Arke,12.5,6.0,,0.8640,ok,,false,true,0,0,0.001,0.001,ok,,,,,,1.0,0.8640,false,-0.1360
relu,non-align-1,FlagGems,78.9,90.1,,0.1369,ok,,false,true,0,0,0.001,0.001,ok,,,,,,1.0,0.1369,false,-0.8631
relu,non-align-2,cuBLAS/cuDNN,41.1,43.0,,1.0122,ok,,false,true,0,0,0.001,0.001,ok,,,,,,1.0,1.0122,true,0.0122
relu,non-align-2,PyTorch-eager,41.6,44.0,,1.0000,ok,,false,true,0,0,0.001,0.001,ok,,,,,,1.0,1.0000,true,0.0000
relu,non-align-2,torch.compile,132.0,154.6,,0.3152,ok,,false,true,0,0,0.001,0.001,ok,,,,,,1.0,0.3152,false,-0.6848
relu,non-align-2,Arke,41.4,44.0,,1.0048,ok,,false,true,0,0,0.001,0.001,ok,,,,,,1.0,1.0048,true,0.0048
relu,non-align-2,FlagGems,87.1,108.5,,0.4776,ok,,false,true,0,0,0.001,0.001,ok,,,,,,1.0,0.4776,false,-0.5224
relu,non-align-3,cuBLAS/cuDNN,109.6,112.6,,1.0000,ok,,false,true,0,0,0.001,0.001,ok,,,,,,1.0,1.0000,true,0.0000
relu,non-align-3,PyTorch-eager,109.6,111.6,,1.0000,ok,,false,true,0,0,0.001,0.001,ok,,,,,,1.0,1.0000,true,0.0000
relu,non-align-3,torch.compile,228.3,280.6,,0.4801,ok,,false,true,0,0,0.001,0.001,ok,,,,,,1.0,0.4801,false,-0.5199
relu,non-align-3,Arke,109.5,112.6,,1.0009,ok,,false,true,0,0,0.001,0.001,ok,,,,,,1.0,1.0009,true,0.0009
relu,non-align-3,FlagGems,109.9,173.1,,0.9973,ok,,false,true,0,0,0.001,0.001,ok,,,,,,1.0,0.9973,false,-0.0027
relu,non-align-4,cuBLAS/cuDNN,49.9,52.2,,1.0000,ok,,false,true,0,0,0.001,0.001,ok,,,,,,1.0,1.0000,true,0.0000
relu,non-align-4,PyTorch-eager,49.9,52.2,,1.0000,ok,,false,true,0,0,0.001,0.001,ok,,,,,,1.0,1.0000,true,0.0000
relu,non-align-4,torch.compile,135.8,175.1,,0.3675,ok,,false,true,0,0,0.001,0.001,ok,,,,,,1.0,0.3675,false,-0.6325
relu,non-align-4,Arke,49.7,53.2,,1.0040,ok,,false,true,0,0,0.001,0.001,ok,,,,,,1.0,1.0040,true,0.0040
relu,non-align-4,FlagGems,99.8,52.2,,0.5000,ok,,false,true,0,0,0.001,0.001,ok,,,,,,1.0,0.5000,false,-0.5000
relu,non-align-5,cuBLAS/cuDNN,11.4,15.4,,0.9561,ok,,false,true,0,0,0.001,0.001,ok,,,,,,1.0,0.9561,false,-0.0439
relu,non-align-5,PyTorch-eager,10.9,6.1,,1.0000,ok,,false,true,0,0,0.001,0.001,ok,,,,,,1.0,1.0000,true,0.0000
relu,non-align-5,torch.compile,136.0,158.6,,0.0801,ok,,false,true,0,0,0.001,0.001,ok,,,,,,1.0,0.0801,false,-0.9199
relu,non-align-5,Arke,14.3,8.4,,0.7622,ok,,false,true,0,0,0.001,0.001,ok,,,,,,1.0,0.7622,false,-0.2378
relu,non-align-5,FlagGems,71.8,94.0,,0.1518,ok,,false,true,0,0,0.001,0.001,ok,,,,,,1.0,0.1518,false,-0.8482
relu,extreme-flat,cuBLAS/cuDNN,13.4,15.4,,1.0970,ok,,false,true,0,0,0.001,0.001,ok,,,,,,1.0,1.0970,true,0.0970
relu,extreme-flat,PyTorch-eager,14.7,14.3,,1.0000,ok,,false,true,0,0,0.001,0.001,ok,,,,,,1.0,1.0000,true,0.0000
relu,extreme-flat,torch.compile,122.6,134.1,,0.1199,ok,,false,true,0,0,0.001,0.001,ok,,,,,,1.0,0.1199,false,-0.8801
relu,extreme-flat,Arke,17.5,29.7,,0.8400,ok,,false,true,0,0,0.001,0.001,ok,,,,,,1.0,0.8400,false,-0.1600
relu,extreme-flat,FlagGems,82.6,91.2,,0.1780,ok,,false,true,0,0,0.001,0.001,ok,,,,,,1.0,0.1780,false,-0.8220
relu,extreme-tall,cuBLAS/cuDNN,17.6,23.6,,0.8068,ok,,false,true,0,0,0.001,0.001,ok,,,,,,1.0,0.8068,false,-0.1932
relu,extreme-tall,PyTorch-eager,14.2,16.4,,1.0000,ok,,false,true,0,0,0.001,0.001,ok,,,,,,1.0,1.0000,true,0.0000
relu,extreme-tall,torch.compile,161.5,120.8,,0.0879,ok,,false,true,0,0,0.001,0.001,ok,,,,,,1.0,0.0879,false,-0.9121
relu,extreme-tall,Arke,16.9,16.4,,0.8402,ok,,false,true,0,0,0.001,0.001,ok,,,,,,1.0,0.8402,false,-0.1598
relu,extreme-tall,FlagGems,75.8,89.1,,0.1873,ok,,false,true,0,0,0.001,0.001,ok,,,,,,1.0,0.1873,false,-0.8127
relu,extreme-wide,cuBLAS/cuDNN,56.8,58.4,,1.0053,ok,,false,true,0,0,0.001,0.001,ok,,,,,,1.0,1.0053,true,0.0053
relu,extreme-wide,PyTorch-eager,57.1,59.4,,1.0000,ok,,false,true,0,0,0.001,0.001,ok,,,,,,1.0,1.0000,true,0.0000
relu,extreme-wide,torch.compile,133.4,200.7,,0.4280,ok,,false,true,0,0,0.001,0.001,ok,,,,,,1.0,0.4280,false,-0.5720
relu,extreme-wide,Arke,56.8,58.4,,1.0053,ok,,false,true,0,0,0.001,0.001,ok,,,,,,1.0,1.0053,true,0.0053
relu,extreme-wide,FlagGems,76.9,121.9,,0.7425,ok,,false,true,0,0,0.001,0.001,ok,,,,,,1.0,0.7425,false,-0.2575
rmsnorm,gpt2-small,Liger-Kernel,77.6,59.5,,7.0876,ok,,false,true,0.00390625,0.000146655,0.005,0.005,ok,,,,,,1.0,7.0876,true,6.0876
rmsnorm,gpt2-small,PyTorch-eager,550.0,529.4,,1.0000,ok,,false,true,0,0,0.005,0.005,ok,,,,,,1.0,1.0000,true,0.0000
rmsnorm,gpt2-small,Arke,754.9,628.7,,0.7286,ok,,false,true,0.00256085,0.000210379,0.005,0.005,ok,,,,,,1.0,0.7286,false,-0.2714
rmsnorm,gpt2-small,FlagGems,582.6,514.9,,0.9440,ok,,false,true,0,0,0.005,0.005,ok,,,,,,1.0,0.9440,false,-0.0560
rmsnorm,gpt2-ffn,Liger-Kernel,104.0,20.5,,5.9308,ok,,false,true,0.00390625,0.000149016,0.005,0.005,ok,,,,,,1.0,5.9308,true,4.9308
rmsnorm,gpt2-ffn,PyTorch-eager,616.8,464.9,,1.0000,ok,,false,true,0,0,0.005,0.005,ok,,,,,,1.0,1.0000,true,0.0000
rmsnorm,gpt2-ffn,Arke,820.1,631.8,,0.7521,ok,,false,true,0.00273919,0.000206716,0.005,0.005,ok,,,,,,1.0,0.7521,false,-0.2479
rmsnorm,gpt2-ffn,FlagGems,535.5,512.0,,1.1518,ok,,false,true,0,0,0.005,0.005,ok,,,,,,1.0,1.1518,true,0.1518
rmsnorm,gpt2-medium,Liger-Kernel,85.0,69.8,,7.0235,ok,,false,true,0.00390625,0.000138692,0.005,0.005,ok,,,,,,1.0,7.0235,true,6.0235
rmsnorm,gpt2-medium,PyTorch-eager,597.0,526.3,,1.0000,ok,,false,true,0,0,0.005,0.005,ok,,,,,,1.0,1.0000,true,0.0000
rmsnorm,gpt2-medium,Arke,796.7,646.4,,0.7493,ok,,false,true,0.00275326,0.000201074,0.005,0.005,ok,,,,,,1.0,0.7493,false,-0.2507
rmsnorm,gpt2-medium,FlagGems,575.8,525.5,,1.0368,ok,,false,true,0,0,0.005,0.005,ok,,,,,,1.0,1.0368,true,0.0368
rmsnorm,llama-7b,Liger-Kernel,131.6,106.5,,4.8381,ok,,false,true,0.00390625,0.000167467,0.005,0.005,ok,,,,,,1.0,4.8381,true,3.8381
rmsnorm,llama-7b,PyTorch-eager,636.7,541.7,,1.0000,ok,,false,true,0,0,0.005,0.005,ok,,,,,,1.0,1.0000,true,0.0000
rmsnorm,llama-7b,Arke,942.2,620.5,,0.6758,ok,,false,true,0.0030551,0.000211926,0.005,0.005,ok,,,,,,1.0,0.6758,false,-0.3242
rmsnorm,llama-7b,FlagGems,541.7,509.1,,1.1754,ok,,false,true,0,0,0.005,0.005,ok,,,,,,1.0,1.1754,true,0.1754
rmsnorm,llama-13b,Liger-Kernel,110.9,94.2,,6.7358,ok,,false,true,0.00390625,0.000154811,0.005,0.005,ok,,,,,,1.0,6.7358,true,5.7358
rmsnorm,llama-13b,PyTorch-eager,747.0,551.0,,1.0000,ok,,false,true,0,0,0.005,0.005,ok,,,,,,1.0,1.0000,true,0.0000
rmsnorm,llama-13b,Arke,936.6,729.1,,0.7976,ok,,false,true,0.00330067,0.000211485,0.005,0.005,ok,,,,,,1.0,0.7976,false,-0.2024
rmsnorm,llama-13b,FlagGems,592.2,511.0,,1.2614,ok,,false,true,0,0,0.005,0.005,ok,,,,,,1.0,1.2614,true,0.2614
rmsnorm,llama-long,Liger-Kernel,129.3,200.7,,5.2947,ok,,false,true,0.00390625,0.000155837,0.005,0.005,ok,,,,,,1.0,5.2947,true,4.2947
rmsnorm,llama-long,PyTorch-eager,684.6,476.0,,1.0000,ok,,false,true,0,0,0.005,0.005,ok,,,,,,1.0,1.0000,true,0.0000
rmsnorm,llama-long,Arke,1026.2,1011.7,,0.6671,ok,,false,true,0.00433874,0.000201171,0.005,0.005,ok,,,,,,1.0,0.6671,false,-0.3329
rmsnorm,llama-long,FlagGems,584.3,620.5,,1.1717,ok,,false,true,0,0,0.005,0.005,ok,,,,,,1.0,1.1717,true,0.1717
rmsnorm,ds-v2,Liger-Kernel,118.8,109.6,,5.3510,ok,,false,true,0.00390625,0.000163131,0.005,0.005,ok,,,,,,1.0,5.3510,true,4.3510
rmsnorm,ds-v2,PyTorch-eager,635.7,516.4,,1.0000,ok,,false,true,0,0,0.005,0.005,ok,,,,,,1.0,1.0000,true,0.0000
rmsnorm,ds-v2,Arke,811.0,686.1,,0.7838,ok,,false,true,0.00315523,0.000210989,0.005,0.005,ok,,,,,,1.0,0.7838,false,-0.2162
rmsnorm,ds-v2,FlagGems,550.7,498.8,,1.1543,ok,,false,true,0,0,0.005,0.005,ok,,,,,,1.0,1.1543,true,0.1543
rmsnorm,ds-v3,Liger-Kernel,86.3,117.8,,7.4299,ok,,false,true,0.00390625,0.000145507,0.005,0.005,ok,,,,,,1.0,7.4299,true,6.4299
rmsnorm,ds-v3,PyTorch-eager,641.2,446.5,,1.0000,ok,,false,true,0,0,0.005,0.005,ok,,,,,,1.0,1.0000,true,0.0000
rmsnorm,ds-v3,Arke,830.1,707.6,,0.7724,ok,,false,true,0.00318336,0.00019498,0.005,0.005,ok,,,,,,1.0,0.7724,false,-0.2276
rmsnorm,ds-v3,FlagGems,540.9,513.0,,1.1854,ok,,false,true,0,0,0.005,0.005,ok,,,,,,1.0,1.1854,true,0.1854
rmsnorm,mixtral-ffn,Liger-Kernel,96.8,115.7,,7.4421,ok,,false,true,0.00390625,0.00014693,0.005,0.005,ok,,,,,,1.0,7.4421,true,6.4421
rmsnorm,mixtral-ffn,PyTorch-eager,720.4,522.2,,1.0000,ok,,false,true,0,0,0.005,0.005,ok,,,,,,1.0,1.0000,true,0.0000
rmsnorm,mixtral-ffn,Arke,965.3,748.5,,0.7463,ok,,false,true,0.00344133,0.000212665,0.005,0.005,ok,,,,,,1.0,0.7463,false,-0.2537
rmsnorm,mixtral-ffn,FlagGems,548.9,511.0,,1.3124,ok,,false,true,0,0,0.005,0.005,ok,,,,,,1.0,1.3124,true,0.3124
rmsnorm,non-align-1,Liger-Kernel,126.0,118.8,,5.9389,ok,,false,true,0.00390625,0.000160097,0.005,0.005,ok,,,,,,1.0,5.9389,true,4.9389
rmsnorm,non-align-1,PyTorch-eager,748.3,526.3,,1.0000,ok,,false,true,0,0,0.005,0.005,ok,,,,,,1.0,1.0000,true,0.0000
rmsnorm,non-align-1,Arke,989.6,104.4,,0.7562,ok,,false,true,0.00250769,0.000185888,0.005,0.005,ok,,,,,,1.0,0.7562,false,-0.2438
rmsnorm,non-align-1,FlagGems,546.2,501.6,,1.3700,ok,,false,true,0,0,0.005,0.005,ok,,,,,,1.0,1.3700,true,0.3700
rmsnorm,non-align-2,Liger-Kernel,288.4,176.1,,2.2375,ok,,false,true,0.00390625,0.000156465,0.005,0.005,ok,,,,,,1.0,2.2375,true,1.2375
rmsnorm,non-align-2,PyTorch-eager,645.3,511.0,,1.0000,ok,,false,true,0,0,0.005,0.005,ok,,,,,,1.0,1.0000,true,0.0000
rmsnorm,non-align-2,Arke,1034.3,780.3,,0.6239,ok,,false,true,0.00395203,0.000207237,0.005,0.005,ok,,,,,,1.0,0.6239,false,-0.3761
rmsnorm,non-align-2,FlagGems,540.3,534.5,,1.1943,ok,,false,true,0,0,0.005,0.005,ok,,,,,,1.0,1.1943,true,0.1943
rmsnorm,non-align-3,Liger-Kernel,100.9,111.6,,6.3935,ok,,false,true,0.00390625,0.0001477,0.005,0.005,ok,,,,,,1.0,6.3935,true,5.3935
rmsnorm,non-align-3,PyTorch-eager,645.1,538.6,,1.0000,ok,,false,true,0,0,0.005,0.005,ok,,,,,,1.0,1.0000,true,0.0000
rmsnorm,non-align-3,Arke,874.4,705.5,,0.7378,ok,,false,true,0.00400162,0.000206517,0.005,0.005,ok,,,,,,1.0,0.7378,false,-0.2622
rmsnorm,non-align-3,FlagGems,558.8,502.8,,1.1544,ok,,false,true,0,0,0.005,0.005,ok,,,,,,1.0,1.1544,true,0.1544
rmsnorm,non-align-4,Liger-Kernel,164.6,193.5,,4.1434,ok,,false,true,0.00390625,0.00015374,0.005,0.005,ok,,,,,,1.0,4.1434,true,3.1434
rmsnorm,non-align-4,PyTorch-eager,682.0,608.3,,1.0000,ok,,false,true,0,0,0.005,0.005,ok,,,,,,1.0,1.0000,true,0.0000
rmsnorm,non-align-4,Arke,1081.4,1058.8,,0.6307,ok,,false,true,0.0042057,0.000204657,0.005,0.005,ok,,,,,,1.0,0.6307,false,-0.3693
rmsnorm,non-align-4,FlagGems,658.3,659.5,,1.0360,ok,,false,true,0,0,0.005,0.005,ok,,,,,,1.0,1.0360,true,0.0360
rmsnorm,extreme-small,Liger-Kernel,126.4,103.3,,5.6922,ok,,false,true,0.00195312,0.000100336,0.005,0.005,ok,,,,,,1.0,5.6922,true,4.6922
rmsnorm,extreme-small,PyTorch-eager,719.5,528.4,,1.0000,ok,,false,true,0,0,0.005,0.005,ok,,,,,,1.0,1.0000,true,0.0000
rmsnorm,extreme-small,Arke,928.9,421.9,,0.7746,ok,,false,true,0.000959158,0.000141449,0.005,0.005,ok,,,,,,1.0,0.7746,false,-0.2254
rmsnorm,extreme-small,FlagGems,556.8,517.1,,1.2922,ok,,false,true,0,0,0.005,0.005,ok,,,,,,1.0,1.2922,true,0.2922
rmsnorm,extreme-large,Liger-Kernel,427.8,430.1,,5.0757,ok,,false,true,0.00390625,0.000154752,0.005,0.005,ok,,,,,,1.0,5.0757,true,4.0757
rmsnorm,extreme-large,PyTorch-eager,2171.4,1968.1,,1.0000,ok,,false,true,0,0,0.005,0.005,ok,,,,,,1.0,1.0000,true,0.0000
rmsnorm,extreme-large,Arke,3674.0,3616.8,,0.5910,ok,,false,true,0.00439596,0.000202568,0.005,0.005,ok,,,,,,1.0,0.5910,false,-0.4090
rmsnorm,extreme-large,FlagGems,2453.7,2028.5,,0.8849,ok,,false,true,0,0,0.005,0.005,ok,,,,,,1.0,0.8849,false,-0.1151
rmsnorm,llama3-8b-norm,Liger-Kernel,106.5,126.9,,6.5568,ok,,false,true,0.00390625,0.000156063,0.005,0.005,ok,,,,,,1.0,6.5568,true,5.5568
rmsnorm,llama3-8b-norm,PyTorch-eager,698.3,522.2,,1.0000,ok,,false,true,0,0,0.005,0.005,ok,,,,,,1.0,1.0000,true,0.0000
rmsnorm,llama3-8b-norm,Arke,889.4,704.5,,0.7851,ok,,false,true,0.00285769,0.000204336,0.005,0.005,ok,,,,,,1.0,0.7851,false,-0.2149
rmsnorm,llama3-8b-norm,FlagGems,559.7,515.1,,1.2476,ok,,false,true,0,0,0.005,0.005,ok,,,,,,1.0,1.2476,true,0.2476
rmsnorm,llama3-8b-long,Liger-Kernel,426.7,428.0,,5.1387,ok,,false,true,0.00390625,0.000155309,0.005,0.005,ok,,,,,,1.0,5.1387,true,4.1387
rmsnorm,llama3-8b-long,PyTorch-eager,2192.7,1977.3,,1.0000,ok,,false,true,0,0,0.005,0.005,ok,,,,,,1.0,1.0000,true,0.0000
rmsnorm,llama3-8b-long,Arke,3617.8,3618.8,,0.6061,ok,,false,true,0.00429869,0.000205294,0.005,0.005,ok,,,,,,1.0,0.6061,false,-0.3939
rmsnorm,llama3-8b-long,FlagGems,2250.7,1973.2,,0.9742,ok,,false,true,0,0,0.005,0.005,ok,,,,,,1.0,0.9742,false,-0.0258
rmsnorm,qwen25-7b-norm,Liger-Kernel,134.4,115.9,,4.4769,ok,,false,true,0.00390625,0.000150143,0.005,0.005,ok,,,,,,1.0,4.4769,true,3.4769
rmsnorm,qwen25-7b-norm,PyTorch-eager,601.7,508.9,,1.0000,ok,,false,true,0,0,0.005,0.005,ok,,,,,,1.0,1.0000,true,0.0000
rmsnorm,qwen25-7b-norm,Arke,909.9,708.6,,0.6613,ok,,false,true,0.00352097,0.000210241,0.005,0.005,ok,,,,,,1.0,0.6613,false,-0.3387
rmsnorm,qwen25-7b-norm,FlagGems,560.6,507.1,,1.0733,ok,,false,true,0,0,0.005,0.005,ok,,,,,,1.0,1.0733,true,0.0733
rmsnorm,qwen25-7b-long,Liger-Kernel,375.8,376.8,,5.1594,ok,,false,true,0.00390625,0.000151177,0.005,0.005,ok,,,,,,1.0,5.1594,true,4.1594
rmsnorm,qwen25-7b-long,PyTorch-eager,1938.9,1732.6,,1.0000,ok,,false,true,0,0,0.005,0.005,ok,,,,,,1.0,1.0000,true,0.0000
rmsnorm,qwen25-7b-long,Arke,3242.9,3165.2,,0.5979,ok,,false,true,0.00446033,0.000206335,0.005,0.005,ok,,,,,,1.0,0.5979,false,-0.4021
rmsnorm,qwen25-7b-long,FlagGems,1990.6,1690.6,,0.9740,ok,,false,true,0,0,0.005,0.005,ok,,,,,,1.0,0.9740,false,-0.0260
rmsnorm,ds-v2-long,Liger-Kernel,534.1,538.6,,6.0232,ok,,false,true,0.00390625,0.000151818,0.005,0.005,ok,,,,,,1.0,6.0232,true,5.0232
rmsnorm,ds-v2-long,PyTorch-eager,3217.0,3035.1,,1.0000,ok,,false,true,0,0,0.005,0.005,ok,,,,,,1.0,1.0000,true,0.0000
rmsnorm,ds-v2-long,Arke,5239.3,4978.6,,0.6140,ok,,false,true,0.00431919,0.000204045,0.005,0.005,ok,,,,,,1.0,0.6140,false,-0.3860
rmsnorm,ds-v2-long,FlagGems,3245.9,3043.3,,0.9911,ok,,false,true,0,0,0.005,0.005,ok,,,,,,1.0,0.9911,false,-0.0089
rmsnorm,ds-v3-long,Liger-Kernel,374.7,374.6,,4.4879,ok,,false,true,0.00390625,0.000152207,0.005,0.005,ok,,,,,,1.0,4.4879,true,3.4879
rmsnorm,ds-v3-long,PyTorch-eager,1681.6,1699.6,,1.0000,ok,,false,true,0,0,0.005,0.005,ok,,,,,,1.0,1.0000,true,0.0000
rmsnorm,ds-v3-long,Arke,3170.2,3164.2,,0.5304,ok,,false,true,0.00414324,0.000203178,0.005,0.005,ok,,,,,,1.0,0.5304,false,-0.4696
rmsnorm,ds-v3-long,FlagGems,1703.0,1689.6,,0.9874,ok,,false,true,0,0,0.005,0.005,ok,,,,,,1.0,0.9874,false,-0.0126
rmsnorm_residual,gpt2-small,PyTorch-eager,752.5,675.8,,1.0000,ok,,false,true,0,0,0.005,0.005,ok,,,,,,1.0,1.0000,true,0.0000
rmsnorm_residual,gpt2-small,Arke,964.2,836.7,,0.7804,ok,,false,true,0.00456381,0.000241897,0.005,0.005,ok,,,,,,1.0,0.7804,false,-0.2196
rmsnorm_residual,gpt2-ffn,PyTorch-eager,729.8,674.8,,1.0000,ok,,false,true,0,0,0.005,0.005,ok,,,,,,1.0,1.0000,true,0.0000
rmsnorm_residual,gpt2-ffn,Arke,929.8,840.7,,0.7849,ok,,false,true,0.00368524,0.000240517,0.005,0.005,ok,,,,,,1.0,0.7849,false,-0.2151
rmsnorm_residual,gpt2-medium,PyTorch-eager,772.3,667.6,,1.0000,ok,,false,true,0,0,0.005,0.005,ok,,,,,,1.0,1.0000,true,0.0000
rmsnorm_residual,gpt2-medium,Arke,913.4,847.9,,0.8455,ok,,false,true,0.00371671,0.000246744,0.005,0.005,ok,,,,,,1.0,0.8455,false,-0.1545
rmsnorm_residual,llama-7b,PyTorch-eager,724.1,670.7,,1.0000,ok,,false,true,0,0,0.005,0.005,ok,,,,,,1.0,1.0000,true,0.0000
rmsnorm_residual,llama-7b,Arke,911.6,832.5,,0.7943,ok,,false,true,0.00360847,0.000245307,0.005,0.005,ok,,,,,,1.0,0.7943,false,-0.2057
rmsnorm_residual,llama-13b,PyTorch-eager,749.9,672.8,,1.0000,ok,,false,true,0,0,0.005,0.005,ok,,,,,,1.0,1.0000,true,0.0000
rmsnorm_residual,llama-13b,Arke,911.8,826.4,,0.8224,ok,,false,true,0.00385904,0.000240971,0.005,0.005,ok,,,,,,1.0,0.8224,false,-0.1776
rmsnorm_residual,llama-long,PyTorch-eager,961.6,932.8,,1.0000,ok,,false,true,0,0,0.005,0.005,ok,,,,,,1.0,1.0000,true,0.0000
rmsnorm_residual,llama-long,Arke,1532.4,1513.5,,0.6275,ok,,false,true,0.00488091,0.000244525,0.005,0.005,ok,,,,,,1.0,0.6275,false,-0.3725
rmsnorm_residual,ds-v2,PyTorch-eager,737.5,682.0,,1.0000,ok,,false,true,0,0,0.005,0.005,ok,,,,,,1.0,1.0000,true,0.0000
rmsnorm_residual,ds-v2,Arke,913.8,809.0,,0.8071,ok,,false,true,0.00485325,0.000236759,0.005,0.005,ok,,,,,,1.0,0.8071,false,-0.1929
rmsnorm_residual,ds-v3,PyTorch-eager,719.5,670.7,,1.0000,ok,,false,true,0,0,0.005,0.005,ok,,,,,,1.0,1.0000,true,0.0000
rmsnorm_residual,ds-v3,Arke,914.3,831.5,,0.7869,ok,,false,true,0.00478363,0.000245507,0.005,0.005,ok,,,,,,1.0,0.7869,false,-0.2131
rmsnorm_residual,mixtral-ffn,PyTorch-eager,767.3,671.7,,1.0000,ok,,false,true,0,0,0.005,0.005,ok,,,,,,1.0,1.0000,true,0.0000
rmsnorm_residual,mixtral-ffn,Arke,961.3,861.2,,0.7982,ok,,false,true,0.00389004,0.000237861,0.005,0.005,ok,,,,,,1.0,0.7982,false,-0.2018
rmsnorm_residual,non-align-1,PyTorch-eager,779.2,639.0,,1.0000,ok,,false,true,0,0,0.005,0.005,ok,,,,,,1.0,1.0000,true,0.0000
rmsnorm_residual,non-align-1,Arke,1008.9,827.4,,0.7723,ok,,false,true,0.00409222,0.000242933,0.005,0.005,ok,,,,,,1.0,0.7723,false,-0.2277
rmsnorm_residual,non-align-2,PyTorch-eager,882.5,684.0,,1.0000,ok,,false,true,0,0,0.005,0.005,ok,,,,,,1.0,1.0000,true,0.0000
rmsnorm_residual,non-align-2,Arke,1083.8,880.6,,0.8143,ok,,false,true,0.0046196,0.000245238,0.005,0.005,ok,,,,,,1.0,0.8143,false,-0.1857
rmsnorm_residual,non-align-3,PyTorch-eager,822.2,652.1,,1.0000,ok,,false,true,0,0,0.005,0.005,ok,,,,,,1.0,1.0000,true,0.0000
rmsnorm_residual,non-align-3,Arke,1092.4,827.5,,0.7527,ok,,false,true,0.00465107,0.000241191,0.005,0.005,ok,,,,,,1.0,0.7527,false,-0.2473
rmsnorm_residual,non-align-4,PyTorch-eager,1112.8,1084.4,,1.0000,ok,,false,true,0,0,0.005,0.005,ok,,,,,,1.0,1.0000,true,0.0000
rmsnorm_residual,non-align-4,Arke,1633.7,1498.1,,0.6812,ok,,false,true,0.00487614,0.000244655,0.005,0.005,ok,,,,,,1.0,0.6812,false,-0.3188
rmsnorm_residual,extreme-small,PyTorch-eager,774.6,668.7,,1.0000,ok,,false,true,0,0,0.005,0.005,ok,,,,,,1.0,1.0000,true,0.0000
rmsnorm_residual,extreme-small,Arke,941.8,829.4,,0.8225,ok,,false,true,0.00196218,0.00022835,0.005,0.005,ok,,,,,,1.0,0.8225,false,-0.1775
rmsnorm_residual,extreme-large,PyTorch-eager,3401.0,3178.5,,1.0000,ok,,false,true,0,0,0.005,0.005,ok,,,,,,1.0,1.0000,true,0.0000
rmsnorm_residual,extreme-large,Arke,5520.9,5517.3,,0.6160,ok,,false,true,0.00545168,0.000243884,0.005,0.005,ok,,,,,,1.0,0.6160,false,-0.3840
rmsnorm_residual,llama3-8b-norm,PyTorch-eager,828.9,668.7,,1.0000,ok,,false,true,0,0,0.005,0.005,ok,,,,,,1.0,1.0000,true,0.0000
rmsnorm_residual,llama3-8b-norm,Arke,971.9,888.7,,0.8529,ok,,false,true,0.00447035,0.000241297,0.005,0.005,ok,,,,,,1.0,0.8529,false,-0.1471
rmsnorm_residual,llama3-8b-long,PyTorch-eager,3420.5,3219.5,,1.0000,ok,,false,true,0,0,0.005,0.005,ok,,,,,,1.0,1.0000,true,0.0000
rmsnorm_residual,llama3-8b-long,Arke,5519.0,5509.1,,0.6198,ok,,false,true,0.00526047,0.000244547,0.005,0.005,ok,,,,,,1.0,0.6198,false,-0.3802
rmsnorm_residual,qwen25-7b-norm,PyTorch-eager,949.0,703.5,,1.0000,ok,,false,true,0,0,0.005,0.005,ok,,,,,,1.0,1.0000,true,0.0000
rmsnorm_residual,qwen25-7b-norm,Arke,1007.0,860.0,,0.9424,ok,,false,true,0.00429678,0.000245639,0.005,0.005,ok,,,,,,1.0,0.9424,false,-0.0576
rmsnorm_residual,qwen25-7b-long,PyTorch-eager,3037.3,2808.8,,1.0000,ok,,false,true,0,0,0.005,0.005,ok,,,,,,1.0,1.0000,true,0.0000
rmsnorm_residual,qwen25-7b-long,Arke,4837.8,4838.4,,0.6278,ok,,false,true,0.00500393,0.00024322,0.005,0.005,ok,,,,,,1.0,0.6278,false,-0.3722
rmsnorm_residual,ds-v2-long,PyTorch-eager,4717.8,4558.8,,1.0000,ok,,false,true,0,0,0.005,0.005,ok,,,,,,1.0,1.0000,true,0.0000
rmsnorm_residual,ds-v2-long,Arke,7381.9,7310.3,,0.6391,ok,,false,true,0.00538921,0.000244093,0.005,0.005,ok,,,,,,1.0,0.6391,false,-0.3609
rmsnorm_residual,ds-v3-long,PyTorch-eager,2779.9,2720.8,,1.0000,ok,,false,true,0,0,0.005,0.005,ok,,,,,,1.0,1.0000,true,0.0000
rmsnorm_residual,ds-v3-long,Arke,4834.6,4878.3,,0.5750,ok,,false,true,0.00508261,0.000244732,0.005,0.005,ok,,,,,,1.0,0.5750,false,-0.4250
rope,gpt2-sm-128,Liger-Kernel,172.3,122.9,,1.7063,ok,,false,,,,0.001,0.001,unsupported,runner Liger-Kernel does not implement run_with_inputs for rope,1179648,3542771302,0.0003,attention,1.0,1.7063,true,0.7063
rope,gpt2-sm-128,PyTorch-eager,294.0,254.8,,1.0000,ok,,false,true,0,0,0.001,0.001,ok,golden_runner='Liger-Kernel' returned None; used PyTorch-eager reference fallback,1179648,3542771302,0.0003,attention,1.0,1.0000,true,0.0000
rope,gpt2-sm-128,Arke,114.9,96.3,,2.5587,ok,,false,true,0,0,0.001,0.001,ok,golden_runner='Liger-Kernel' returned None; used PyTorch-eager reference fallback,1179648,3542771302,0.0003,attention,1.0,2.5587,true,1.5587
rope,gpt2-sm-512,Liger-Kernel,177.5,117.8,,2.0862,ok,,false,,,,0.001,0.001,unsupported,runner Liger-Kernel does not implement run_with_inputs for rope,9437184,3542771302,0.0027,attention,1.0,2.0862,true,1.0862
rope,gpt2-sm-512,PyTorch-eager,370.3,254.0,,1.0000,ok,,false,true,0,0,0.001,0.001,ok,golden_runner='Liger-Kernel' returned None; used PyTorch-eager reference fallback,9437184,3542771302,0.0027,attention,1.0,1.0000,true,0.0000
rope,gpt2-sm-512,Arke,112.9,102.4,,3.2799,ok,,false,true,0,0,0.001,0.001,ok,golden_runner='Liger-Kernel' returned None; used PyTorch-eager reference fallback,9437184,3542771302,0.0027,attention,1.0,3.2799,true,2.2799
rope,llama2-512,Liger-Kernel,181.2,154.5,,2.2743,ok,,false,,,,0.001,0.001,unsupported,runner Liger-Kernel does not implement run_with_inputs for rope,33554432,3542771302,0.0095,attention,1.0,2.2743,true,1.2743
rope,llama2-512,PyTorch-eager,412.1,315.4,,1.0000,ok,,false,true,0,0,0.001,0.001,ok,golden_runner='Liger-Kernel' returned None; used PyTorch-eager reference fallback,33554432,3542771302,0.0095,attention,1.0,1.0000,true,0.0000
rope,llama2-512,Arke,164.9,184.3,,2.4991,ok,,false,true,0,0,0.001,0.001,ok,golden_runner='Liger-Kernel' returned None; used PyTorch-eager reference fallback,33554432,3542771302,0.0095,attention,1.0,2.4991,true,1.4991
rope,llama2-2k,Liger-Kernel,504.2,502.8,,1.5339,ok,,false,,,,0.001,0.001,unsupported,runner Liger-Kernel does not implement run_with_inputs for rope,335544320,3542771302,0.0947,attention,1.0,1.5339,true,0.5339
rope,llama2-2k,PyTorch-eager,773.4,794.6,,1.0000,ok,,false,true,0,0,0.001,0.001,ok,golden_runner='Liger-Kernel' returned None; used PyTorch-eager reference fallback,335544320,3542771302,0.0947,attention,1.0,1.0000,true,0.0000
rope,llama2-2k,Arke,670.0,642.0,,1.1543,ok,,false,true,0,0,0.001,0.001,ok,golden_runner='Liger-Kernel' returned None; used PyTorch-eager reference fallback,335544320,3542771302,0.0947,attention,1.0,1.1543,true,0.1543
rope,llama3-q-512,Liger-Kernel,129.5,129.0,,3.2077,ok,,false,,,,0.001,0.001,unsupported,runner Liger-Kernel does not implement run_with_inputs for rope,33554432,3542771302,0.0095,attention,1.0,3.2077,true,2.2077
rope,llama3-q-512,PyTorch-eager,415.4,313.3,,1.0000,ok,,false,true,0,0,0.001,0.001,ok,golden_runner='Liger-Kernel' returned None; used PyTorch-eager reference fallback,33554432,3542771302,0.0095,attention,1.0,1.0000,true,0.0000
rope,llama3-q-512,Arke,167.2,169.0,,2.4844,ok,,false,true,0,0,0.001,0.001,ok,golden_runner='Liger-Kernel' returned None; used PyTorch-eager reference fallback,33554432,3542771302,0.0095,attention,1.0,2.4844,true,1.4844
rope,llama3-kv-512,Liger-Kernel,107.8,114.7,,3.6558,ok,,false,,,,0.001,0.001,unsupported,runner Liger-Kernel does not implement run_with_inputs for rope,8388608,3542771302,0.0024,attention,1.0,3.6558,true,2.6558
rope,llama3-kv-512,PyTorch-eager,394.1,250.9,,1.0000,ok,,false,true,0,0,0.001,0.001,ok,golden_runner='Liger-Kernel' returned None; used PyTorch-eager reference fallback,8388608,3542771302,0.0024,attention,1.0,1.0000,true,0.0000
rope,llama3-kv-512,Arke,88.5,106.5,,4.4531,ok,,false,true,0,0,0.001,0.001,ok,golden_runner='Liger-Kernel' returned None; used PyTorch-eager reference fallback,8388608,3542771302,0.0024,attention,1.0,4.4531,true,3.4531
rope,qwen25-q-512,Liger-Kernel,114.3,136.3,,2.2756,ok,,false,,,,0.001,0.001,unsupported,runner Liger-Kernel does not implement run_with_inputs for rope,29360128,3542771302,0.0083,attention,1.0,2.2756,true,1.2756
rope,qwen25-q-512,PyTorch-eager,260.1,319.5,,1.0000,ok,,false,true,0,0,0.001,0.001,ok,golden_runner='Liger-Kernel' returned None; used PyTorch-eager reference fallback,29360128,3542771302,0.0083,attention,1.0,1.0000,true,0.0000
rope,qwen25-q-512,Arke,148.8,147.3,,1.7480,ok,,false,true,0,0,0.001,0.001,ok,golden_runner='Liger-Kernel' returned None; used PyTorch-eager reference fallback,29360128,3542771302,0.0083,attention,1.0,1.7480,true,0.7480
rope,qwen25-kv-512,Liger-Kernel,155.6,118.8,,2.2288,ok,,false,,,,0.001,0.001,unsupported,runner Liger-Kernel does not implement run_with_inputs for rope,4194304,3542771302,0.0012,attention,1.0,2.2288,true,1.2288
rope,qwen25-kv-512,PyTorch-eager,346.8,250.9,,1.0000,ok,,false,true,0,0,0.001,0.001,ok,golden_runner='Liger-Kernel' returned None; used PyTorch-eager reference fallback,4194304,3542771302,0.0012,attention,1.0,1.0000,true,0.0000
rope,qwen25-kv-512,Arke,88.9,35.8,,3.9010,ok,,false,true,0,0,0.001,0.001,ok,golden_runner='Liger-Kernel' returned None; used PyTorch-eager reference fallback,4194304,3542771302,0.0012,attention,1.0,3.9010,true,2.9010
rope,ds-v2-512,Liger-Kernel,522.2,516.1,,1.4594,ok,,false,,,,0.001,0.001,unsupported,runner Liger-Kernel does not implement run_with_inputs for rope,134217728,3542771302,0.0379,attention,1.0,1.4594,true,0.4594
rope,ds-v2-512,PyTorch-eager,762.1,840.7,,1.0000,ok,,false,true,0,0,0.001,0.001,ok,golden_runner='Liger-Kernel' returned None; used PyTorch-eager reference fallback,134217728,3542771302,0.0379,attention,1.0,1.0000,true,0.0000
rope,ds-v2-512,Arke,673.7,628.7,,1.1312,ok,,false,true,0,0,0.001,0.001,ok,golden_runner='Liger-Kernel' returned None; used PyTorch-eager reference fallback,134217728,3542771302,0.0379,attention,1.0,1.1312,true,0.1312
rope,ds-v3-2k,Liger-Kernel,1903.9,1857.5,,1.4260,ok,,false,,,,0.001,0.001,unsupported,runner Liger-Kernel does not implement run_with_inputs for rope,1342177280,3542771302,0.3788,attention,1.0,1.4260,true,0.4260
rope,ds-v3-2k,PyTorch-eager,2715.0,2605.1,,1.0000,ok,,false,true,0,0,0.001,0.001,ok,golden_runner='Liger-Kernel' returned None; used PyTorch-eager reference fallback,1342177280,3542771302,0.3788,attention,1.0,1.0000,true,0.0000
rope,ds-v3-2k,Arke,2411.0,2328.6,,1.1261,ok,,false,true,0,0,0.001,0.001,ok,golden_runner='Liger-Kernel' returned None; used PyTorch-eager reference fallback,1342177280,3542771302,0.3788,attention,1.0,1.1261,true,0.1261
rope,llama3-8k,Liger-Kernel,inf,inf,,,skipped,memory preflight: estimated attention footprint 4563402752 bytes > budget 3542771302 bytes,true,,,,,,skipped,memory preflight: estimated attention footprint 4563402752 bytes > budget 3542771302 bytes,4563402752,3542771302,1.2881,attention,1.0,N/A,false,N/A
rope,llama3-8k,PyTorch-eager,inf,inf,,,skipped,memory preflight: estimated attention footprint 4563402752 bytes > budget 3542771302 bytes,true,,,,,,skipped,memory preflight: estimated attention footprint 4563402752 bytes > budget 3542771302 bytes,4563402752,3542771302,1.2881,attention,1.0,N/A,false,N/A
rope,llama3-8k,Arke,inf,inf,,,skipped,memory preflight: estimated attention footprint 4563402752 bytes > budget 3542771302 bytes,true,,,,,,skipped,memory preflight: estimated attention footprint 4563402752 bytes > budget 3542771302 bytes,4563402752,3542771302,1.2881,attention,1.0,N/A,false,N/A
rope,qwen25-32k,Liger-Kernel,inf,inf,,,skipped,memory preflight: estimated attention footprint 61069066240 bytes > budget 3542771302 bytes,true,,,,,,skipped,memory preflight: estimated attention footprint 61069066240 bytes > budget 3542771302 bytes,61069066240,3542771302,17.2377,attention,1.0,N/A,false,N/A
rope,qwen25-32k,PyTorch-eager,inf,inf,,,skipped,memory preflight: estimated attention footprint 61069066240 bytes > budget 3542771302 bytes,true,,,,,,skipped,memory preflight: estimated attention footprint 61069066240 bytes > budget 3542771302 bytes,61069066240,3542771302,17.2377,attention,1.0,N/A,false,N/A
rope,qwen25-32k,Arke,inf,inf,,,skipped,memory preflight: estimated attention footprint 61069066240 bytes > budget 3542771302 bytes,true,,,,,,skipped,memory preflight: estimated attention footprint 61069066240 bytes > budget 3542771302 bytes,61069066240,3542771302,17.2377,attention,1.0,N/A,false,N/A
rope,non-align-1,Liger-Kernel,153.5,90.1,,,ok,,false,,,,0.001,0.001,error,The size of tensor a (65) must match the size of tensor b (66) at non-singleton dimension 2,1277874,3542771302,0.0004,attention,1.0,,,
rope,non-align-1,PyTorch-eager,inf,inf,,,error,The size of tensor a (65) must match the size of tensor b (66) at non-singleton dimension 2,false,,,,,,error,The size of tensor a (65) must match the size of tensor b (66) at non-singleton dimension 2,1277874,3542771302,0.0004,attention,1.0,N/A,false,N/A
rope,non-align-2,Liger-Kernel,138.7,132.9,,,ok,,false,,,,0.001,0.001,error,The size of tensor a (127) must match the size of tensor b (128) at non-singleton dimension 2,16803180,3542771302,0.0047,attention,1.0,,,
rope,non-align-2,PyTorch-eager,inf,inf,,,error,The size of tensor a (127) must match the size of tensor b (128) at non-singleton dimension 2,false,,,,,,error,The size of tensor a (127) must match the size of tensor b (128) at non-singleton dimension 2,16803180,3542771302,0.0047,attention,1.0,N/A,false,N/A
rope,extreme-long,Liger-Kernel,inf,inf,,,skipped,memory preflight: estimated attention footprint 277025390592 bytes > budget 3542771302 bytes,true,,,,,,skipped,memory preflight: estimated attention footprint 277025390592 bytes > budget 3542771302 bytes,277025390592,3542771302,78.1945,attention,1.0,N/A,false,N/A
rope,extreme-long,PyTorch-eager,inf,inf,,,skipped,memory preflight: estimated attention footprint 277025390592 bytes > budget 3542771302 bytes,true,,,,,,skipped,memory preflight: estimated attention footprint 277025390592 bytes > budget 3542771302 bytes,277025390592,3542771302,78.1945,attention,1.0,N/A,false,N/A
rope,extreme-long,Arke,inf,inf,,,skipped,memory preflight: estimated attention footprint 277025390592 bytes > budget 3542771302 bytes,true,,,,,,skipped,memory preflight: estimated attention footprint 277025390592 bytes > budget 3542771302 bytes,277025390592,3542771302,78.1945,attention,1.0,N/A,false,N/A
rope,extreme-batch,Liger-Kernel,997.0,983.0,,1.4322,ok,,false,,,,0.001,0.001,unsupported,runner Liger-Kernel does not implement run_with_inputs for rope,268435456,3542771302,0.0758,attention,1.0,1.4322,true,0.4322
rope,extreme-batch,PyTorch-eager,1427.9,1361.9,,1.0000,ok,,false,true,0,0,0.001,0.001,ok,golden_runner='Liger-Kernel' returned None; used PyTorch-eager reference fallback,268435456,3542771302,0.0758,attention,1.0,1.0000,true,0.0000
rope,extreme-batch,Arke,1307.0,1238.0,,1.0925,ok,,false,true,0,0,0.001,0.001,ok,golden_runner='Liger-Kernel' returned None; used PyTorch-eager reference fallback,268435456,3542771302,0.0758,attention,1.0,1.0925,true,0.0925
rsqrt,micro-tiny,cuBLAS/cuDNN,100.0,111.6,,1.1040,ok,,false,true,0,0,0.001,0.001,ok,,,,,,1.0,1.1040,true,0.1040
rsqrt,micro-tiny,PyTorch-eager,110.4,87.1,,1.0000,ok,,false,true,0,0,0.001,0.001,ok,,,,,,1.0,1.0000,true,0.0000
rsqrt,micro-tiny,Arke,85.6,86.1,,1.2897,ok,,false,true,0,0,0.001,0.001,ok,,,,,,1.0,1.2897,true,0.2897
rsqrt,micro-tiny,FlagGems,75.2,100.4,,1.4681,ok,,false,true,0,0,0.001,0.001,ok,,,,,,1.0,1.4681,true,0.4681
rsqrt,micro-small,cuBLAS/cuDNN,73.9,90.1,,1.0014,ok,,false,true,0,0,0.001,0.001,ok,,,,,,1.0,1.0014,true,0.0014
rsqrt,micro-small,PyTorch-eager,74.0,96.5,,1.0000,ok,,false,true,0,0,0.001,0.001,ok,,,,,,1.0,1.0000,true,0.0000
rsqrt,micro-small,Arke,89.8,94.2,,0.8241,ok,,false,true,0,0,0.001,0.001,ok,,,,,,1.0,0.8241,false,-0.1759
rsqrt,micro-small,FlagGems,73.4,32.8,,1.0082,ok,,false,true,0,0,0.001,0.001,ok,,,,,,1.0,1.0082,true,0.0082
rsqrt,gpt2-hidden,cuBLAS/cuDNN,116.0,92.2,,0.6552,ok,,false,true,0,0,0.001,0.001,ok,,,,,,1.0,0.6552,false,-0.3448
rsqrt,gpt2-hidden,PyTorch-eager,76.0,91.1,,1.0000,ok,,false,true,0,0,0.001,0.001,ok,,,,,,1.0,1.0000,true,0.0000
rsqrt,gpt2-hidden,Arke,74.4,88.1,,1.0215,ok,,false,true,0,0,0.001,0.001,ok,,,,,,1.0,1.0215,true,0.0215
rsqrt,gpt2-hidden,FlagGems,71.5,62.5,,1.0629,ok,,false,true,0,0,0.001,0.001,ok,,,,,,1.0,1.0629,true,0.0629
rsqrt,gpt2-ffn,cuBLAS/cuDNN,85.6,75.0,,0.7874,ok,,false,true,0,0,0.001,0.001,ok,,,,,,1.0,0.7874,false,-0.2126
rsqrt,gpt2-ffn,PyTorch-eager,67.4,90.1,,1.0000,ok,,false,true,0,0,0.001,0.001,ok,,,,,,1.0,1.0000,true,0.0000
rsqrt,gpt2-ffn,Arke,75.7,42.0,,0.8904,ok,,false,true,0,0,0.001,0.001,ok,,,,,,1.0,0.8904,false,-0.1096
rsqrt,gpt2-ffn,FlagGems,73.0,98.3,,0.9233,ok,,false,true,0,0,0.001,0.001,ok,,,,,,1.0,0.9233,false,-0.0767
rsqrt,square-1k,cuBLAS/cuDNN,70.6,74.8,,1.1742,ok,,false,true,0,0,0.001,0.001,ok,,,,,,1.0,1.1742,true,0.1742
rsqrt,square-1k,PyTorch-eager,82.9,44.0,,1.0000,ok,,false,true,0,0,0.001,0.001,ok,,,,,,1.0,1.0000,true,0.0000
rsqrt,square-1k,Arke,71.9,85.0,,1.1530,ok,,false,true,0,0,0.001,0.001,ok,,,,,,1.0,1.1530,true,0.1530
rsqrt,square-1k,FlagGems,72.7,90.2,,1.1403,ok,,false,true,0,0,0.001,0.001,ok,,,,,,1.0,1.1403,true,0.1403
rsqrt,llama-ffn,cuBLAS/cuDNN,78.0,107.5,,0.9795,ok,,false,true,0,0,0.001,0.001,ok,,,,,,1.0,0.9795,false,-0.0205
rsqrt,llama-ffn,PyTorch-eager,76.4,130.0,,1.0000,ok,,false,true,0,0,0.001,0.001,ok,,,,,,1.0,1.0000,true,0.0000
rsqrt,llama-ffn,Arke,78.5,127.0,,0.9732,ok,,false,true,0,0,0.001,0.001,ok,,,,,,1.0,0.9732,false,-0.0268
rsqrt,llama-ffn,FlagGems,75.7,123.9,,1.0092,ok,,false,true,0,0,0.001,0.001,ok,,,,,,1.0,1.0092,true,0.0092
rsqrt,llama-hidden,cuBLAS/cuDNN,81.4,37.2,,1.2297,ok,,false,true,0,0,0.001,0.001,ok,,,,,,1.0,1.2297,true,0.2297
rsqrt,llama-hidden,PyTorch-eager,100.1,86.7,,1.0000,ok,,false,true,0,0,0.001,0.001,ok,,,,,,1.0,1.0000,true,0.0000
rsqrt,llama-hidden,Arke,71.7,92.2,,1.3961,ok,,false,true,0,0,0.001,0.001,ok,,,,,,1.0,1.3961,true,0.3961
rsqrt,llama-hidden,FlagGems,72.1,101.2,,1.3883,ok,,false,true,0,0,0.001,0.001,ok,,,,,,1.0,1.3883,true,0.3883
rsqrt,llama-long,cuBLAS/cuDNN,217.3,218.1,,0.9991,ok,,false,true,0,0,0.001,0.001,ok,,,,,,1.0,0.9991,false,-0.0009
rsqrt,llama-long,PyTorch-eager,217.1,225.3,,1.0000,ok,,false,true,0,0,0.001,0.001,ok,,,,,,1.0,1.0000,true,0.0000
rsqrt,llama-long,Arke,217.1,229.4,,1.0000,ok,,false,true,0,0,0.001,0.001,ok,,,,,,1.0,1.0000,true,0.0000
rsqrt,llama-long,FlagGems,216.7,218.1,,1.0018,ok,,false,true,0,0,0.001,0.001,ok,,,,,,1.0,1.0018,true,0.0018
rsqrt,ds-ffn,cuBLAS/cuDNN,84.5,147.5,,1.0118,ok,,false,true,0,0,0.001,0.001,ok,,,,,,1.0,1.0118,true,0.0118
rsqrt,ds-ffn,PyTorch-eager,85.5,142.1,,1.0000,ok,,false,true,0,0,0.001,0.001,ok,,,,,,1.0,1.0000,true,0.0000
rsqrt,ds-ffn,Arke,84.0,113.7,,1.0179,ok,,false,true,0,0,0.001,0.001,ok,,,,,,1.0,1.0179,true,0.0179
rsqrt,ds-ffn,FlagGems,84.2,130.0,,1.0154,ok,,false,true,0,0,0.001,0.001,ok,,,,,,1.0,1.0154,true,0.0154
rsqrt,ds-ffn-large,cuBLAS/cuDNN,124.8,191.5,,1.0000,ok,,false,true,0,0,0.001,0.001,ok,,,,,,1.0,1.0000,true,0.0000
rsqrt,ds-ffn-large,PyTorch-eager,124.8,174.0,,1.0000,ok,,false,true,0,0,0.001,0.001,ok,,,,,,1.0,1.0000,true,0.0000
rsqrt,ds-ffn-large,Arke,124.1,197.6,,1.0056,ok,,false,true,0,0,0.001,0.001,ok,,,,,,1.0,1.0056,true,0.0056
rsqrt,ds-ffn-large,FlagGems,123.9,192.5,,1.0073,ok,,false,true,0,0,0.001,0.001,ok,,,,,,1.0,1.0073,true,0.0073
rsqrt,qwen-ffn,cuBLAS/cuDNN,129.3,162.7,,0.9869,ok,,false,true,0,0,0.001,0.001,ok,,,,,,1.0,0.9869,false,-0.0131
rsqrt,qwen-ffn,PyTorch-eager,127.6,149.5,,1.0000,ok,,false,true,0,0,0.001,0.001,ok,,,,,,1.0,1.0000,true,0.0000
rsqrt,qwen-ffn,Arke,127.6,129.0,,1.0000,ok,,false,true,0,0,0.001,0.001,ok,,,,,,1.0,1.0000,true,0.0000
rsqrt,qwen-ffn,FlagGems,127.3,188.4,,1.0024,ok,,false,true,0,0,0.001,0.001,ok,,,,,,1.0,1.0024,true,0.0024
rsqrt,xlarge,cuBLAS/cuDNN,429.4,430.1,,0.9993,ok,,false,true,0,0,0.001,0.001,ok,,,,,,1.0,0.9993,false,-0.0007
rsqrt,xlarge,PyTorch-eager,429.1,428.0,,1.0000,ok,,false,true,0,0,0.001,0.001,ok,,,,,,1.0,1.0000,true,0.0000
rsqrt,xlarge,Arke,429.1,428.0,,1.0000,ok,,false,true,0,0,0.001,0.001,ok,,,,,,1.0,1.0000,true,0.0000
rsqrt,xlarge,FlagGems,428.5,428.0,,1.0014,ok,,false,true,0,0,0.001,0.001,ok,,,,,,1.0,1.0014,true,0.0014
rsqrt,non-align-1,cuBLAS/cuDNN,82.1,87.0,,1.4421,ok,,false,true,0,0,0.001,0.001,ok,,,,,,1.0,1.4421,true,0.4421
rsqrt,non-align-1,PyTorch-eager,118.4,9.1,,1.0000,ok,,false,true,0,0,0.001,0.001,ok,,,,,,1.0,1.0000,true,0.0000
rsqrt,non-align-1,Arke,74.9,90.1,,1.5808,ok,,false,true,0,0,0.001,0.001,ok,,,,,,1.0,1.5808,true,0.5808
rsqrt,non-align-1,FlagGems,75.5,85.0,,1.5682,ok,,false,true,0,0,0.001,0.001,ok,,,,,,1.0,1.5682,true,0.5682
rsqrt,non-align-2,cuBLAS/cuDNN,71.6,44.0,,1.3184,ok,,false,true,0,0,0.001,0.001,ok,,,,,,1.0,1.3184,true,0.3184
rsqrt,non-align-2,PyTorch-eager,94.4,106.5,,1.0000,ok,,false,true,0,0,0.001,0.001,ok,,,,,,1.0,1.0000,true,0.0000
rsqrt,non-align-2,Arke,76.1,116.7,,1.2405,ok,,false,true,0,0,0.001,0.001,ok,,,,,,1.0,1.2405,true,0.2405
rsqrt,non-align-2,FlagGems,71.0,111.6,,1.3296,ok,,false,true,0,0,0.001,0.001,ok,,,,,,1.0,1.3296,true,0.3296
rsqrt,non-align-3,cuBLAS/cuDNN,110.5,151.6,,1.0606,ok,,false,true,0,0,0.001,0.001,ok,,,,,,1.0,1.0606,true,0.0606
rsqrt,non-align-3,PyTorch-eager,117.2,183.2,,1.0000,ok,,false,true,0,0,0.001,0.001,ok,,,,,,1.0,1.0000,true,0.0000
rsqrt,non-align-3,Arke,111.1,181.2,,1.0549,ok,,false,true,0,0,0.001,0.001,ok,,,,,,1.0,1.0549,true,0.0549
rsqrt,non-align-3,FlagGems,109.1,150.5,,1.0742,ok,,false,true,0,0,0.001,0.001,ok,,,,,,1.0,1.0742,true,0.0742
rsqrt,non-align-4,cuBLAS/cuDNN,87.2,115.7,,0.8876,ok,,false,true,0,0,0.001,0.001,ok,,,,,,1.0,0.8876,false,-0.1124
rsqrt,non-align-4,PyTorch-eager,77.4,110.6,,1.0000,ok,,false,true,0,0,0.001,0.001,ok,,,,,,1.0,1.0000,true,0.0000
rsqrt,non-align-4,Arke,88.1,106.5,,0.8785,ok,,false,true,0,0,0.001,0.001,ok,,,,,,1.0,0.8785,false,-0.1215
rsqrt,non-align-4,FlagGems,75.4,114.7,,1.0265,ok,,false,true,0,0,0.001,0.001,ok,,,,,,1.0,1.0265,true,0.0265
rsqrt,non-align-5,cuBLAS/cuDNN,72.9,91.1,,1.1152,ok,,false,true,0,0,0.001,0.001,ok,,,,,,1.0,1.1152,true,0.1152
rsqrt,non-align-5,PyTorch-eager,81.3,82.9,,1.0000,ok,,false,true,0,0,0.001,0.001,ok,,,,,,1.0,1.0000,true,0.0000
rsqrt,non-align-5,Arke,109.7,68.6,,0.7411,ok,,false,true,0,0,0.001,0.001,ok,,,,,,1.0,0.7411,false,-0.2589
rsqrt,non-align-5,FlagGems,74.2,89.1,,1.0957,ok,,false,true,0,0,0.001,0.001,ok,,,,,,1.0,1.0957,true,0.0957
rsqrt,extreme-flat,cuBLAS/cuDNN,90.2,51.1,,1.0155,ok,,false,true,0,0,0.001,0.001,ok,,,,,,1.0,1.0155,true,0.0155
rsqrt,extreme-flat,PyTorch-eager,91.6,77.1,,1.0000,ok,,false,true,0,0,0.001,0.001,ok,,,,,,1.0,1.0000,true,0.0000
rsqrt,extreme-flat,Arke,83.6,98.3,,1.0957,ok,,false,true,0,0,0.001,0.001,ok,,,,,,1.0,1.0957,true,0.0957
rsqrt,extreme-flat,FlagGems,72.5,89.1,,1.2634,ok,,false,true,0,0,0.001,0.001,ok,,,,,,1.0,1.2634,true,0.2634
rsqrt,extreme-tall,cuBLAS/cuDNN,102.5,83.0,,0.7268,ok,,false,true,0,0,0.001,0.001,ok,,,,,,1.0,0.7268,false,-0.2732
rsqrt,extreme-tall,PyTorch-eager,74.5,67.3,,1.0000,ok,,false,true,0,0,0.001,0.001,ok,,,,,,1.0,1.0000,true,0.0000
rsqrt,extreme-tall,Arke,75.1,17.4,,0.9920,ok,,false,true,0,0,0.001,0.001,ok,,,,,,1.0,0.9920,false,-0.0080
rsqrt,extreme-tall,FlagGems,73.4,90.1,,1.0150,ok,,false,true,0,0,0.001,0.001,ok,,,,,,1.0,1.0150,true,0.0150
rsqrt,extreme-wide,cuBLAS/cuDNN,71.9,127.0,,1.0111,ok,,false,true,0,0,0.001,0.001,ok,,,,,,1.0,1.0111,true,0.0111
rsqrt,extreme-wide,PyTorch-eager,72.7,127.0,,1.0000,ok,,false,true,0,0,0.001,0.001,ok,,,,,,1.0,1.0000,true,0.0000
rsqrt,extreme-wide,Arke,74.8,128.0,,0.9719,ok,,false,true,0,0,0.001,0.001,ok,,,,,,1.0,0.9719,false,-0.0281
rsqrt,extreme-wide,FlagGems,69.4,126.0,,1.0476,ok,,false,true,0,0,0.001,0.001,ok,,,,,,1.0,1.0476,true,0.0476
scatter,tiny,PyTorch-eager,135.2,135.4,,1.0000,ok,,false,true,0,0,0.001,0.001,ok,golden_runner='FlagGems' returned None; used PyTorch-eager reference fallback,,,,,1.0,1.0000,true,0.0000
scatter,moe-combine-top2,PyTorch-eager,182.2,282.6,,1.0000,ok,,false,true,0,0,0.001,0.001,ok,golden_runner='FlagGems' returned None; used PyTorch-eager reference fallback,,,,,1.0,1.0000,true,0.0000
scatter,moe-combine-top4,PyTorch-eager,193.1,284.7,,1.0000,ok,,false,true,0,0,0.001,0.001,ok,golden_runner='FlagGems' returned None; used PyTorch-eager reference fallback,,,,,1.0,1.0000,true,0.0000
scatter,kvcache-write-256,PyTorch-eager,184.3,220.2,,1.0000,ok,,false,true,0,0,0.001,0.001,ok,golden_runner='FlagGems' returned None; used PyTorch-eager reference fallback,,,,,1.0,1.0000,true,0.0000
scatter,kvcache-write-2k,PyTorch-eager,781.1,718.8,,1.0000,ok,,false,true,0,0,0.001,0.001,ok,golden_runner='FlagGems' returned None; used PyTorch-eager reference fallback,,,,,1.0,1.0000,true,0.0000
scatter,ds-moe-combine,PyTorch-eager,369.8,360.2,,1.0000,ok,,false,true,0,0,0.001,0.001,ok,golden_runner='FlagGems' returned None; used PyTorch-eager reference fallback,,,,,1.0,1.0000,true,0.0000
scatter,non-align-1,PyTorch-eager,134.1,149.5,,1.0000,ok,,false,true,0,0,0.001,0.001,ok,golden_runner='FlagGems' returned None; used PyTorch-eager reference fallback,,,,,1.0,1.0000,true,0.0000
scatter,non-align-2,PyTorch-eager,159.4,178.2,,1.0000,ok,,false,true,0,0,0.001,0.001,ok,golden_runner='FlagGems' returned None; used PyTorch-eager reference fallback,,,,,1.0,1.0000,true,0.0000
scatter,extreme-k-large,PyTorch-eager,188.3,212.0,,1.0000,ok,,false,true,0,0,0.001,0.001,ok,golden_runner='FlagGems' returned None; used PyTorch-eager reference fallback,,,,,1.0,1.0000,true,0.0000
scatter,extreme-atomic,PyTorch-eager,194.3,272.4,,1.0000,ok,,false,true,0,0,0.001,0.001,ok,golden_runner='FlagGems' returned None; used PyTorch-eager reference fallback,,,,,1.0,1.0000,true,0.0000
sigmoid,micro-tiny,cuBLAS/cuDNN,85.5,93.1,,0.8386,ok,,false,true,0,0,0.001,0.001,ok,,,,,,1.0,0.8386,false,-0.1614
sigmoid,micro-tiny,PyTorch-eager,71.7,96.2,,1.0000,ok,,false,true,0,0,0.001,0.001,ok,,,,,,1.0,1.0000,true,0.0000
sigmoid,micro-tiny,Arke,110.7,96.3,,0.6477,ok,,false,true,0,0,0.001,0.001,ok,,,,,,1.0,0.6477,false,-0.3523
sigmoid,micro-tiny,FlagGems,73.5,67.5,,0.9755,ok,,false,true,0,0,0.001,0.001,ok,,,,,,1.0,0.9755,false,-0.0245
sigmoid,micro-small,cuBLAS/cuDNN,89.6,92.2,,1.1696,ok,,false,true,0,0,0.001,0.001,ok,,,,,,1.0,1.1696,true,0.1696
sigmoid,micro-small,PyTorch-eager,104.8,94.2,,1.0000,ok,,false,true,0,0,0.001,0.001,ok,,,,,,1.0,1.0000,true,0.0000
sigmoid,micro-small,Arke,92.4,95.3,,1.1342,ok,,false,true,0,0,0.001,0.001,ok,,,,,,1.0,1.1342,true,0.1342
sigmoid,micro-small,FlagGems,77.2,91.0,,1.3575,ok,,false,true,0,0,0.001,0.001,ok,,,,,,1.0,1.3575,true,0.3575
sigmoid,gpt2-hidden,cuBLAS/cuDNN,111.9,96.5,,0.7203,ok,,false,true,0,0,0.001,0.001,ok,,,,,,1.0,0.7203,false,-0.2797
sigmoid,gpt2-hidden,PyTorch-eager,80.6,89.2,,1.0000,ok,,false,true,0,0,0.001,0.001,ok,,,,,,1.0,1.0000,true,0.0000
sigmoid,gpt2-hidden,Arke,93.1,99.3,,0.8657,ok,,false,true,0,0,0.001,0.001,ok,,,,,,1.0,0.8657,false,-0.1343
sigmoid,gpt2-hidden,FlagGems,78.8,64.4,,1.0228,ok,,false,true,0,0,0.001,0.001,ok,,,,,,1.0,1.0228,true,0.0228
sigmoid,gpt2-ffn,cuBLAS/cuDNN,100.0,90.1,,0.9630,ok,,false,true,0,0,0.001,0.001,ok,,,,,,1.0,0.9630,false,-0.0370
sigmoid,gpt2-ffn,PyTorch-eager,96.3,88.0,,1.0000,ok,,false,true,0,0,0.001,0.001,ok,,,,,,1.0,1.0000,true,0.0000
sigmoid,gpt2-ffn,Arke,76.8,10.2,,1.2539,ok,,false,true,0,0,0.001,0.001,ok,,,,,,1.0,1.2539,true,0.2539
sigmoid,gpt2-ffn,FlagGems,73.7,64.5,,1.3066,ok,,false,true,0,0,0.001,0.001,ok,,,,,,1.0,1.3066,true,0.3066
sigmoid,square-1k,cuBLAS/cuDNN,76.0,28.7,,0.9697,ok,,false,true,0,0,0.001,0.001,ok,,,,,,1.0,0.9697,false,-0.0303
sigmoid,square-1k,PyTorch-eager,73.7,95.2,,1.0000,ok,,false,true,0,0,0.001,0.001,ok,,,,,,1.0,1.0000,true,0.0000
sigmoid,square-1k,Arke,89.1,92.9,,0.8272,ok,,false,true,0,0,0.001,0.001,ok,,,,,,1.0,0.8272,false,-0.1728
sigmoid,square-1k,FlagGems,73.6,13.3,,1.0014,ok,,false,true,0,0,0.001,0.001,ok,,,,,,1.0,1.0014,true,0.0014
sigmoid,llama-ffn,cuBLAS/cuDNN,98.5,140.3,,0.8396,ok,,false,true,0,0,0.001,0.001,ok,,,,,,1.0,0.8396,false,-0.1604
sigmoid,llama-ffn,PyTorch-eager,82.7,115.6,,1.0000,ok,,false,true,0,0,0.001,0.001,ok,,,,,,1.0,1.0000,true,0.0000
sigmoid,llama-ffn,Arke,106.0,104.4,,0.7802,ok,,false,true,0,0,0.001,0.001,ok,,,,,,1.0,0.7802,false,-0.2198
sigmoid,llama-ffn,FlagGems,81.3,79.9,,1.0172,ok,,false,true,0,0,0.001,0.001,ok,,,,,,1.0,1.0172,true,0.0172
sigmoid,llama-hidden,cuBLAS/cuDNN,97.4,65.5,,0.8265,ok,,false,true,0,0,0.001,0.001,ok,,,,,,1.0,0.8265,false,-0.1735
sigmoid,llama-hidden,PyTorch-eager,80.5,95.2,,1.0000,ok,,false,true,0,0,0.001,0.001,ok,,,,,,1.0,1.0000,true,0.0000
sigmoid,llama-hidden,Arke,78.1,98.3,,1.0307,ok,,false,true,0,0,0.001,0.001,ok,,,,,,1.0,1.0307,true,0.0307
sigmoid,llama-hidden,FlagGems,71.7,28.7,,1.1227,ok,,false,true,0,0,0.001,0.001,ok,,,,,,1.0,1.1227,true,0.1227
sigmoid,llama-long,cuBLAS/cuDNN,217.1,218.1,,1.0014,ok,,false,true,0,0,0.001,0.001,ok,,,,,,1.0,1.0014,true,0.0014
sigmoid,llama-long,PyTorch-eager,217.4,219.1,,1.0000,ok,,false,true,0,0,0.001,0.001,ok,,,,,,1.0,1.0000,true,0.0000
sigmoid,llama-long,Arke,217.0,237.6,,1.0018,ok,,false,true,0,0,0.001,0.001,ok,,,,,,1.0,1.0018,true,0.0018
sigmoid,llama-long,FlagGems,217.3,219.0,,1.0005,ok,,false,true,0,0,0.001,0.001,ok,,,,,,1.0,1.0005,true,0.0005
sigmoid,ds-ffn,cuBLAS/cuDNN,108.7,88.1,,0.7755,ok,,false,true,0,0,0.001,0.001,ok,,,,,,1.0,0.7755,false,-0.2245
sigmoid,ds-ffn,PyTorch-eager,84.3,102.4,,1.0000,ok,,false,true,0,0,0.001,0.001,ok,,,,,,1.0,1.0000,true,0.0000
sigmoid,ds-ffn,Arke,83.9,90.0,,1.0048,ok,,false,true,0,0,0.001,0.001,ok,,,,,,1.0,1.0048,true,0.0048
sigmoid,ds-ffn,FlagGems,85.1,146.4,,0.9906,ok,,false,true,0,0,0.001,0.001,ok,,,,,,1.0,0.9906,false,-0.0094
sigmoid,ds-ffn-large,cuBLAS/cuDNN,123.6,159.7,,1.0032,ok,,false,true,0,0,0.001,0.001,ok,,,,,,1.0,1.0032,true,0.0032
sigmoid,ds-ffn-large,PyTorch-eager,124.0,155.6,,1.0000,ok,,false,true,0,0,0.001,0.001,ok,,,,,,1.0,1.0000,true,0.0000
sigmoid,ds-ffn-large,Arke,124.1,161.8,,0.9992,ok,,false,true,0,0,0.001,0.001,ok,,,,,,1.0,0.9992,false,-0.0008
sigmoid,ds-ffn-large,FlagGems,124.3,149.5,,0.9976,ok,,false,true,0,0,0.001,0.001,ok,,,,,,1.0,0.9976,false,-0.0024
sigmoid,qwen-ffn,cuBLAS/cuDNN,127.2,132.1,,1.0016,ok,,false,true,0,0,0.001,0.001,ok,,,,,,1.0,1.0016,true,0.0016
sigmoid,qwen-ffn,PyTorch-eager,127.4,191.5,,1.0000,ok,,false,true,0,0,0.001,0.001,ok,,,,,,1.0,1.0000,true,0.0000
sigmoid,qwen-ffn,Arke,127.6,129.0,,0.9984,ok,,false,true,0,0,0.001,0.001,ok,,,,,,1.0,0.9984,false,-0.0016
sigmoid,qwen-ffn,FlagGems,127.6,167.9,,0.9984,ok,,false,true,0,0,0.001,0.001,ok,,,,,,1.0,0.9984,false,-0.0016
sigmoid,xlarge,cuBLAS/cuDNN,428.4,428.0,,1.0049,ok,,false,true,0,0,0.001,0.001,ok,,,,,,1.0,1.0049,true,0.0049
sigmoid,xlarge,PyTorch-eager,430.5,430.0,,1.0000,ok,,false,true,0,0,0.001,0.001,ok,,,,,,1.0,1.0000,true,0.0000
sigmoid,xlarge,Arke,430.5,429.1,,1.0000,ok,,false,true,0,0,0.001,0.001,ok,,,,,,1.0,1.0000,true,0.0000
sigmoid,xlarge,FlagGems,587.5,426.0,,0.7328,ok,,false,true,0,0,0.001,0.001,ok,,,,,,1.0,0.7328,false,-0.2672
sigmoid,non-align-1,cuBLAS/cuDNN,73.1,46.1,,1.0287,ok,,false,true,0,0,0.001,0.001,ok,,,,,,1.0,1.0287,true,0.0287
sigmoid,non-align-1,PyTorch-eager,75.2,95.2,,1.0000,ok,,false,true,0,0,0.001,0.001,ok,,,,,,1.0,1.0000,true,0.0000
sigmoid,non-align-1,Arke,75.8,96.3,,0.9921,ok,,false,true,0,0,0.001,0.001,ok,,,,,,1.0,0.9921,false,-0.0079
sigmoid,non-align-1,FlagGems,92.1,76.8,,0.8165,ok,,false,true,0,0,0.001,0.001,ok,,,,,,1.0,0.8165,false,-0.1835
sigmoid,non-align-2,cuBLAS/cuDNN,72.7,73.7,,1.1527,ok,,false,true,0,0,0.001,0.001,ok,,,,,,1.0,1.1527,true,0.1527
sigmoid,non-align-2,PyTorch-eager,83.8,72.7,,1.0000,ok,,false,true,0,0,0.001,0.001,ok,,,,,,1.0,1.0000,true,0.0000
sigmoid,non-align-2,Arke,76.3,81.9,,1.0983,ok,,false,true,0,0,0.001,0.001,ok,,,,,,1.0,1.0983,true,0.0983
sigmoid,non-align-2,FlagGems,75.1,110.6,,1.1158,ok,,false,true,0,0,0.001,0.001,ok,,,,,,1.0,1.1158,true,0.1158
sigmoid,non-align-3,cuBLAS/cuDNN,109.1,111.5,,1.0110,ok,,false,true,0,0,0.001,0.001,ok,,,,,,1.0,1.0110,true,0.0110
sigmoid,non-align-3,PyTorch-eager,110.3,171.0,,1.0000,ok,,false,true,0,0,0.001,0.001,ok,,,,,,1.0,1.0000,true,0.0000
sigmoid,non-align-3,Arke,115.3,113.7,,0.9566,ok,,false,true,0,0,0.001,0.001,ok,,,,,,1.0,0.9566,false,-0.0434
sigmoid,non-align-3,FlagGems,142.0,181.2,,0.7768,ok,,false,true,0,0,0.001,0.001,ok,,,,,,1.0,0.7768,false,-0.2232
sigmoid,non-align-4,cuBLAS/cuDNN,73.5,115.6,,1.3129,ok,,false,true,0,0,0.001,0.001,ok,,,,,,1.0,1.3129,true,0.3129
sigmoid,non-align-4,PyTorch-eager,96.5,120.7,,1.0000,ok,,false,true,0,0,0.001,0.001,ok,,,,,,1.0,1.0000,true,0.0000
sigmoid,non-align-4,Arke,91.6,89.1,,1.0535,ok,,false,true,0,0,0.001,0.001,ok,,,,,,1.0,1.0535,true,0.0535
sigmoid,non-align-4,FlagGems,72.9,119.8,,1.3237,ok,,false,true,0,0,0.001,0.001,ok,,,,,,1.0,1.3237,true,0.3237
sigmoid,non-align-5,cuBLAS/cuDNN,73.3,49.2,,1.0136,ok,,false,true,0,0,0.001,0.001,ok,,,,,,1.0,1.0136,true,0.0136
sigmoid,non-align-5,PyTorch-eager,74.3,55.3,,1.0000,ok,,false,true,0,0,0.001,0.001,ok,,,,,,1.0,1.0000,true,0.0000
sigmoid,non-align-5,Arke,100.1,94.2,,0.7423,ok,,false,true,0,0,0.001,0.001,ok,,,,,,1.0,0.7423,false,-0.2577
sigmoid,non-align-5,FlagGems,71.0,48.1,,1.0465,ok,,false,true,0,0,0.001,0.001,ok,,,,,,1.0,1.0465,true,0.0465
sigmoid,extreme-flat,cuBLAS/cuDNN,75.3,55.5,,0.9934,ok,,false,true,0,0,0.001,0.001,ok,,,,,,1.0,0.9934,false,-0.0066
sigmoid,extreme-flat,PyTorch-eager,74.8,59.4,,1.0000,ok,,false,true,0,0,0.001,0.001,ok,,,,,,1.0,1.0000,true,0.0000
sigmoid,extreme-flat,Arke,85.4,98.3,,0.8759,ok,,false,true,0,0,0.001,0.001,ok,,,,,,1.0,0.8759,false,-0.1241
sigmoid,extreme-flat,FlagGems,72.4,85.9,,1.0331,ok,,false,true,0,0,0.001,0.001,ok,,,,,,1.0,1.0331,true,0.0331
sigmoid,extreme-tall,cuBLAS/cuDNN,73.2,80.9,,0.9877,ok,,false,true,0,0,0.001,0.001,ok,,,,,,1.0,0.9877,false,-0.0123
sigmoid,extreme-tall,PyTorch-eager,72.3,92.3,,1.0000,ok,,false,true,0,0,0.001,0.001,ok,,,,,,1.0,1.0000,true,0.0000
sigmoid,extreme-tall,Arke,76.2,53.3,,0.9488,ok,,false,true,0,0,0.001,0.001,ok,,,,,,1.0,0.9488,false,-0.0512
sigmoid,extreme-tall,FlagGems,74.3,18.4,,0.9731,ok,,false,true,0,0,0.001,0.001,ok,,,,,,1.0,0.9731,false,-0.0269
sigmoid,extreme-wide,cuBLAS/cuDNN,74.3,122.7,,0.9973,ok,,false,true,0,0,0.001,0.001,ok,,,,,,1.0,0.9973,false,-0.0027
sigmoid,extreme-wide,PyTorch-eager,74.1,94.2,,1.0000,ok,,false,true,0,0,0.001,0.001,ok,,,,,,1.0,1.0000,true,0.0000
sigmoid,extreme-wide,Arke,76.9,58.4,,0.9636,ok,,false,true,0,0,0.001,0.001,ok,,,,,,1.0,0.9636,false,-0.0364
sigmoid,extreme-wide,FlagGems,72.0,89.9,,1.0292,ok,,false,true,0,0,0.001,0.001,ok,,,,,,1.0,1.0292,true,0.0292
silu,micro-tiny,cuBLAS/cuDNN,99.8,95.2,,0.8427,ok,,false,true,0,0,0.001,0.001,ok,,,,,,1.0,0.8427,false,-0.1573
silu,micro-tiny,PyTorch-eager,84.1,92.3,,1.0000,ok,,false,true,0,0,0.001,0.001,ok,,,,,,1.0,1.0000,true,0.0000
silu,micro-tiny,torch.compile,299.4,23.6,,0.2809,ok,,false,true,0,0,0.001,0.001,ok,,,,,,1.0,0.2809,false,-0.7191
silu,micro-tiny,Arke,76.2,59.6,,1.1037,ok,,false,true,0,0,0.001,0.001,ok,,,,,,1.0,1.1037,true,0.1037
silu,micro-tiny,FlagGems,73.4,77.7,,1.1458,ok,,false,true,0,0,0.001,0.001,ok,,,,,,1.0,1.1458,true,0.1458
silu,micro-small,cuBLAS/cuDNN,77.3,99.3,,1.1488,ok,,false,true,0,0,0.001,0.001,ok,,,,,,1.0,1.1488,true,0.1488
silu,micro-small,PyTorch-eager,88.8,92.2,,1.0000,ok,,false,true,0,0,0.001,0.001,ok,,,,,,1.0,1.0000,true,0.0000
silu,micro-small,torch.compile,320.9,304.3,,0.2767,ok,,false,true,0,0,0.001,0.001,ok,,,,,,1.0,0.2767,false,-0.7233
silu,micro-small,Arke,82.1,107.5,,1.0816,ok,,false,true,0,0,0.001,0.001,ok,,,,,,1.0,1.0816,true,0.0816
silu,micro-small,FlagGems,79.5,96.3,,1.1170,ok,,false,true,0,0,0.001,0.001,ok,,,,,,1.0,1.1170,true,0.1170
silu,gpt2-hidden,cuBLAS/cuDNN,96.0,94.2,,0.7365,ok,,false,true,0,0,0.001,0.001,ok,,,,,,1.0,0.7365,false,-0.2635
silu,gpt2-hidden,PyTorch-eager,70.7,92.1,,1.0000,ok,,false,true,0,0,0.001,0.001,ok,,,,,,1.0,1.0000,true,0.0000
silu,gpt2-hidden,torch.compile,325.1,308.2,,0.2175,ok,,false,true,0,0,0.001,0.001,ok,,,,,,1.0,0.2175,false,-0.7825
silu,gpt2-hidden,Arke,105.2,86.0,,0.6721,ok,,false,true,0,0,0.001,0.001,ok,,,,,,1.0,0.6721,false,-0.3279
silu,gpt2-hidden,FlagGems,73.7,99.3,,0.9593,ok,,false,true,0,0,0.001,0.001,ok,,,,,,1.0,0.9593,false,-0.0407
silu,gpt2-ffn,cuBLAS/cuDNN,115.4,85.0,,1.0659,ok,,false,true,0,0,0.001,0.001,ok,,,,,,1.0,1.0659,true,0.0659
silu,gpt2-ffn,PyTorch-eager,123.0,105.5,,1.0000,ok,,false,true,0,0,0.001,0.001,ok,,,,,,1.0,1.0000,true,0.0000
silu,gpt2-ffn,torch.compile,418.0,331.8,,0.2943,ok,,false,true,0,0,0.001,0.001,ok,,,,,,1.0,0.2943,false,-0.7057
silu,gpt2-ffn,Arke,109.7,93.2,,1.1212,ok,,false,true,0,0,0.001,0.001,ok,,,,,,1.0,1.1212,true,0.1212
silu,gpt2-ffn,FlagGems,75.8,11.3,,1.6227,ok,,false,true,0,0,0.001,0.001,ok,,,,,,1.0,1.6227,true,0.6227
silu,square-1k,cuBLAS/cuDNN,94.0,100.4,,1.1830,ok,,false,true,0,0,0.001,0.001,ok,,,,,,1.0,1.1830,true,0.1830
silu,square-1k,PyTorch-eager,111.2,32.8,,1.0000,ok,,false,true,0,0,0.001,0.001,ok,,,,,,1.0,1.0000,true,0.0000
silu,square-1k,torch.compile,446.4,297.0,,0.2491,ok,,false,true,0,0,0.001,0.001,ok,,,,,,1.0,0.2491,false,-0.7509
silu,square-1k,Arke,113.3,103.4,,0.9815,ok,,false,true,0,0,0.001,0.001,ok,,,,,,1.0,0.9815,false,-0.0185
silu,square-1k,FlagGems,73.3,26.6,,1.5171,ok,,false,true,0,0,0.001,0.001,ok,,,,,,1.0,1.5171,true,0.5171
silu,llama-ffn,cuBLAS/cuDNN,143.3,191.5,,0.7132,ok,,false,true,0,0,0.001,0.001,ok,,,,,,1.0,0.7132,false,-0.2868
silu,llama-ffn,PyTorch-eager,102.2,158.7,,1.0000,ok,,false,true,0,0,0.001,0.001,ok,,,,,,1.0,1.0000,true,0.0000
silu,llama-ffn,torch.compile,335.6,342.0,,0.3045,ok,,false,true,0,0,0.001,0.001,ok,,,,,,1.0,0.3045,false,-0.6955
silu,llama-ffn,Arke,88.1,154.6,,1.1600,ok,,false,true,0,0,0.001,0.001,ok,,,,,,1.0,1.1600,true,0.1600
silu,llama-ffn,FlagGems,88.7,117.8,,1.1522,ok,,false,true,0,0,0.001,0.001,ok,,,,,,1.0,1.1522,true,0.1522
silu,llama-hidden,cuBLAS/cuDNN,72.5,100.4,,1.4290,ok,,false,true,0,0,0.001,0.001,ok,,,,,,1.0,1.4290,true,0.4290
silu,llama-hidden,PyTorch-eager,103.6,94.2,,1.0000,ok,,false,true,0,0,0.001,0.001,ok,,,,,,1.0,1.0000,true,0.0000
silu,llama-hidden,torch.compile,295.9,302.1,,0.3501,ok,,false,true,0,0,0.001,0.001,ok,,,,,,1.0,0.3501,false,-0.6499
silu,llama-hidden,Arke,132.0,100.4,,0.7848,ok,,false,true,0,0,0.001,0.001,ok,,,,,,1.0,0.7848,false,-0.2152
silu,llama-hidden,FlagGems,77.1,109.6,,1.3437,ok,,false,true,0,0,0.001,0.001,ok,,,,,,1.0,1.3437,true,0.3437
silu,llama-long,cuBLAS/cuDNN,234.0,219.0,,0.9261,ok,,false,true,0,0,0.001,0.001,ok,,,,,,1.0,0.9261,false,-0.0739
silu,llama-long,PyTorch-eager,216.7,218.1,,1.0000,ok,,false,true,0,0,0.001,0.001,ok,,,,,,1.0,1.0000,true,0.0000
silu,llama-long,torch.compile,448.0,454.7,,0.4837,ok,,false,true,0,0,0.001,0.001,ok,,,,,,1.0,0.4837,false,-0.5163
silu,llama-long,Arke,216.5,219.1,,1.0009,ok,,false,true,0,0,0.001,0.001,ok,,,,,,1.0,1.0009,true,0.0009
silu,llama-long,FlagGems,241.0,246.8,,0.8992,ok,,false,true,0,0,0.001,0.001,ok,,,,,,1.0,0.8992,false,-0.1008
silu,ds-ffn,cuBLAS/cuDNN,83.9,154.6,,0.9988,ok,,false,true,0,0,0.001,0.001,ok,,,,,,1.0,0.9988,false,-0.0012
silu,ds-ffn,PyTorch-eager,83.8,114.7,,1.0000,ok,,false,true,0,0,0.001,0.001,ok,,,,,,1.0,1.0000,true,0.0000
silu,ds-ffn,torch.compile,332.0,255.8,,0.2524,ok,,false,true,0,0,0.001,0.001,ok,,,,,,1.0,0.2524,false,-0.7476
silu,ds-ffn,Arke,110.4,150.5,,0.7591,ok,,false,true,0,0,0.001,0.001,ok,,,,,,1.0,0.7591,false,-0.2409
silu,ds-ffn,FlagGems,97.0,158.6,,0.8639,ok,,false,true,0,0,0.001,0.001,ok,,,,,,1.0,0.8639,false,-0.1361
silu,ds-ffn-large,cuBLAS/cuDNN,123.8,192.5,,1.0016,ok,,false,true,0,0,0.001,0.001,ok,,,,,,1.0,1.0016,true,0.0016
silu,ds-ffn-large,PyTorch-eager,124.0,155.5,,1.0000,ok,,false,true,0,0,0.001,0.001,ok,,,,,,1.0,1.0000,true,0.0000
silu,ds-ffn-large,torch.compile,332.9,261.1,,0.3725,ok,,false,true,0,0,0.001,0.001,ok,,,,,,1.0,0.3725,false,-0.6275
silu,ds-ffn-large,Arke,124.1,129.0,,0.9992,ok,,false,true,0,0,0.001,0.001,ok,,,,,,1.0,0.9992,false,-0.0008
silu,ds-ffn-large,FlagGems,123.8,180.2,,1.0016,ok,,false,true,0,0,0.001,0.001,ok,,,,,,1.0,1.0016,true,0.0016
silu,qwen-ffn,cuBLAS/cuDNN,127.2,130.0,,1.0197,ok,,false,true,0,0,0.001,0.001,ok,,,,,,1.0,1.0197,true,0.0197
silu,qwen-ffn,PyTorch-eager,129.7,193.5,,1.0000,ok,,false,true,0,0,0.001,0.001,ok,,,,,,1.0,1.0000,true,0.0000
silu,qwen-ffn,torch.compile,287.1,346.1,,0.4518,ok,,false,true,0,0,0.001,0.001,ok,,,,,,1.0,0.4518,false,-0.5482
silu,qwen-ffn,Arke,129.2,159.7,,1.0039,ok,,false,true,0,0,0.001,0.001,ok,,,,,,1.0,1.0039,true,0.0039
silu,qwen-ffn,FlagGems,127.5,172.0,,1.0173,ok,,false,true,0,0,0.001,0.001,ok,,,,,,1.0,1.0173,true,0.0173
silu,xlarge,cuBLAS/cuDNN,428.9,429.0,,1.0023,ok,,false,true,0,0,0.001,0.001,ok,,,,,,1.0,1.0023,true,0.0023
silu,xlarge,PyTorch-eager,429.9,429.1,,1.0000,ok,,false,true,0,0,0.001,0.001,ok,,,,,,1.0,1.0000,true,0.0000
silu,xlarge,torch.compile,891.1,915.5,,0.4824,ok,,false,true,0,0,0.001,0.001,ok,,,,,,1.0,0.4824,false,-0.5176
silu,xlarge,Arke,430.3,430.1,,0.9991,ok,,false,true,0,0,0.001,0.001,ok,,,,,,1.0,0.9991,false,-0.0009
silu,xlarge,FlagGems,428.6,430.1,,1.0030,ok,,false,true,0,0,0.001,0.001,ok,,,,,,1.0,1.0030,true,0.0030
silu,non-align-1,cuBLAS/cuDNN,113.5,93.0,,1.0634,ok,,false,true,0,0,0.001,0.001,ok,,,,,,1.0,1.0634,true,0.0634
silu,non-align-1,PyTorch-eager,120.7,105.6,,1.0000,ok,,false,true,0,0,0.001,0.001,ok,,,,,,1.0,1.0000,true,0.0000
silu,non-align-1,torch.compile,369.6,306.2,,0.3266,ok,,false,true,0,0,0.001,0.001,ok,,,,,,1.0,0.3266,false,-0.6734
silu,non-align-1,Arke,118.0,105.4,,1.0229,ok,,false,true,0,0,0.001,0.001,ok,,,,,,1.0,1.0229,true,0.0229
silu,non-align-1,FlagGems,73.6,60.4,,1.6399,ok,,false,true,0,0,0.001,0.001,ok,,,,,,1.0,1.6399,true,0.6399
silu,non-align-2,cuBLAS/cuDNN,121.9,123.9,,0.9450,ok,,false,true,0,0,0.001,0.001,ok,,,,,,1.0,0.9450,false,-0.0550
silu,non-align-2,PyTorch-eager,115.2,106.5,,1.0000,ok,,false,true,0,0,0.001,0.001,ok,,,,,,1.0,1.0000,true,0.0000
silu,non-align-2,torch.compile,410.8,297.0,,0.2804,ok,,false,true,0,0,0.001,0.001,ok,,,,,,1.0,0.2804,false,-0.7196
silu,non-align-2,Arke,107.4,118.8,,1.0726,ok,,false,true,0,0,0.001,0.001,ok,,,,,,1.0,1.0726,true,0.0726
silu,non-align-2,FlagGems,88.3,109.6,,1.3046,ok,,false,true,0,0,0.001,0.001,ok,,,,,,1.0,1.3046,true,0.3046
silu,non-align-3,cuBLAS/cuDNN,123.3,173.1,,0.9813,ok,,false,true,0,0,0.001,0.001,ok,,,,,,1.0,0.9813,false,-0.0187
silu,non-align-3,PyTorch-eager,121.0,128.0,,1.0000,ok,,false,true,0,0,0.001,0.001,ok,,,,,,1.0,1.0000,true,0.0000
silu,non-align-3,torch.compile,337.8,355.2,,0.3582,ok,,false,true,0,0,0.001,0.001,ok,,,,,,1.0,0.3582,false,-0.6418
silu,non-align-3,Arke,124.9,184.3,,0.9688,ok,,false,true,0,0,0.001,0.001,ok,,,,,,1.0,0.9688,false,-0.0312
silu,non-align-3,FlagGems,108.4,110.6,,1.1162,ok,,false,true,0,0,0.001,0.001,ok,,,,,,1.0,1.1162,true,0.1162
silu,non-align-4,cuBLAS/cuDNN,125.0,136.2,,0.8496,ok,,false,true,0,0,0.001,0.001,ok,,,,,,1.0,0.8496,false,-0.1504
silu,non-align-4,PyTorch-eager,106.2,120.7,,1.0000,ok,,false,true,0,0,0.001,0.001,ok,,,,,,1.0,1.0000,true,0.0000
silu,non-align-4,torch.compile,300.3,303.3,,0.3536,ok,,false,true,0,0,0.001,0.001,ok,,,,,,1.0,0.3536,false,-0.6464
silu,non-align-4,Arke,77.0,121.8,,1.3792,ok,,false,true,0,0,0.001,0.001,ok,,,,,,1.0,1.3792,true,0.3792
silu,non-align-4,FlagGems,113.2,122.9,,0.9382,ok,,false,true,0,0,0.001,0.001,ok,,,,,,1.0,0.9382,false,-0.0618
silu,non-align-5,cuBLAS/cuDNN,74.8,100.4,,0.9920,ok,,false,true,0,0,0.001,0.001,ok,,,,,,1.0,0.9920,false,-0.0080
silu,non-align-5,PyTorch-eager,74.2,99.3,,1.0000,ok,,false,true,0,0,0.001,0.001,ok,,,,,,1.0,1.0000,true,0.0000
silu,non-align-5,torch.compile,419.0,309.2,,0.1771,ok,,false,true,0,0,0.001,0.001,ok,,,,,,1.0,0.1771,false,-0.8229
silu,non-align-5,Arke,75.3,101.2,,0.9854,ok,,false,true,0,0,0.001,0.001,ok,,,,,,1.0,0.9854,false,-0.0146
silu,non-align-5,FlagGems,74.4,71.7,,0.9973,ok,,false,true,0,0,0.001,0.001,ok,,,,,,1.0,0.9973,false,-0.0027
silu,extreme-flat,cuBLAS/cuDNN,78.2,97.3,,1.1381,ok,,false,true,0,0,0.001,0.001,ok,,,,,,1.0,1.1381,true,0.1381
silu,extreme-flat,PyTorch-eager,89.0,99.3,,1.0000,ok,,false,true,0,0,0.001,0.001,ok,,,,,,1.0,1.0000,true,0.0000
silu,extreme-flat,torch.compile,272.0,246.8,,0.3272,ok,,false,true,0,0,0.001,0.001,ok,,,,,,1.0,0.3272,false,-0.6728
silu,extreme-flat,Arke,82.0,79.9,,1.0854,ok,,false,true,0,0,0.001,0.001,ok,,,,,,1.0,1.0854,true,0.0854
silu,extreme-flat,FlagGems,91.9,13.3,,0.9684,ok,,false,true,0,0,0.001,0.001,ok,,,,,,1.0,0.9684,false,-0.0316
silu,extreme-tall,cuBLAS/cuDNN,74.1,51.2,,1.0324,ok,,false,true,0,0,0.001,0.001,ok,,,,,,1.0,1.0324,true,0.0324
silu,extreme-tall,PyTorch-eager,76.5,50.2,,1.0000,ok,,false,true,0,0,0.001,0.001,ok,,,,,,1.0,1.0000,true,0.0000
silu,extreme-tall,torch.compile,337.7,302.1,,0.2265,ok,,false,true,0,0,0.001,0.001,ok,,,,,,1.0,0.2265,false,-0.7735
silu,extreme-tall,Arke,93.2,104.4,,0.8208,ok,,false,true,0,0,0.001,0.001,ok,,,,,,1.0,0.8208,false,-0.1792
silu,extreme-tall,FlagGems,89.8,66.6,,0.8519,ok,,false,true,0,0,0.001,0.001,ok,,,,,,1.0,0.8519,false,-0.1481
silu,extreme-wide,cuBLAS/cuDNN,73.6,133.1,,1.4633,ok,,false,true,0,0,0.001,0.001,ok,,,,,,1.0,1.4633,true,0.4633
silu,extreme-wide,PyTorch-eager,107.7,99.3,,1.0000,ok,,false,true,0,0,0.001,0.001,ok,,,,,,1.0,1.0000,true,0.0000
silu,extreme-wide,torch.compile,297.8,307.2,,0.3617,ok,,false,true,0,0,0.001,0.001,ok,,,,,,1.0,0.3617,false,-0.6383
silu,extreme-wide,Arke,128.4,132.1,,0.8388,ok,,false,true,0,0,0.001,0.001,ok,,,,,,1.0,0.8388,false,-0.1612
silu,extreme-wide,FlagGems,74.7,130.0,,1.4418,ok,,false,true,0,0,0.001,0.001,ok,,,,,,1.0,1.4418,true,0.4418
softmax,attn-gpt2-128,cuBLAS/cuDNN,42.7,62.5,,0.9602,ok,,false,true,0,0,0.005,0.005,ok,,,,,,1.0,0.9602,false,-0.0398
softmax,attn-gpt2-128,Triton-Tutorial,69.3,8.2,,0.5916,ok,,false,true,0,0,0.005,0.005,ok,,,,,,1.0,0.5916,false,-0.4084
softmax,attn-gpt2-128,PyTorch-eager,41.0,56.3,,1.0000,ok,,false,true,0,0,0.005,0.005,ok,,,,,,1.0,1.0000,true,0.0000
softmax,attn-gpt2-128,torch.compile,258.4,275.5,,0.1587,ok,,false,true,0,0,0.005,0.005,ok,,,,,,1.0,0.1587,false,-0.8413
softmax,attn-gpt2-128,Arke,45.8,61.1,,0.8952,ok,,false,true,0,0,0.005,0.005,ok,,,,,,1.0,0.8952,false,-0.1048
softmax,attn-gpt2-128,FlagGems,47.4,19.5,,0.8650,ok,,false,true,0,0,0.005,0.005,ok,,,,,,1.0,0.8650,false,-0.1350
softmax,attn-gpt2-256,cuBLAS/cuDNN,47.0,58.4,,0.8915,ok,,false,true,0,0,0.005,0.005,ok,,,,,,1.0,0.8915,false,-0.1085
softmax,attn-gpt2-256,Triton-Tutorial,67.0,86.3,,0.6254,ok,,false,true,0,0,0.005,0.005,ok,,,,,,1.0,0.6254,false,-0.3746
softmax,attn-gpt2-256,PyTorch-eager,41.9,49.9,,1.0000,ok,,false,true,0,0,0.005,0.005,ok,,,,,,1.0,1.0000,true,0.0000
softmax,attn-gpt2-256,torch.compile,273.8,276.2,,0.1530,ok,,false,true,0,0,0.005,0.005,ok,,,,,,1.0,0.1530,false,-0.8470
softmax,attn-gpt2-256,Arke,42.7,19.2,,0.9813,ok,,false,true,0,0,0.005,0.005,ok,,,,,,1.0,0.9813,false,-0.0187
softmax,attn-gpt2-256,FlagGems,46.4,4.1,,0.9030,ok,,false,true,0,0,0.005,0.005,ok,,,,,,1.0,0.9030,false,-0.0970
softmax,attn-gpt2-512,cuBLAS/cuDNN,45.3,52.3,,0.9603,ok,,false,true,0,0,0.005,0.005,ok,,,,,,1.0,0.9603,false,-0.0397
softmax,attn-gpt2-512,Triton-Tutorial,80.4,34.9,,0.5410,ok,,false,true,0,0,0.005,0.005,ok,,,,,,1.0,0.5410,false,-0.4590
softmax,attn-gpt2-512,PyTorch-eager,43.5,49.2,,1.0000,ok,,false,true,0,0,0.005,0.005,ok,,,,,,1.0,1.0000,true,0.0000
softmax,attn-gpt2-512,torch.compile,277.9,269.2,,0.1565,ok,,false,true,0,0,0.005,0.005,ok,,,,,,1.0,0.1565,false,-0.8435
softmax,attn-gpt2-512,Arke,54.7,63.3,,0.7952,ok,,false,true,0,0,0.005,0.005,ok,,,,,,1.0,0.7952,false,-0.2048
softmax,attn-gpt2-512,FlagGems,48.6,51.2,,0.8951,ok,,false,true,0,0,0.005,0.005,ok,,,,,,1.0,0.8951,false,-0.1049
softmax,attn-llama-512,cuBLAS/cuDNN,40.9,57.3,,1.0147,ok,,false,true,0,0,0.005,0.005,ok,,,,,,1.0,1.0147,true,0.0147
softmax,attn-llama-512,Triton-Tutorial,79.2,56.2,,0.5240,ok,,false,true,0,0,0.005,0.005,ok,,,,,,1.0,0.5240,false,-0.4760
softmax,attn-llama-512,PyTorch-eager,41.5,56.3,,1.0000,ok,,false,true,0,0,0.005,0.005,ok,,,,,,1.0,1.0000,true,0.0000
softmax,attn-llama-512,torch.compile,297.7,282.8,,0.1394,ok,,false,true,0,0,0.005,0.005,ok,,,,,,1.0,0.1394,false,-0.8606
softmax,attn-llama-512,Arke,43.8,42.9,,0.9475,ok,,false,true,0,0,0.005,0.005,ok,,,,,,1.0,0.9475,false,-0.0525
softmax,attn-llama-512,FlagGems,45.3,62.1,,0.9161,ok,,false,true,0,0,0.005,0.005,ok,,,,,,1.0,0.9161,false,-0.0839
softmax,attn-llama-2k,cuBLAS/cuDNN,42.6,55.3,,0.9859,ok,,false,true,0,0,0.005,0.005,ok,,,,,,1.0,0.9859,false,-0.0141
softmax,attn-llama-2k,Triton-Tutorial,63.7,13.1,,0.6593,ok,,false,true,1.90735e-06,7.45786e-11,0.005,0.005,ok,,,,,,1.0,0.6593,false,-0.3407
softmax,attn-llama-2k,PyTorch-eager,42.0,53.5,,1.0000,ok,,false,true,0,0,0.005,0.005,ok,,,,,,1.0,1.0000,true,0.0000
softmax,attn-llama-2k,torch.compile,325.3,228.4,,0.1291,ok,,false,true,4.76837e-07,7.27596e-12,0.005,0.005,ok,,,,,,1.0,0.1291,false,-0.8709
softmax,attn-llama-2k,Arke,55.9,59.7,,0.7513,ok,,false,true,0,0,0.005,0.005,ok,,,,,,1.0,0.7513,false,-0.2487
softmax,attn-llama-2k,FlagGems,43.9,58.4,,0.9567,ok,,false,true,0,0,0.005,0.005,ok,,,,,,1.0,0.9567,false,-0.0433
softmax,attn-llama-4k,cuBLAS/cuDNN,49.1,61.3,,1.0570,ok,,false,true,0,0,0.005,0.005,ok,,,,,,1.0,1.0570,true,0.0570
softmax,attn-llama-4k,Triton-Tutorial,79.2,73.7,,0.6553,ok,,false,true,9.53674e-07,1.13687e-11,0.005,0.005,ok,,,,,,1.0,0.6553,false,-0.3447
softmax,attn-llama-4k,PyTorch-eager,51.9,44.9,,1.0000,ok,,false,true,0,0,0.005,0.005,ok,,,,,,1.0,1.0000,true,0.0000
softmax,attn-llama-4k,torch.compile,317.0,274.4,,0.1637,ok,,false,true,2.38419e-07,6.82121e-12,0.005,0.005,ok,,,,,,1.0,0.1637,false,-0.8363
softmax,attn-llama-4k,Arke,56.0,43.0,,0.9268,ok,,false,true,0,0,0.005,0.005,ok,,,,,,1.0,0.9268,false,-0.0732
softmax,attn-llama-4k,FlagGems,45.3,65.2,,1.1457,ok,,false,true,0,0,0.005,0.005,ok,,,,,,1.0,1.1457,true,0.1457
softmax,wide-vocab-gpt2,cuBLAS/cuDNN,41.5,54.3,,1.2072,ok,,false,true,0,0,0.005,0.005,ok,,,,,,1.0,1.2072,true,0.2072
softmax,wide-vocab-gpt2,PyTorch-eager,50.1,58.3,,1.0000,ok,,false,true,0,0,0.005,0.005,ok,,,,,,1.0,1.0000,true,0.0000
softmax,wide-vocab-gpt2,torch.compile,389.0,279.6,,0.1288,ok,,false,true,0,0,0.005,0.005,ok,,,,,,1.0,0.1288,false,-0.8712
softmax,wide-vocab-gpt2,Arke,46.7,21.5,,1.0728,ok,,false,true,0,0,0.005,0.005,ok,,,,,,1.0,1.0728,true,0.0728
softmax,wide-vocab-gpt2,FlagGems,47.0,55.3,,1.0660,ok,,false,true,0,0,0.005,0.005,ok,,,,,,1.0,1.0660,true,0.0660
softmax,wide-vocab-llama3,cuBLAS/cuDNN,47.6,28.7,,0.9979,ok,,false,true,0,0,0.005,0.005,ok,,,,,,1.0,0.9979,false,-0.0021
softmax,wide-vocab-llama3,PyTorch-eager,47.5,61.3,,1.0000,ok,,false,true,0,0,0.005,0.005,ok,,,,,,1.0,1.0000,true,0.0000
softmax,wide-vocab-llama3,torch.compile,299.2,265.2,,0.1588,ok,,false,true,5.96046e-08,2.78839e-12,0.005,0.005,ok,,,,,,1.0,0.1588,false,-0.8412
softmax,wide-vocab-llama3,Arke,50.9,53.2,,0.9332,ok,,false,true,0,0,0.005,0.005,ok,,,,,,1.0,0.9332,false,-0.0668
softmax,wide-vocab-llama3,FlagGems,42.8,60.4,,1.1098,ok,,false,true,0,0,0.005,0.005,ok,,,,,,1.0,1.1098,true,0.1098
softmax,batch-large,cuBLAS/cuDNN,40.0,57.4,,0.9725,ok,,false,true,0,0,0.005,0.005,ok,,,,,,1.0,0.9725,false,-0.0275
softmax,batch-large,Triton-Tutorial,59.3,81.9,,0.6560,ok,,false,true,4.76837e-07,2.6148e-12,0.005,0.005,ok,,,,,,1.0,0.6560,false,-0.3440
softmax,batch-large,PyTorch-eager,38.9,11.3,,1.0000,ok,,false,true,0,0,0.005,0.005,ok,,,,,,1.0,1.0000,true,0.0000
softmax,batch-large,torch.compile,282.7,276.5,,0.1376,ok,,false,true,4.76837e-07,4.20641e-12,0.005,0.005,ok,,,,,,1.0,0.1376,false,-0.8624
softmax,batch-large,Arke,45.6,59.1,,0.8531,ok,,false,true,0,0,0.005,0.005,ok,,,,,,1.0,0.8531,false,-0.1469
softmax,batch-large,FlagGems,40.7,60.4,,0.9558,ok,,false,true,0,0,0.005,0.005,ok,,,,,,1.0,0.9558,false,-0.0442
softmax,square-4k,cuBLAS/cuDNN,216.3,229.4,,1.0018,ok,,false,true,0,0,0.005,0.005,ok,,,,,,1.0,1.0018,true,0.0018
softmax,square-4k,Triton-Tutorial,220.2,250.9,,0.9841,ok,,false,true,1.90735e-06,4.85656e-12,0.005,0.005,ok,,,,,,1.0,0.9841,false,-0.0159
softmax,square-4k,PyTorch-eager,216.7,220.2,,1.0000,ok,,false,true,0,0,0.005,0.005,ok,,,,,,1.0,1.0000,true,0.0000
softmax,square-4k,torch.compile,566.7,553.0,,0.3824,ok,,false,true,1.90735e-06,6.94556e-12,0.005,0.005,ok,,,,,,1.0,0.3824,false,-0.6176
softmax,square-4k,Arke,216.4,219.1,,1.0014,ok,,false,true,0,0,0.005,0.005,ok,,,,,,1.0,1.0014,true,0.0014
softmax,square-4k,FlagGems,215.9,217.1,,1.0037,ok,,false,true,0,0,0.005,0.005,ok,,,,,,1.0,1.0037,true,0.0037
softmax,non-align-1,cuBLAS/cuDNN,39.9,33.5,,1.1529,ok,,false,true,0,0,0.005,0.005,ok,,,,,,1.0,1.1529,true,0.1529
softmax,non-align-1,Triton-Tutorial,62.1,79.8,,0.7407,ok,,false,true,0,0,0.005,0.005,ok,,,,,,1.0,0.7407,false,-0.2593
softmax,non-align-1,PyTorch-eager,46.0,51.0,,1.0000,ok,,false,true,0,0,0.005,0.005,ok,,,,,,1.0,1.0000,true,0.0000
softmax,non-align-1,torch.compile,309.0,233.3,,0.1489,ok,,false,true,0,0,0.005,0.005,ok,,,,,,1.0,0.1489,false,-0.8511
softmax,non-align-1,Arke,44.4,63.4,,1.0360,ok,,false,true,0,0,0.005,0.005,ok,,,,,,1.0,1.0360,true,0.0360
softmax,non-align-1,FlagGems,43.2,63.5,,1.0648,ok,,false,true,0,0,0.005,0.005,ok,,,,,,1.0,1.0648,true,0.0648
softmax,non-align-2,cuBLAS/cuDNN,39.9,60.3,,1.8596,ok,,false,true,0,0,0.005,0.005,ok,,,,,,1.0,1.8596,true,0.8596
softmax,non-align-2,Triton-Tutorial,104.1,9.2,,0.7128,ok,,false,true,0,0,0.005,0.005,ok,,,,,,1.0,0.7128,false,-0.2872
softmax,non-align-2,PyTorch-eager,74.2,76.8,,1.0000,ok,,false,true,0,0,0.005,0.005,ok,,,,,,1.0,1.0000,true,0.0000
softmax,non-align-2,torch.compile,325.0,281.6,,0.2283,ok,,false,true,0,0,0.005,0.005,ok,,,,,,1.0,0.2283,false,-0.7717
softmax,non-align-2,Arke,42.9,47.2,,1.7296,ok,,false,true,0,0,0.005,0.005,ok,,,,,,1.0,1.7296,true,0.7296
softmax,non-align-2,FlagGems,45.8,58.4,,1.6201,ok,,false,true,0,0,0.005,0.005,ok,,,,,,1.0,1.6201,true,0.6201
softmax,non-align-3,cuBLAS/cuDNN,53.8,9.2,,1.2528,ok,,false,true,0,0,0.005,0.005,ok,,,,,,1.0,1.2528,true,0.2528
softmax,non-align-3,Triton-Tutorial,96.3,75.9,,0.6999,ok,,false,true,0,0,0.005,0.005,ok,,,,,,1.0,0.6999,false,-0.3001
softmax,non-align-3,PyTorch-eager,67.4,52.4,,1.0000,ok,,false,true,0,0,0.005,0.005,ok,,,,,,1.0,1.0000,true,0.0000
softmax,non-align-3,torch.compile,302.8,245.8,,0.2226,ok,,false,true,0,0,0.005,0.005,ok,,,,,,1.0,0.2226,false,-0.7774
softmax,non-align-3,Arke,47.0,63.5,,1.4340,ok,,false,true,0,0,0.005,0.005,ok,,,,,,1.0,1.4340,true,0.4340
softmax,non-align-3,FlagGems,44.8,45.0,,1.5045,ok,,false,true,0,0,0.005,0.005,ok,,,,,,1.0,1.5045,true,0.5045
softmax,non-align-4,cuBLAS/cuDNN,44.8,51.2,,0.9018,ok,,false,true,0,0,0.005,0.005,ok,,,,,,1.0,0.9018,false,-0.0982
softmax,non-align-4,Triton-Tutorial,63.1,42.0,,0.6403,ok,,false,true,3.8147e-06,8.54508e-11,0.005,0.005,ok,,,,,,1.0,0.6403,false,-0.3597
softmax,non-align-4,PyTorch-eager,40.4,6.0,,1.0000,ok,,false,true,0,0,0.005,0.005,ok,,,,,,1.0,1.0000,true,0.0000
softmax,non-align-4,torch.compile,322.1,257.1,,0.1254,ok,,false,true,0,0,0.005,0.005,ok,,,,,,1.0,0.1254,false,-0.8746
softmax,non-align-4,Arke,48.7,68.6,,0.8296,ok,,false,true,0,0,0.005,0.005,ok,,,,,,1.0,0.8296,false,-0.1704
softmax,non-align-4,FlagGems,48.2,60.4,,0.8382,ok,,false,true,0,0,0.005,0.005,ok,,,,,,1.0,0.8382,false,-0.1618
softmax,non-align-5,cuBLAS/cuDNN,50.8,57.2,,0.8701,ok,,false,true,0,0,0.005,0.005,ok,,,,,,1.0,0.8701,false,-0.1299
softmax,non-align-5,PyTorch-eager,44.2,51.2,,1.0000,ok,,false,true,0,0,0.005,0.005,ok,,,,,,1.0,1.0000,true,0.0000
softmax,non-align-5,torch.compile,280.1,274.4,,0.1578,ok,,false,true,0,0,0.005,0.005,ok,,,,,,1.0,0.1578,false,-0.8422
softmax,non-align-5,Arke,46.9,38.6,,0.9424,ok,,false,true,0,0,0.005,0.005,ok,,,,,,1.0,0.9424,false,-0.0576
softmax,non-align-5,FlagGems,41.2,42.8,,1.0728,ok,,false,true,0,0,0.005,0.005,ok,,,,,,1.0,1.0728,true,0.0728
softmax,extreme-tiny,cuBLAS/cuDNN,43.0,59.4,,1.0209,ok,,false,true,0,0,0.005,0.005,ok,,,,,,1.0,1.0209,true,0.0209
softmax,extreme-tiny,Triton-Tutorial,68.7,69.3,,0.6390,ok,,false,true,0,0,0.005,0.005,ok,,,,,,1.0,0.6390,false,-0.3610
softmax,extreme-tiny,PyTorch-eager,43.9,19.5,,1.0000,ok,,false,true,0,0,0.005,0.005,ok,,,,,,1.0,1.0000,true,0.0000
softmax,extreme-tiny,torch.compile,293.6,262.1,,0.1495,ok,,false,true,0,0,0.005,0.005,ok,,,,,,1.0,0.1495,false,-0.8505
softmax,extreme-tiny,Arke,42.0,59.4,,1.0452,ok,,false,true,0,0,0.005,0.005,ok,,,,,,1.0,1.0452,true,0.0452
softmax,extreme-tiny,FlagGems,39.4,26.3,,1.1142,ok,,false,true,0,0,0.005,0.005,ok,,,,,,1.0,1.1142,true,0.1142
softmax,extreme-wide,cuBLAS/cuDNN,199.1,225.2,,0.9980,ok,,false,true,0,0,0.005,0.005,ok,,,,,,1.0,0.9980,false,-0.0020
softmax,extreme-wide,PyTorch-eager,198.7,202.8,,1.0000,ok,,false,true,0,0,0.005,0.005,ok,,,,,,1.0,1.0000,true,0.0000
softmax,extreme-wide,torch.compile,300.0,306.2,,0.6623,ok,,false,true,0,0,0.005,0.005,ok,,,,,,1.0,0.6623,false,-0.3377
softmax,extreme-wide,Arke,198.7,202.8,,1.0000,ok,,false,true,0,0,0.005,0.005,ok,,,,,,1.0,1.0000,true,0.0000
softmax,extreme-wide,FlagGems,198.2,199.7,,1.0025,ok,,false,true,0,0,0.005,0.005,ok,,,,,,1.0,1.0025,true,0.0025
softmax,extreme-tall,cuBLAS/cuDNN,273.0,283.6,,1.0051,ok,,false,true,0,0,0.005,0.005,ok,,,,,,1.0,1.0051,true,0.0051
softmax,extreme-tall,Triton-Tutorial,285.6,297.0,,0.9608,ok,,false,true,0,0,0.005,0.005,ok,,,,,,1.0,0.9608,false,-0.0392
softmax,extreme-tall,PyTorch-eager,274.4,280.6,,1.0000,ok,,false,true,0,0,0.005,0.005,ok,,,,,,1.0,1.0000,true,0.0000
softmax,extreme-tall,torch.compile,634.5,707.6,,0.4325,ok,,false,true,0,0,0.005,0.005,ok,,,,,,1.0,0.4325,false,-0.5675
softmax,extreme-tall,Arke,276.8,286.7,,0.9913,ok,,false,true,0,0,0.005,0.005,ok,,,,,,1.0,0.9913,false,-0.0087
softmax,extreme-tall,FlagGems,279.1,285.7,,0.9832,ok,,false,true,0,0,0.005,0.005,ok,,,,,,1.0,0.9832,false,-0.0168
softmax,ds-v2-attn-8k,cuBLAS/cuDNN,41.7,54.6,,1.1847,ok,,false,true,0,0,0.005,0.005,ok,,,,,,1.0,1.1847,true,0.1847
softmax,ds-v2-attn-8k,Triton-Tutorial,64.4,75.8,,0.7671,ok,,false,true,9.53674e-07,3.97904e-12,0.005,0.005,ok,,,,,,1.0,0.7671,false,-0.2329
softmax,ds-v2-attn-8k,PyTorch-eager,49.4,60.4,,1.0000,ok,,false,true,0,0,0.005,0.005,ok,,,,,,1.0,1.0000,true,0.0000
softmax,ds-v2-attn-8k,torch.compile,302.2,293.8,,0.1635,ok,,false,true,4.76837e-07,2.33058e-12,0.005,0.005,ok,,,,,,1.0,0.1635,false,-0.8365
softmax,ds-v2-attn-8k,Arke,46.9,55.3,,1.0533,ok,,false,true,0,0,0.005,0.005,ok,,,,,,1.0,1.0533,true,0.0533
softmax,ds-v2-attn-8k,FlagGems,43.6,34.9,,1.1330,ok,,false,true,0,0,0.005,0.005,ok,,,,,,1.0,1.1330,true,0.1330
softmax,ds-v2-attn-16k,cuBLAS/cuDNN,38.0,32.8,,1.0184,ok,,false,true,0,0,0.005,0.005,ok,,,,,,1.0,1.0184,true,0.0184
softmax,ds-v2-attn-16k,PyTorch-eager,38.7,65.5,,1.0000,ok,,false,true,0,0,0.005,0.005,ok,,,,,,1.0,1.0000,true,0.0000
softmax,ds-v2-attn-16k,torch.compile,327.4,142.3,,0.1182,ok,,false,true,1.19209e-07,1.3074e-12,0.005,0.005,ok,,,,,,1.0,0.1182,false,-0.8818
softmax,ds-v2-attn-16k,Arke,48.7,32.7,,0.7947,ok,,false,true,0,0,0.005,0.005,ok,,,,,,1.0,0.7947,false,-0.2053
softmax,ds-v2-attn-16k,FlagGems,41.3,34.7,,0.9370,ok,,false,true,0,0,0.005,0.005,ok,,,,,,1.0,0.9370,false,-0.0630
softmax,ds-v3-attn-32k,cuBLAS/cuDNN,62.0,81.9,,0.9984,ok,,false,true,0,0,0.005,0.005,ok,,,,,,1.0,0.9984,false,-0.0016
softmax,ds-v3-attn-32k,PyTorch-eager,61.9,64.5,,1.0000,ok,,false,true,0,0,0.005,0.005,ok,,,,,,1.0,1.0000,true,0.0000
softmax,ds-v3-attn-32k,torch.compile,294.0,408.6,,0.2105,ok,,false,true,1.19209e-07,6.11067e-13,0.005,0.005,ok,,,,,,1.0,0.2105,false,-0.7895
softmax,ds-v3-attn-32k,Arke,61.3,64.5,,1.0098,ok,,false,true,0,0,0.005,0.005,ok,,,,,,1.0,1.0098,true,0.0098
softmax,ds-v3-attn-32k,FlagGems,61.1,69.4,,1.0131,ok,,false,true,0,0,0.005,0.005,ok,,,,,,1.0,1.0131,true,0.0131
softmax,llama3-attn-8k,cuBLAS/cuDNN,47.4,33.8,,0.8882,ok,,false,true,0,0,0.005,0.005,ok,,,,,,1.0,0.8882,false,-0.1118
softmax,llama3-attn-8k,Triton-Tutorial,65.4,91.1,,0.6437,ok,,false,true,2.38419e-07,2.04636e-12,0.005,0.005,ok,,,,,,1.0,0.6437,false,-0.3563
softmax,llama3-attn-8k,PyTorch-eager,42.1,9.2,,1.0000,ok,,false,true,0,0,0.005,0.005,ok,,,,,,1.0,1.0000,true,0.0000
softmax,llama3-attn-8k,torch.compile,309.8,273.4,,0.1359,ok,,false,true,5.96046e-08,2.50111e-12,0.005,0.005,ok,,,,,,1.0,0.1359,false,-0.8641
softmax,llama3-attn-8k,Arke,58.7,39.9,,0.7172,ok,,false,true,0,0,0.005,0.005,ok,,,,,,1.0,0.7172,false,-0.2828
softmax,llama3-attn-8k,FlagGems,44.0,28.7,,0.9568,ok,,false,true,0,0,0.005,0.005,ok,,,,,,1.0,0.9568,false,-0.0432
softmax,qwen25-attn-32k,cuBLAS/cuDNN,39.4,57.3,,1.1472,ok,,false,true,0,0,0.005,0.005,ok,,,,,,1.0,1.1472,true,0.1472
softmax,qwen25-attn-32k,PyTorch-eager,45.2,59.6,,1.0000,ok,,false,true,0,0,0.005,0.005,ok,,,,,,1.0,1.0000,true,0.0000
softmax,qwen25-attn-32k,torch.compile,295.2,276.5,,0.1531,ok,,false,true,1.19209e-07,1.16935e-12,0.005,0.005,ok,,,,,,1.0,0.1531,false,-0.8469
softmax,qwen25-attn-32k,Arke,45.0,62.5,,1.0044,ok,,false,true,0,0,0.005,0.005,ok,,,,,,1.0,1.0044,true,0.0044
softmax,qwen25-attn-32k,FlagGems,43.3,61.1,,1.0439,ok,,false,true,0,0,0.005,0.005,ok,,,,,,1.0,1.0439,true,0.0439
softmax,wide-vocab-ds-v2,cuBLAS/cuDNN,967.2,965.6,,0.9997,ok,,false,true,0,0,0.005,0.005,ok,,,,,,1.0,0.9997,false,-0.0003
softmax,wide-vocab-ds-v2,PyTorch-eager,966.9,964.6,,1.0000,ok,,false,true,0,0,0.005,0.005,ok,,,,,,1.0,1.0000,true,0.0000
softmax,wide-vocab-ds-v2,torch.compile,2374.4,2337.8,,0.4072,ok,,false,true,1.19209e-07,6.5711e-13,0.005,0.005,ok,,,,,,1.0,0.4072,false,-0.5928
softmax,wide-vocab-ds-v2,Arke,969.3,963.6,,0.9975,ok,,false,true,0,0,0.005,0.005,ok,,,,,,1.0,0.9975,false,-0.0025
softmax,wide-vocab-ds-v2,FlagGems,985.9,974.8,,0.9807,ok,,false,true,0,0,0.005,0.005,ok,,,,,,1.0,0.9807,false,-0.0193
softmax,wide-vocab-qwen25,cuBLAS/cuDNN,1455.8,1452.9,,1.0030,ok,,false,true,0,0,0.005,0.005,ok,,,,,,1.0,1.0030,true,0.0030
softmax,wide-vocab-qwen25,PyTorch-eager,1460.2,1452.9,,1.0000,ok,,false,true,0,0,0.005,0.005,ok,,,,,,1.0,1.0000,true,0.0000
softmax,wide-vocab-qwen25,torch.compile,3549.2,3493.7,,0.4114,ok,,false,true,1.19209e-07,3.90769e-13,0.005,0.005,ok,,,,,,1.0,0.4114,false,-0.5886
softmax,wide-vocab-qwen25,Arke,1457.7,1454.1,,1.0017,ok,,false,true,0,0,0.005,0.005,ok,,,,,,1.0,1.0017,true,0.0017
softmax,wide-vocab-qwen25,FlagGems,1467.8,1458.2,,0.9948,ok,,false,true,0,0,0.005,0.005,ok,,,,,,1.0,0.9948,false,-0.0052
split,tiny-2,PyTorch-eager,4.6,8.3,,1.0000,ok,,false,true,0,0,0.001,0.001,ok,,,,,,1.0,1.0000,true,0.0000
split,tiny-2,Arke,3.7,5.2,,1.2432,ok,,false,true,0,0,0.001,0.001,ok,,,,,,1.0,1.2432,true,0.2432
split,gpt2-qkv-split,PyTorch-eager,4.8,4.4,,1.0000,ok,,false,true,0,0,0.001,0.001,ok,,,,,,1.0,1.0000,true,0.0000
split,gpt2-qkv-split,Arke,3.8,3.1,,1.2632,ok,,false,true,0,0,0.001,0.001,ok,,,,,,1.0,1.2632,true,0.2632
split,llama-qkv-split,PyTorch-eager,4.6,4.1,,1.0000,ok,,false,true,0,0,0.001,0.001,ok,,,,,,1.0,1.0000,true,0.0000
split,llama-qkv-split,Arke,3.8,1.9,,1.2105,ok,,false,true,0,0,0.001,0.001,ok,,,,,,1.0,1.2105,true,0.2105
split,llama3-qkv-gqa,PyTorch-eager,4.7,3.1,,1.0000,ok,,false,true,0,0,0.001,0.001,ok,,,,,,1.0,1.0000,true,0.0000
split,llama3-qkv-gqa,Arke,3.8,3.1,,1.2368,ok,,false,true,0,0,0.001,0.001,ok,,,,,,1.0,1.2368,true,0.2368
split,qwen25-qkv-gqa,PyTorch-eager,4.6,58.4,,1.0000,ok,,false,true,0,0,0.001,0.001,ok,,,,,,1.0,1.0000,true,0.0000
split,qwen25-qkv-gqa,Arke,3.9,2.0,,1.1795,ok,,false,true,0,0,0.001,0.001,ok,,,,,,1.0,1.1795,true,0.1795
split,ffn-gate-up,PyTorch-eager,4.4,2.2,,1.0000,ok,,false,true,0,0,0.001,0.001,ok,,,,,,1.0,1.0000,true,0.0000
split,ffn-gate-up,Arke,3.8,2.0,,1.1579,ok,,false,true,0,0,0.001,0.001,ok,,,,,,1.0,1.1579,true,0.1579
split,non-align-1,PyTorch-eager,5.7,4.1,,1.0000,ok,,false,true,0,0,0.001,0.001,ok,,,,,,1.0,1.0000,true,0.0000
split,non-align-1,Arke,3.9,1.8,,1.4615,ok,,false,true,0,0,0.001,0.001,ok,,,,,,1.0,1.4615,true,0.4615
split,non-align-2,PyTorch-eager,6.0,4.0,,1.0000,ok,,false,true,0,0,0.001,0.001,ok,,,,,,1.0,1.0000,true,0.0000
split,non-align-2,Arke,4.3,2.1,,1.3953,ok,,false,true,0,0,0.001,0.001,ok,,,,,,1.0,1.3953,true,0.3953
split,extreme-many,PyTorch-eager,4.4,8.1,,1.0000,ok,,false,true,0,0,0.001,0.001,ok,,,,,,1.0,1.0000,true,0.0000
split,extreme-many,Arke,3.6,17.4,,1.2222,ok,,false,true,0,0,0.001,0.001,ok,,,,,,1.0,1.2222,true,0.2222
swiglu,gpt2-sm,PyTorch-eager,3.5,5.1,,1.0000,ok,,false,true,0,0,0.001,0.001,ok,golden_runner='Liger-Kernel' returned None; used PyTorch-eager reference fallback,,,,,1.0,1.0000,true,0.0000
swiglu,gpt2-sm,Arke,8.3,2.9,,0.4217,ok,,false,true,0,0,0.001,0.001,ok,golden_runner='Liger-Kernel' returned None; used PyTorch-eager reference fallback,,,,,1.0,0.4217,false,-0.5783
swiglu,llama-7b-512,PyTorch-eager,4.0,7.4,,1.0000,ok,,false,true,0,0,0.001,0.001,ok,golden_runner='Liger-Kernel' returned None; used PyTorch-eager reference fallback,,,,,1.0,1.0000,true,0.0000
swiglu,llama-7b-512,Arke,8.4,2.4,,0.4762,ok,,false,true,0,0,0.001,0.001,ok,golden_runner='Liger-Kernel' returned None; used PyTorch-eager reference fallback,,,,,1.0,0.4762,false,-0.5238
swiglu,llama-7b-2k,PyTorch-eager,3.9,5.7,,1.0000,ok,,false,true,0,0,0.001,0.001,ok,golden_runner='Liger-Kernel' returned None; used PyTorch-eager reference fallback,,,,,1.0,1.0000,true,0.0000
swiglu,llama-7b-2k,Arke,8.3,19.4,,0.4699,ok,,false,true,0,0,0.001,0.001,ok,golden_runner='Liger-Kernel' returned None; used PyTorch-eager reference fallback,,,,,1.0,0.4699,false,-0.5301
swiglu,llama3-8b,PyTorch-eager,3.8,5.0,,1.0000,ok,,false,true,0,0,0.001,0.001,ok,golden_runner='Liger-Kernel' returned None; used PyTorch-eager reference fallback,,,,,1.0,1.0000,true,0.0000
swiglu,llama3-8b,Arke,8.1,25.0,,0.4691,ok,,false,true,0,0,0.001,0.001,ok,golden_runner='Liger-Kernel' returned None; used PyTorch-eager reference fallback,,,,,1.0,0.4691,false,-0.5309
swiglu,ds-v2-512,PyTorch-eager,4.0,7.0,,1.0000,ok,,false,true,0,0,0.001,0.001,ok,golden_runner='Liger-Kernel' returned None; used PyTorch-eager reference fallback,,,,,1.0,1.0000,true,0.0000
swiglu,ds-v2-512,Arke,8.9,27.5,,0.4494,ok,,false,true,0,0,0.001,0.001,ok,golden_runner='Liger-Kernel' returned None; used PyTorch-eager reference fallback,,,,,1.0,0.4494,false,-0.5506
swiglu,ds-v2-2k,PyTorch-eager,3.8,6.8,,1.0000,ok,,false,true,0,0,0.001,0.001,ok,golden_runner='Liger-Kernel' returned None; used PyTorch-eager reference fallback,,,,,1.0,1.0000,true,0.0000
swiglu,ds-v2-2k,Arke,8.5,3.5,,0.4471,ok,,false,true,0,0,0.001,0.001,ok,golden_runner='Liger-Kernel' returned None; used PyTorch-eager reference fallback,,,,,1.0,0.4471,false,-0.5529
swiglu,ds-v3-512,PyTorch-eager,3.7,4.9,,1.0000,ok,,false,true,0,0,0.001,0.001,ok,golden_runner='Liger-Kernel' returned None; used PyTorch-eager reference fallback,,,,,1.0,1.0000,true,0.0000
swiglu,ds-v3-512,Arke,8.3,18.9,,0.4458,ok,,false,true,0,0,0.001,0.001,ok,golden_runner='Liger-Kernel' returned None; used PyTorch-eager reference fallback,,,,,1.0,0.4458,false,-0.5542
swiglu,ds-v3-2k,PyTorch-eager,4.0,4.2,,1.0000,ok,,false,true,0,0,0.001,0.001,ok,golden_runner='Liger-Kernel' returned None; used PyTorch-eager reference fallback,,,,,1.0,1.0000,true,0.0000
swiglu,ds-v3-2k,Arke,8.4,11.2,,0.4762,ok,,false,true,0,0,0.001,0.001,ok,golden_runner='Liger-Kernel' returned None; used PyTorch-eager reference fallback,,,,,1.0,0.4762,false,-0.5238
swiglu,qwen25-7b,PyTorch-eager,4.1,4.3,,1.0000,ok,,false,true,0,0,0.001,0.001,ok,golden_runner='Liger-Kernel' returned None; used PyTorch-eager reference fallback,,,,,1.0,1.0000,true,0.0000
swiglu,qwen25-7b,Arke,8.5,29.2,,0.4824,ok,,false,true,0,0,0.001,0.001,ok,golden_runner='Liger-Kernel' returned None; used PyTorch-eager reference fallback,,,,,1.0,0.4824,false,-0.5176
swiglu,qwen25-7b-2k,PyTorch-eager,3.7,3.3,,1.0000,ok,,false,true,0,0,0.001,0.001,ok,golden_runner='Liger-Kernel' returned None; used PyTorch-eager reference fallback,,,,,1.0,1.0000,true,0.0000
swiglu,qwen25-7b-2k,Arke,8.0,27.2,,0.4625,ok,,false,true,0,0,0.001,0.001,ok,golden_runner='Liger-Kernel' returned None; used PyTorch-eager reference fallback,,,,,1.0,0.4625,false,-0.5375
swiglu,non-align-1,PyTorch-eager,3.5,7.5,,1.0000,ok,,false,true,0,0,0.001,0.001,ok,golden_runner='Liger-Kernel' returned None; used PyTorch-eager reference fallback,,,,,1.0,1.0000,true,0.0000
swiglu,non-align-1,Arke,7.9,5.3,,0.4430,ok,,false,true,0,0,0.001,0.001,ok,golden_runner='Liger-Kernel' returned None; used PyTorch-eager reference fallback,,,,,1.0,0.4430,false,-0.5570
swiglu,non-align-2,PyTorch-eager,3.7,8.4,,1.0000,ok,,false,true,0,0,0.001,0.001,ok,golden_runner='Liger-Kernel' returned None; used PyTorch-eager reference fallback,,,,,1.0,1.0000,true,0.0000
swiglu,non-align-2,Arke,8.3,27.0,,0.4458,ok,,false,true,0,0,0.001,0.001,ok,golden_runner='Liger-Kernel' returned None; used PyTorch-eager reference fallback,,,,,1.0,0.4458,false,-0.5542
tanh,micro-tiny,cuBLAS/cuDNN,82.6,100.4,,1.1211,ok,,false,true,0,0,0.001,0.001,ok,,,,,,1.0,1.1211,true,0.1211
tanh,micro-tiny,PyTorch-eager,92.6,98.0,,1.0000,ok,,false,true,0,0,0.001,0.001,ok,,,,,,1.0,1.0000,true,0.0000
tanh,micro-tiny,Arke,80.3,66.6,,1.1532,ok,,false,true,0,0,0.001,0.001,ok,,,,,,1.0,1.1532,true,0.1532
tanh,micro-tiny,FlagGems,77.3,88.3,,1.1979,ok,,false,true,0,0,0.001,0.001,ok,,,,,,1.0,1.1979,true,0.1979
tanh,micro-small,cuBLAS/cuDNN,75.8,74.8,,0.9908,ok,,false,true,0,0,0.001,0.001,ok,,,,,,1.0,0.9908,false,-0.0092
tanh,micro-small,PyTorch-eager,75.1,97.4,,1.0000,ok,,false,true,0,0,0.001,0.001,ok,,,,,,1.0,1.0000,true,0.0000
tanh,micro-small,Arke,105.8,88.0,,0.7098,ok,,false,true,0,0,0.001,0.001,ok,,,,,,1.0,0.7098,false,-0.2902
tanh,micro-small,FlagGems,74.4,68.5,,1.0094,ok,,false,true,0,0,0.001,0.001,ok,,,,,,1.0,1.0094,true,0.0094
tanh,gpt2-hidden,cuBLAS/cuDNN,74.5,90.1,,0.9946,ok,,false,true,0,0,0.001,0.001,ok,,,,,,1.0,0.9946,false,-0.0054
tanh,gpt2-hidden,PyTorch-eager,74.1,68.6,,1.0000,ok,,false,true,0,0,0.001,0.001,ok,,,,,,1.0,1.0000,true,0.0000
tanh,gpt2-hidden,Arke,74.5,100.4,,0.9946,ok,,false,true,0,0,0.001,0.001,ok,,,,,,1.0,0.9946,false,-0.0054
tanh,gpt2-hidden,FlagGems,74.4,75.8,,0.9960,ok,,false,true,0,0,0.001,0.001,ok,,,,,,1.0,0.9960,false,-0.0040
tanh,gpt2-ffn,cuBLAS/cuDNN,73.7,67.6,,1.1330,ok,,false,true,0,0,0.001,0.001,ok,,,,,,1.0,1.1330,true,0.1330
tanh,gpt2-ffn,PyTorch-eager,83.5,80.6,,1.0000,ok,,false,true,0,0,0.001,0.001,ok,,,,,,1.0,1.0000,true,0.0000
tanh,gpt2-ffn,Arke,82.2,61.8,,1.0158,ok,,false,true,0,0,0.001,0.001,ok,,,,,,1.0,1.0158,true,0.0158
tanh,gpt2-ffn,FlagGems,74.0,75.8,,1.1284,ok,,false,true,0,0,0.001,0.001,ok,,,,,,1.0,1.1284,true,0.1284
tanh,square-1k,cuBLAS/cuDNN,71.5,78.6,,0.9888,ok,,false,true,0,0,0.001,0.001,ok,,,,,,1.0,0.9888,false,-0.0112
tanh,square-1k,PyTorch-eager,70.7,105.5,,1.0000,ok,,false,true,0,0,0.001,0.001,ok,,,,,,1.0,1.0000,true,0.0000
tanh,square-1k,Arke,72.8,101.7,,0.9712,ok,,false,true,0,0,0.001,0.001,ok,,,,,,1.0,0.9712,false,-0.0288
tanh,square-1k,FlagGems,74.1,86.0,,0.9541,ok,,false,true,0,0,0.001,0.001,ok,,,,,,1.0,0.9541,false,-0.0459
tanh,llama-ffn,cuBLAS/cuDNN,76.0,129.0,,1.3408,ok,,false,true,0,0,0.001,0.001,ok,,,,,,1.0,1.3408,true,0.3408
tanh,llama-ffn,PyTorch-eager,101.9,143.4,,1.0000,ok,,false,true,0,0,0.001,0.001,ok,,,,,,1.0,1.0000,true,0.0000
tanh,llama-ffn,Arke,77.8,150.3,,1.3098,ok,,false,true,0,0,0.001,0.001,ok,,,,,,1.0,1.3098,true,0.3098
tanh,llama-ffn,FlagGems,75.9,144.4,,1.3426,ok,,false,true,0,0,0.001,0.001,ok,,,,,,1.0,1.3426,true,0.3426
tanh,llama-hidden,cuBLAS/cuDNN,75.0,101.2,,1.0507,ok,,false,true,0,0,0.001,0.001,ok,,,,,,1.0,1.0507,true,0.0507
tanh,llama-hidden,PyTorch-eager,78.8,102.4,,1.0000,ok,,false,true,0,0,0.001,0.001,ok,,,,,,1.0,1.0000,true,0.0000
tanh,llama-hidden,Arke,76.2,94.3,,1.0341,ok,,false,true,0,0,0.001,0.001,ok,,,,,,1.0,1.0341,true,0.0341
tanh,llama-hidden,FlagGems,71.9,94.1,,1.0960,ok,,false,true,0,0,0.001,0.001,ok,,,,,,1.0,1.0960,true,0.0960
tanh,llama-long,cuBLAS/cuDNN,282.4,220.2,,1.1958,ok,,false,true,0,0,0.001,0.001,ok,,,,,,1.0,1.1958,true,0.1958
tanh,llama-long,PyTorch-eager,337.7,310.3,,1.0000,ok,,false,true,0,0,0.001,0.001,ok,,,,,,1.0,1.0000,true,0.0000
tanh,llama-long,Arke,265.2,252.9,,1.2734,ok,,false,true,0,0,0.001,0.001,ok,,,,,,1.0,1.2734,true,0.2734
tanh,llama-long,FlagGems,218.5,224.3,,1.5455,ok,,false,true,0,0,0.001,0.001,ok,,,,,,1.0,1.5455,true,0.5455
tanh,ds-ffn,cuBLAS/cuDNN,116.2,122.9,,0.7306,ok,,false,true,0,0,0.001,0.001,ok,,,,,,1.0,0.7306,false,-0.2694
tanh,ds-ffn,PyTorch-eager,84.9,130.0,,1.0000,ok,,false,true,0,0,0.001,0.001,ok,,,,,,1.0,1.0000,true,0.0000
tanh,ds-ffn,Arke,122.5,87.0,,0.6931,ok,,false,true,0,0,0.001,0.001,ok,,,,,,1.0,0.6931,false,-0.3069
tanh,ds-ffn,FlagGems,84.2,136.2,,1.0083,ok,,false,true,0,0,0.001,0.001,ok,,,,,,1.0,1.0083,true,0.0083
tanh,ds-ffn-large,cuBLAS/cuDNN,124.3,126.0,,0.9936,ok,,false,true,0,0,0.001,0.001,ok,,,,,,1.0,0.9936,false,-0.0064
tanh,ds-ffn-large,PyTorch-eager,123.5,164.9,,1.0000,ok,,false,true,0,0,0.001,0.001,ok,,,,,,1.0,1.0000,true,0.0000
tanh,ds-ffn-large,Arke,123.6,195.6,,0.9992,ok,,false,true,0,0,0.001,0.001,ok,,,,,,1.0,0.9992,false,-0.0008
tanh,ds-ffn-large,FlagGems,123.4,157.7,,1.0008,ok,,false,true,0,0,0.001,0.001,ok,,,,,,1.0,1.0008,true,0.0008
tanh,qwen-ffn,cuBLAS/cuDNN,127.3,190.5,,1.0008,ok,,false,true,0,0,0.001,0.001,ok,,,,,,1.0,1.0008,true,0.0008
tanh,qwen-ffn,PyTorch-eager,127.4,161.8,,1.0000,ok,,false,true,0,0,0.001,0.001,ok,,,,,,1.0,1.0000,true,0.0000
tanh,qwen-ffn,Arke,128.4,175.1,,0.9922,ok,,false,true,0,0,0.001,0.001,ok,,,,,,1.0,0.9922,false,-0.0078
tanh,qwen-ffn,FlagGems,127.2,198.7,,1.0016,ok,,false,true,0,0,0.001,0.001,ok,,,,,,1.0,1.0016,true,0.0016
tanh,xlarge,cuBLAS/cuDNN,529.4,443.4,,0.8763,ok,,false,true,0,0,0.001,0.001,ok,,,,,,1.0,0.8763,false,-0.1237
tanh,xlarge,PyTorch-eager,463.9,482.3,,1.0000,ok,,false,true,0,0,0.001,0.001,ok,,,,,,1.0,1.0000,true,0.0000
tanh,xlarge,Arke,440.1,476.2,,1.0541,ok,,false,true,0,0,0.001,0.001,ok,,,,,,1.0,1.0541,true,0.0541
tanh,xlarge,FlagGems,557.4,476.2,,0.8323,ok,,false,true,0,0,0.001,0.001,ok,,,,,,1.0,0.8323,false,-0.1677
tanh,non-align-1,cuBLAS/cuDNN,72.9,68.8,,1.0316,ok,,false,true,0,0,0.001,0.001,ok,,,,,,1.0,1.0316,true,0.0316
tanh,non-align-1,PyTorch-eager,75.2,85.0,,1.0000,ok,,false,true,0,0,0.001,0.001,ok,,,,,,1.0,1.0000,true,0.0000
tanh,non-align-1,Arke,75.4,92.2,,0.9973,ok,,false,true,0,0,0.001,0.001,ok,,,,,,1.0,0.9973,false,-0.0027
tanh,non-align-1,FlagGems,76.9,71.8,,0.9779,ok,,false,true,0,0,0.001,0.001,ok,,,,,,1.0,0.9779,false,-0.0221
tanh,non-align-2,cuBLAS/cuDNN,73.1,107.5,,1.0150,ok,,false,true,0,0,0.001,0.001,ok,,,,,,1.0,1.0150,true,0.0150
tanh,non-align-2,PyTorch-eager,74.2,76.8,,1.0000,ok,,false,true,0,0,0.001,0.001,ok,,,,,,1.0,1.0000,true,0.0000
tanh,non-align-2,Arke,76.9,112.6,,0.9649,ok,,false,true,0,0,0.001,0.001,ok,,,,,,1.0,0.9649,false,-0.0351
tanh,non-align-2,FlagGems,107.0,101.4,,0.6935,ok,,false,true,0,0,0.001,0.001,ok,,,,,,1.0,0.6935,false,-0.3065
tanh,non-align-3,cuBLAS/cuDNN,109.2,141.3,,1.1383,ok,,false,true,0,0,0.001,0.001,ok,,,,,,1.0,1.1383,true,0.1383
tanh,non-align-3,PyTorch-eager,124.3,156.6,,1.0000,ok,,false,true,0,0,0.001,0.001,ok,,,,,,1.0,1.0000,true,0.0000
tanh,non-align-3,Arke,114.0,169.0,,1.0904,ok,,false,true,0,0,0.001,0.001,ok,,,,,,1.0,1.0904,true,0.0904
tanh,non-align-3,FlagGems,108.8,172.0,,1.1425,ok,,false,true,0,0,0.001,0.001,ok,,,,,,1.0,1.1425,true,0.1425
tanh,non-align-4,cuBLAS/cuDNN,74.2,88.1,,0.9717,ok,,false,true,0,0,0.001,0.001,ok,,,,,,1.0,0.9717,false,-0.0283
tanh,non-align-4,PyTorch-eager,72.1,89.1,,1.0000,ok,,false,true,0,0,0.001,0.001,ok,,,,,,1.0,1.0000,true,0.0000
tanh,non-align-4,Arke,82.2,121.9,,0.8771,ok,,false,true,0,0,0.001,0.001,ok,,,,,,1.0,0.8771,false,-0.1229
tanh,non-align-4,FlagGems,76.5,89.1,,0.9425,ok,,false,true,0,0,0.001,0.001,ok,,,,,,1.0,0.9425,false,-0.0575
tanh,non-align-5,cuBLAS/cuDNN,71.1,90.1,,1.0731,ok,,false,true,0,0,0.001,0.001,ok,,,,,,1.0,1.0731,true,0.0731
tanh,non-align-5,PyTorch-eager,76.3,62.1,,1.0000,ok,,false,true,0,0,0.001,0.001,ok,,,,,,1.0,1.0000,true,0.0000
tanh,non-align-5,Arke,75.7,95.2,,1.0079,ok,,false,true,0,0,0.001,0.001,ok,,,,,,1.0,1.0079,true,0.0079
tanh,non-align-5,FlagGems,73.8,74.6,,1.0339,ok,,false,true,0,0,0.001,0.001,ok,,,,,,1.0,1.0339,true,0.0339
tanh,extreme-flat,cuBLAS/cuDNN,72.9,93.2,,1.0123,ok,,false,true,0,0,0.001,0.001,ok,,,,,,1.0,1.0123,true,0.0123
tanh,extreme-flat,PyTorch-eager,73.8,94.0,,1.0000,ok,,false,true,0,0,0.001,0.001,ok,,,,,,1.0,1.0000,true,0.0000
tanh,extreme-flat,Arke,76.1,96.3,,0.9698,ok,,false,true,0,0,0.001,0.001,ok,,,,,,1.0,0.9698,false,-0.0302
tanh,extreme-flat,FlagGems,87.7,96.3,,0.8415,ok,,false,true,0,0,0.001,0.001,ok,,,,,,1.0,0.8415,false,-0.1585
tanh,extreme-tall,cuBLAS/cuDNN,77.9,51.2,,0.8780,ok,,false,true,0,0,0.001,0.001,ok,,,,,,1.0,0.8780,false,-0.1220
tanh,extreme-tall,PyTorch-eager,68.4,97.3,,1.0000,ok,,false,true,0,0,0.001,0.001,ok,,,,,,1.0,1.0000,true,0.0000
tanh,extreme-tall,Arke,74.1,97.5,,0.9231,ok,,false,true,0,0,0.001,0.001,ok,,,,,,1.0,0.9231,false,-0.0769
tanh,extreme-tall,FlagGems,101.6,82.7,,0.6732,ok,,false,true,0,0,0.001,0.001,ok,,,,,,1.0,0.6732,false,-0.3268
tanh,extreme-wide,cuBLAS/cuDNN,76.5,124.9,,0.9725,ok,,false,true,0,0,0.001,0.001,ok,,,,,,1.0,0.9725,false,-0.0275
tanh,extreme-wide,PyTorch-eager,74.4,59.4,,1.0000,ok,,false,true,0,0,0.001,0.001,ok,,,,,,1.0,1.0000,true,0.0000
tanh,extreme-wide,Arke,76.9,124.9,,0.9675,ok,,false,true,0,0,0.001,0.001,ok,,,,,,1.0,0.9675,false,-0.0325
tanh,extreme-wide,FlagGems,83.8,126.0,,0.8878,ok,,false,true,0,0,0.001,0.001,ok,,,,,,1.0,0.8878,false,-0.1122
topk,moe-top2-small,PyTorch-eager,261.3,113.7,,1.0000,ok,,false,true,0,0,0.001,0.001,ok,golden_runner='FlagGems' returned None; used PyTorch-eager reference fallback,,,,,1.0,1.0000,true,0.0000
topk,moe-top2-small,Arke,101.2,105.7,,2.5820,ok,,false,true,0,0,0.001,0.001,ok,golden_runner='FlagGems' returned None; used PyTorch-eager reference fallback,,,,,1.0,2.5820,true,1.5820
topk,moe-top2-gpt2,PyTorch-eager,477.3,446.5,,1.0000,ok,,false,true,0,0,0.001,0.001,ok,golden_runner='FlagGems' returned None; used PyTorch-eager reference fallback,,,,,1.0,1.0000,true,0.0000
topk,moe-top2-gpt2,Arke,102.1,109.6,,4.6748,ok,,false,true,0,0,0.001,0.001,ok,golden_runner='FlagGems' returned None; used PyTorch-eager reference fallback,,,,,1.0,4.6748,true,3.6748
topk,moe-top4-llama,PyTorch-eager,159.7,206.7,,1.0000,ok,,false,true,0,0,0.001,0.001,ok,golden_runner='FlagGems' returned None; used PyTorch-eager reference fallback,,,,,1.0,1.0000,true,0.0000
topk,moe-top4-llama,Arke,103.8,81.9,,1.5385,ok,,false,true,0,0,0.001,0.001,ok,golden_runner='FlagGems' returned None; used PyTorch-eager reference fallback,,,,,1.0,1.5385,true,0.5385
topk,moe-top2-ds,PyTorch-eager,158.6,204.8,,1.0000,ok,,false,true,0,0,0.001,0.001,ok,golden_runner='FlagGems' returned None; used PyTorch-eager reference fallback,,,,,1.0,1.0000,true,0.0000
topk,moe-top2-ds,Arke,89.5,75.8,,1.7721,ok,,false,true,0,0,0.001,0.001,ok,golden_runner='FlagGems' returned None; used PyTorch-eager reference fallback,,,,,1.0,1.7721,true,0.7721
topk,sampling-top50,PyTorch-eager,214.0,243.6,,1.0000,ok,,false,true,0,0,0.001,0.001,ok,golden_runner='FlagGems' returned None; used PyTorch-eager reference fallback,,,,,1.0,1.0000,true,0.0000
topk,sampling-top50,Arke,130.1,10.9,,1.6449,ok,,false,true,0,0,0.001,0.001,ok,golden_runner='FlagGems' returned None; used PyTorch-eager reference fallback,,,,,1.0,1.6449,true,0.6449
topk,sampling-top50-llama3,PyTorch-eager,580.4,524.3,,1.0000,ok,,false,true,0,0,0.001,0.001,ok,golden_runner='FlagGems' returned None; used PyTorch-eager reference fallback,,,,,1.0,1.0000,true,0.0000
topk,sampling-top50-llama3,Arke,341.8,50.2,,1.6981,ok,,false,true,0,0,0.001,0.001,ok,golden_runner='FlagGems' returned None; used PyTorch-eager reference fallback,,,,,1.0,1.6981,true,0.6981
topk,sampling-top100-qwen,PyTorch-eager,593.3,515.9,,1.0000,ok,,false,true,0,0,0.001,0.001,ok,golden_runner='FlagGems' returned None; used PyTorch-eager reference fallback,,,,,1.0,1.0000,true,0.0000
topk,sampling-top100-qwen,Arke,355.6,216.1,,1.6684,ok,,false,true,0,0,0.001,0.001,ok,golden_runner='FlagGems' returned None; used PyTorch-eager reference fallback,,,,,1.0,1.6684,true,0.6684
topk,non-align-1,PyTorch-eager,193.8,198.7,,1.0000,ok,,false,true,0,0,0.001,0.001,ok,golden_runner='FlagGems' returned None; used PyTorch-eager reference fallback,,,,,1.0,1.0000,true,0.0000
topk,non-align-1,Arke,337.2,107.5,,0.5747,ok,,false,true,0,0,0.001,0.001,ok,golden_runner='FlagGems' returned None; used PyTorch-eager reference fallback,,,,,1.0,0.5747,false,-0.4253
topk,non-align-2,PyTorch-eager,579.3,496.5,,1.0000,ok,,false,true,0,0,0.001,0.001,ok,golden_runner='FlagGems' returned None; used PyTorch-eager reference fallback,,,,,1.0,1.0000,true,0.0000
topk,non-align-2,Arke,423.0,103.4,,1.3695,ok,,false,true,0,0,0.001,0.001,ok,golden_runner='FlagGems' returned None; used PyTorch-eager reference fallback,,,,,1.0,1.3695,true,0.3695
topk,non-align-3,PyTorch-eager,9540.7,9369.6,,1.0000,ok,,false,true,0,0,0.001,0.001,ok,golden_runner='FlagGems' returned None; used PyTorch-eager reference fallback,,,,,1.0,1.0000,true,0.0000
topk,non-align-3,Arke,764.6,741.4,,12.4780,ok,,false,true,0,0,0.001,0.001,ok,golden_runner='FlagGems' returned None; used PyTorch-eager reference fallback,,,,,1.0,12.4780,true,11.4780
topk,extreme-k1,PyTorch-eager,1228.3,1204.2,,1.0000,ok,,false,true,0,0,0.001,0.001,ok,golden_runner='FlagGems' returned None; used PyTorch-eager reference fallback,,,,,1.0,1.0000,true,0.0000
topk,extreme-k1,Arke,115.1,118.8,,10.6716,ok,,false,true,0,0,0.001,0.001,ok,golden_runner='FlagGems' returned None; used PyTorch-eager reference fallback,,,,,1.0,10.6716,true,9.6716
topk,extreme-kmax,PyTorch-eager,163.3,171.0,,1.0000,ok,,false,true,0,0,0.001,0.001,ok,golden_runner='FlagGems' returned None; used PyTorch-eager reference fallback,,,,,1.0,1.0000,true,0.0000
topk,extreme-kmax,Arke,104.3,103.3,,1.5657,ok,,false,true,0,0,0.001,0.001,ok,golden_runner='FlagGems' returned None; used PyTorch-eager reference fallback,,,,,1.0,1.5657,true,0.5657
topk,extreme-wide,PyTorch-eager,inf,inf,,,error,"`ptxas` failed with error code -9
`ptxas` stderr:

Repro command: /home/blueyi/.venvs/arke/lib/python3.10/site-packages/triton/backends/nvidia/bin/ptxas -lineinfo -v --gpu-name=sm_86 /tmp/tmp0l9f7rj3.ptx -o /tmp/tmp0l9f7rj3.ptx.o
",false,,,,,,error,"`ptxas` failed with error code -9
`ptxas` stderr:

Repro command: /home/blueyi/.venvs/arke/lib/python3.10/site-packages/triton/backends/nvidia/bin/ptxas -lineinfo -v --gpu-name=sm_86 /tmp/tmp0l9f7rj3.ptx -o /tmp/tmp0l9f7rj3.ptx.o
",,,,,1.0,N/A,false,N/A
topk,extreme-wide,Arke,250.1,250.9,,,ok,,false,true,0,0,0.001,0.001,ok,golden_runner='FlagGems' returned None; used PyTorch-eager reference fallback,,,,,1.0,,,
transpose,small,cuBLAS/cuDNN,114.9,105.5,,0.0087,ok,,false,true,0,0,0.001,0.001,ok,,,,,,1.0,0.0087,false,-0.9913
transpose,small,PyTorch-eager,1.0,4.1,,1.0000,ok,,false,true,0,0,0.001,0.001,ok,,,,,,1.0,1.0000,true,0.0000
transpose,small,Arke,79.8,102.4,,0.0125,ok,,false,true,0,0,0.001,0.001,ok,,,,,,1.0,0.0125,false,-0.9875
transpose,small,FlagGems,106.1,111.6,,0.0094,ok,,false,true,0,0,0.001,0.001,ok,,,,,,1.0,0.0094,false,-0.9906
transpose,square-1k,cuBLAS/cuDNN,103.9,109.5,,0.0087,ok,,false,true,0,0,0.001,0.001,ok,,,,,,1.0,0.0087,false,-0.9913
transpose,square-1k,PyTorch-eager,0.9,3.1,,1.0000,ok,,false,true,0,0,0.001,0.001,ok,,,,,,1.0,1.0000,true,0.0000
transpose,square-1k,Arke,90.0,112.4,,0.0100,ok,,false,true,0,0,0.001,0.001,ok,,,,,,1.0,0.0100,false,-0.9900
transpose,square-1k,FlagGems,82.8,106.5,,0.0109,ok,,false,true,0,0,0.001,0.001,ok,,,,,,1.0,0.0109,false,-0.9891
transpose,llama-kv,cuBLAS/cuDNN,103.4,145.4,,0.0097,ok,,false,true,0,0,0.001,0.001,ok,,,,,,1.0,0.0097,false,-0.9903
transpose,llama-kv,PyTorch-eager,1.0,4.0,,1.0000,ok,,false,true,0,0,0.001,0.001,ok,,,,,,1.0,1.0000,true,0.0000
transpose,llama-kv,Arke,102.6,184.3,,0.0097,ok,,false,true,0,0,0.001,0.001,ok,,,,,,1.0,0.0097,false,-0.9903
transpose,llama-kv,FlagGems,98.7,154.5,,0.0101,ok,,false,true,0,0,0.001,0.001,ok,,,,,,1.0,0.0101,false,-0.9899
transpose,wide,cuBLAS/cuDNN,80.6,101.2,,0.0112,ok,,false,true,0,0,0.001,0.001,ok,,,,,,1.0,0.0112,false,-0.9888
transpose,wide,PyTorch-eager,0.9,4.2,,1.0000,ok,,false,true,0,0,0.001,0.001,ok,,,,,,1.0,1.0000,true,0.0000
transpose,wide,Arke,90.5,112.6,,0.0099,ok,,false,true,0,0,0.001,0.001,ok,,,,,,1.0,0.0099,false,-0.9901
transpose,wide,FlagGems,100.8,11.3,,0.0089,ok,,false,true,0,0,0.001,0.001,ok,,,,,,1.0,0.0089,false,-0.9911
transpose,non-align-1,cuBLAS/cuDNN,101.1,101.4,,0.0099,ok,,false,true,0,0,0.001,0.001,ok,,,,,,1.0,0.0099,false,-0.9901
transpose,non-align-1,PyTorch-eager,1.0,3.1,,1.0000,ok,,false,true,0,0,0.001,0.001,ok,,,,,,1.0,1.0000,true,0.0000
transpose,non-align-1,Arke,82.8,101.4,,0.0121,ok,,false,true,0,0,0.001,0.001,ok,,,,,,1.0,0.0121,false,-0.9879
transpose,non-align-1,FlagGems,101.4,43.8,,0.0099,ok,,false,true,0,0,0.001,0.001,ok,,,,,,1.0,0.0099,false,-0.9901
transpose,extreme-tall,cuBLAS/cuDNN,377.3,375.7,,0.0016,ok,,false,true,0,0,0.001,0.001,ok,,,,,,1.0,0.0016,false,-0.9984
transpose,extreme-tall,PyTorch-eager,0.6,3.1,,1.0000,ok,,false,true,0,0,0.001,0.001,ok,,,,,,1.0,1.0000,true,0.0000
transpose,extreme-tall,Arke,376.0,375.8,,0.0016,ok,,false,true,0,0,0.001,0.001,ok,,,,,,1.0,0.0016,false,-0.9984
transpose,extreme-tall,FlagGems,378.4,376.8,,0.0016,ok,,false,true,0,0,0.001,0.001,ok,,,,,,1.0,0.0016,false,-0.9984
where_,micro-tiny,PyTorch-eager,100.7,109.3,,1.0000,ok,,false,true,0,0,0.001,0.001,ok,,,,,,1.0,1.0000,true,0.0000
where_,micro-tiny,Arke,99.7,118.6,,1.0100,ok,,false,true,0,0,0.001,0.001,ok,,,,,,1.0,1.0100,true,0.0100
where_,micro-tiny,FlagGems,95.6,50.2,,1.0533,ok,,false,true,0,0,0.001,0.001,ok,,,,,,1.0,1.0533,true,0.0533
where_,micro-small,PyTorch-eager,109.4,107.5,,1.0000,ok,,false,true,0,0,0.001,0.001,ok,,,,,,1.0,1.0000,true,0.0000
where_,micro-small,Arke,107.0,120.9,,1.0224,ok,,false,true,0,0,0.001,0.001,ok,,,,,,1.0,1.0224,true,0.0224
where_,micro-small,FlagGems,94.8,111.6,,1.1540,ok,,false,true,0,0,0.001,0.001,ok,,,,,,1.0,1.1540,true,0.1540
where_,gpt2-hidden,PyTorch-eager,95.1,4.1,,1.0000,ok,,false,true,0,0,0.001,0.001,ok,,,,,,1.0,1.0000,true,0.0000
where_,gpt2-hidden,Arke,95.6,110.4,,0.9948,ok,,false,true,0,0,0.001,0.001,ok,,,,,,1.0,0.9948,false,-0.0052
where_,gpt2-hidden,FlagGems,104.8,19.2,,0.9074,ok,,false,true,0,0,0.001,0.001,ok,,,,,,1.0,0.9074,false,-0.0926
where_,gpt2-ffn,PyTorch-eager,92.8,112.6,,1.0000,ok,,false,true,0,0,0.001,0.001,ok,,,,,,1.0,1.0000,true,0.0000
where_,gpt2-ffn,Arke,97.6,103.5,,0.9508,ok,,false,true,0,0,0.001,0.001,ok,,,,,,1.0,0.9508,false,-0.0492
where_,gpt2-ffn,FlagGems,100.6,117.9,,0.9225,ok,,false,true,0,0,0.001,0.001,ok,,,,,,1.0,0.9225,false,-0.0775
where_,square-1k,PyTorch-eager,95.0,107.2,,1.0000,ok,,false,true,0,0,0.001,0.001,ok,,,,,,1.0,1.0000,true,0.0000
where_,square-1k,Arke,104.9,112.5,,0.9056,ok,,false,true,0,0,0.001,0.001,ok,,,,,,1.0,0.9056,false,-0.0944
where_,square-1k,FlagGems,92.4,112.6,,1.0281,ok,,false,true,0,0,0.001,0.001,ok,,,,,,1.0,1.0281,true,0.0281
where_,llama-ffn,PyTorch-eager,126.7,171.0,,1.0000,ok,,false,true,0,0,0.001,0.001,ok,,,,,,1.0,1.0000,true,0.0000
where_,llama-ffn,Arke,127.4,209.9,,0.9945,ok,,false,true,0,0,0.001,0.001,ok,,,,,,1.0,0.9945,false,-0.0055
where_,llama-ffn,FlagGems,127.7,202.8,,0.9922,ok,,false,true,0,0,0.001,0.001,ok,,,,,,1.0,0.9922,false,-0.0078
where_,llama-hidden,PyTorch-eager,91.6,124.9,,1.0000,ok,,false,true,0,0,0.001,0.001,ok,,,,,,1.0,1.0000,true,0.0000
where_,llama-hidden,Arke,94.3,104.4,,0.9714,ok,,false,true,0,0,0.001,0.001,ok,,,,,,1.0,0.9714,false,-0.0286
where_,llama-hidden,FlagGems,107.3,95.2,,0.8537,ok,,false,true,0,0,0.001,0.001,ok,,,,,,1.0,0.8537,false,-0.1463
where_,llama-long,PyTorch-eager,370.8,374.8,,1.0000,ok,,false,true,0,0,0.001,0.001,ok,,,,,,1.0,1.0000,true,0.0000
where_,llama-long,Arke,370.2,369.7,,1.0016,ok,,false,true,0,0,0.001,0.001,ok,,,,,,1.0,1.0016,true,0.0016
where_,llama-long,FlagGems,370.6,371.7,,1.0005,ok,,false,true,0,0,0.001,0.001,ok,,,,,,1.0,1.0005,true,0.0005
where_,ds-ffn,PyTorch-eager,142.2,207.9,,1.0000,ok,,false,true,0,0,0.001,0.001,ok,,,,,,1.0,1.0000,true,0.0000
where_,ds-ffn,Arke,142.3,221.2,,0.9993,ok,,false,true,0,0,0.001,0.001,ok,,,,,,1.0,0.9993,false,-0.0007
where_,ds-ffn,FlagGems,142.7,147.5,,0.9965,ok,,false,true,0,0,0.001,0.001,ok,,,,,,1.0,0.9965,false,-0.0035
where_,ds-ffn-large,PyTorch-eager,210.8,225.3,,1.0000,ok,,false,true,0,0,0.001,0.001,ok,,,,,,1.0,1.0000,true,0.0000
where_,ds-ffn-large,Arke,210.6,252.9,,1.0009,ok,,false,true,0,0,0.001,0.001,ok,,,,,,1.0,1.0009,true,0.0009
where_,ds-ffn-large,FlagGems,210.9,243.7,,0.9995,ok,,false,true,0,0,0.001,0.001,ok,,,,,,1.0,0.9995,false,-0.0005
where_,qwen-ffn,PyTorch-eager,216.9,221.2,,1.0000,ok,,false,true,0,0,0.001,0.001,ok,,,,,,1.0,1.0000,true,0.0000
where_,qwen-ffn,Arke,216.8,219.1,,1.0005,ok,,false,true,0,0,0.001,0.001,ok,,,,,,1.0,1.0005,true,0.0005
where_,qwen-ffn,FlagGems,216.1,222.2,,1.0037,ok,,false,true,0,0,0.001,0.001,ok,,,,,,1.0,1.0037,true,0.0037
where_,xlarge,PyTorch-eager,735.5,733.2,,1.0000,ok,,false,true,0,0,0.001,0.001,ok,,,,,,1.0,1.0000,true,0.0000
where_,xlarge,Arke,735.2,735.2,,1.0004,ok,,false,true,0,0,0.001,0.001,ok,,,,,,1.0,1.0004,true,0.0004
where_,xlarge,FlagGems,735.1,737.3,,1.0005,ok,,false,true,0,0,0.001,0.001,ok,,,,,,1.0,1.0005,true,0.0005
where_,non-align-1,PyTorch-eager,93.4,91.1,,1.0000,ok,,false,true,0,0,0.001,0.001,ok,,,,,,1.0,1.0000,true,0.0000
where_,non-align-1,Arke,97.3,115.7,,0.9599,ok,,false,true,0,0,0.001,0.001,ok,,,,,,1.0,0.9599,false,-0.0401
where_,non-align-1,FlagGems,92.7,111.6,,1.0076,ok,,false,true,0,0,0.001,0.001,ok,,,,,,1.0,1.0076,true,0.0076
where_,non-align-2,PyTorch-eager,101.8,147.4,,1.0000,ok,,false,true,0,0,0.001,0.001,ok,,,,,,1.0,1.0000,true,0.0000
where_,non-align-2,Arke,107.1,158.6,,0.9505,ok,,false,true,0,0,0.001,0.001,ok,,,,,,1.0,0.9505,false,-0.0495
where_,non-align-2,FlagGems,91.3,131.1,,1.1150,ok,,false,true,0,0,0.001,0.001,ok,,,,,,1.0,1.1150,true,0.1150
where_,non-align-3,PyTorch-eager,187.3,227.3,,1.0000,ok,,false,true,0,0,0.001,0.001,ok,,,,,,1.0,1.0000,true,0.0000
where_,non-align-3,Arke,187.0,273.2,,1.0016,ok,,false,true,0,0,0.001,0.001,ok,,,,,,1.0,1.0016,true,0.0016
where_,non-align-3,FlagGems,187.3,262.1,,1.0000,ok,,false,true,0,0,0.001,0.001,ok,,,,,,1.0,1.0000,true,0.0000
where_,non-align-4,PyTorch-eager,94.3,125.9,,1.0000,ok,,false,true,0,0,0.001,0.001,ok,,,,,,1.0,1.0000,true,0.0000
where_,non-align-4,Arke,96.4,134.9,,0.9782,ok,,false,true,0,0,0.001,0.001,ok,,,,,,1.0,0.9782,false,-0.0218
where_,non-align-4,FlagGems,98.0,169.0,,0.9622,ok,,false,true,0,0,0.001,0.001,ok,,,,,,1.0,0.9622,false,-0.0378
where_,non-align-5,PyTorch-eager,96.0,109.6,,1.0000,ok,,false,true,0,0,0.001,0.001,ok,,,,,,1.0,1.0000,true,0.0000
where_,non-align-5,Arke,96.6,119.8,,0.9938,ok,,false,true,0,0,0.001,0.001,ok,,,,,,1.0,0.9938,false,-0.0062
where_,non-align-5,FlagGems,95.5,116.7,,1.0052,ok,,false,true,0,0,0.001,0.001,ok,,,,,,1.0,1.0052,true,0.0052
where_,extreme-flat,PyTorch-eager,93.2,33.6,,1.0000,ok,,false,true,0,0,0.001,0.001,ok,,,,,,1.0,1.0000,true,0.0000
where_,extreme-flat,Arke,98.1,111.6,,0.9501,ok,,false,true,0,0,0.001,0.001,ok,,,,,,1.0,0.9501,false,-0.0499
where_,extreme-flat,FlagGems,106.0,78.8,,0.8792,ok,,false,true,0,0,0.001,0.001,ok,,,,,,1.0,0.8792,false,-0.1208
where_,extreme-tall,PyTorch-eager,99.8,114.6,,1.0000,ok,,false,true,0,0,0.001,0.001,ok,,,,,,1.0,1.0000,true,0.0000
where_,extreme-tall,Arke,98.5,34.6,,1.0132,ok,,false,true,0,0,0.001,0.001,ok,,,,,,1.0,1.0132,true,0.0132
where_,extreme-tall,FlagGems,94.6,29.7,,1.0550,ok,,false,true,0,0,0.001,0.001,ok,,,,,,1.0,1.0550,true,0.0550
where_,extreme-wide,PyTorch-eager,96.8,161.8,,1.0000,ok,,false,true,0,0,0.001,0.001,ok,,,,,,1.0,1.0000,true,0.0000
where_,extreme-wide,Arke,94.9,128.0,,1.0200,ok,,false,true,0,0,0.001,0.001,ok,,,,,,1.0,1.0200,true,0.0200
where_,extreme-wide,FlagGems,96.9,134.1,,0.9990,ok,,false,true,0,0,0.001,0.001,ok,,,,,,1.0,0.9990,false,-0.0010
